Timestamp,Last,Volume,Bid,Ask,Spread,BidPrice1,BidQty1,BidPrice2,BidQty2,BidPrice3,BidQty3,BidPrice4,BidQty4,BidPrice5,BidQty5,BidPrice6,BidQty6,BidPrice7,BidQty7,BidPrice8,BidQty8,BidPrice9,BidQty9,BidPrice10,BidQty10,AskPrice1,AskQty1,AskPrice2,AskQty2,AskPrice3,AskQty3,AskPrice4,AskQty4,AskPrice5,AskQty5,AskPrice6,AskQty6,AskPrice7,AskQty7,AskPrice8,AskQty8,AskPrice9,AskQty9,AskPrice10,AskQty10,Aggressor,CurBarBuyVol,CurBarSellVol,CurBarTotalVol,CurBarDelta,CurBarMaxSeen,CurBarMinSeen,CurBarRange,CurBarBodyPct,CurBarOpen,CurBarHigh,CurBarLow,CurBarClose,PrevBarBuyVol,PrevBarSellVol,PrevBarTotalVol,PrevBarDelta,PrevBarMaxSeen,PrevBarMinSeen,PrevBarRange,PrevBarBodyPct,PrevBar30sAggDelta,PrevBar30sTradeCount,PrevBarAbsorbRatio,IntraAbsorbRatio,CumDelta5Bars,CumDelta10Bars,HTFEmaValue,HTFEmaSlope,HTFEmaDir,H2_HourlyVolBaseline,H2_PrevBarVolMultiple,ATRValue
20260824 102721 133,4702.00,1,4702.00,4702.10,0.10,4702.00,1,4701.80,1,4701.60,1,4701.50,3,4701.40,3,4701.30,2,4701.20,2,4701.10,3,4701.00,2,4700.90,3,4702.10,2,4702.20,2,4702.30,3,4702.40,2,4702.50,2,4702.60,2,4702.70,2,4702.80,6,4702.90,3,4703.00,2,Sell,26,46,72,-20.00,5.00,-25.00,2.40,50.0,4700.80,4703.20,4700.80,4702.00,25,19,44,6.00,7.00,-5.00,1.60,68.7,0,30,0.1667,0.2500,-42.00,-56.00,4697.17,0.6904,UP,81.05,0.5429,1.8408
20260824 102721 133,4702.00,1,4702.00,4702.10,0.10,4702.00,1,4701.80,1,4701.60,1,4701.50,3,4701.40,3,4701.30,2,4701.20,2,4701.10,3,4701.00,2,4700.90,3,4702.10,2,4702.20,2,4702.30,3,4702.40,2,4702.50,2,4702.60,2,4702.70,2,4702.80,6,4702.90,3,4703.00,2,Sell,26,47,73,-21.00,5.00,-25.00,2.40,50.0,4700.80,4703.20,4700.80,4702.00,25,19,44,6.00,7.00,-5.00,1.60,68.7,0,30,0.1667,0.1905,-43.00,-57.00,4697.17,0.6904,UP,81.05,0.5429,1.8408
20260824 102721 255,4702.00,1,4702.00,4702.10,0.10,4702.00,1,4701.80,1,4701.60,1,4701.50,4,4701.40,1,4701.30,2,4701.20,2,4701.10,4,4701.00,2,4700.90,3,4702.10,1,4702.30,4,4702.40,3,4702.50,2,4702.60,2,4702.70,2,4702.80,5,4702.90,3,4703.00,2,4703.10,7,Sell,26,48,74,-22.00,5.00,-25.00,2.40,50.0,4700.80,4703.20,4700.80,4702.00,25,19,44,6.00,7.00,-5.00,1.60,68.7,0,30,0.1667,0.1364,-44.00,-58.00,4697.17,0.6904,UP,81.05,0.5429,1.8408
20260824 102721 276,4702.00,1,4702.00,4702.10,0.10,4702.00,1,4701.80,1,4701.60,1,4701.50,4,4701.40,1,4701.30,2,4701.20,2,4701.10,4,4701.00,2,4700.90,3,4702.10,1,4702.30,4,4702.40,3,4702.50,2,4702.60,2,4702.70,2,4702.80,5,4702.90,3,4703.00,2,4703.10,7,Sell,26,49,75,-23.00,5.00,-25.00,2.40,50.0,4700.80,4703.20,4700.80,4702.00,25,19,44,6.00,7.00,-5.00,1.60,68.7,0,30,0.1667,0.0870,-45.00,-59.00,4697.17,0.6904,UP,81.05,0.5429,1.8408
20260824 102721 379,4702.00,1,4702.00,4702.10,0.10,4702.00,1,4701.80,1,4701.70,1,4701.60,1,4701.50,4,4701.40,1,4701.30,2,4701.20,2,4701.10,3,4701.00,2,4702.10,1,4702.30,4,4702.40,3,4702.50,2,4702.60,2,4702.70,2,4702.80,6,4702.90,3,4703.00,2,4703.10,7,Sell,26,50,76,-24.00,5.00,-25.00,2.40,50.0,4700.80,4703.20,4700.80,4702.00,25,19,44,6.00,7.00,-5.00,1.60,68.7,0,30,0.1667,0.0417,-46.00,-60.00,4697.17,0.6904,UP,81.05,0.5429,1.8408
20260824 102721 502,4702.00,1,4701.60,4701.90,0.30,4701.60,1,4701.50,3,4701.40,1,4701.30,2,4701.20,2,4701.10,3,4701.00,3,4700.90,3,4700.80,3,4700.70,4,4701.90,2,4702.00,2,4702.10,3,4702.20,4,4702.30,5,4702.40,5,4702.50,4,4702.60,2,4702.70,3,4702.80,6,Sell,26,51,77,-25.00,5.00,-25.00,2.40,50.0,4700.80,4703.20,4700.80,4702.00,25,19,44,6.00,7.00,-5.00,1.60,68.7,0,30,0.1667,0.0000,-47.00,-61.00,4697.17,0.6904,UP,81.05,0.5429,1.8408
20260824 102721 502,4702.00,1,4701.60,4701.90,0.30,4701.60,1,4701.50,3,4701.40,1,4701.30,2,4701.20,2,4701.10,3,4701.00,3,4700.90,3,4700.80,3,4700.70,4,4701.90,2,4702.00,2,4702.10,3,4702.20,4,4702.30,5,4702.40,5,4702.50,4,4702.60,2,4702.70,3,4702.80,6,Sell,26,52,78,-26.00,5.00,-26.00,2.40,50.0,4700.80,4703.20,4700.80,4702.00,25,19,44,6.00,7.00,-5.00,1.60,68.7,0,30,0.1667,0.0000,-48.00,-62.00,4697.17,0.6904,UP,81.05,0.5429,1.8408
20260824 102721 503,4702.00,1,4701.60,4701.90,0.30,4701.60,1,4701.50,3,4701.40,1,4701.30,2,4701.20,2,4701.10,3,4701.00,3,4700.90,3,4700.80,3,4700.70,4,4701.90,2,4702.00,2,4702.10,3,4702.20,4,4702.30,5,4702.40,5,4702.50,4,4702.60,2,4702.70,3,4702.80,6,Sell,26,53,79,-27.00,5.00,-27.00,2.40,50.0,4700.80,4703.20,4700.80,4702.00,25,19,44,6.00,7.00,-5.00,1.60,68.7,0,30,0.1667,0.0000,-49.00,-63.00,4697.17,0.6904,UP,81.05,0.5429,1.8408
20260824 102721 507,4701.90,1,4701.60,4701.90,0.30,4701.60,1,4701.50,3,4701.40,1,4701.30,2,4701.20,2,4701.10,3,4701.00,3,4700.90,3,4700.80,3,4700.70,4,4701.90,2,4702.00,2,4702.10,3,4702.20,4,4702.30,5,4702.40,5,4702.50,4,4702.60,2,4702.70,3,4702.80,6,Buy,27,53,80,-26.00,5.00,-27.00,2.40,45.8,4700.80,4703.20,4700.80,4701.90,25,19,44,6.00,7.00,-5.00,1.60,68.7,0,30,0.1667,0.0385,-48.00,-62.00,4697.16,0.6872,UP,81.05,0.5429,1.8408
20260824 102721 848,4701.90,1,4702.00,4702.20,0.20,4702.00,3,4701.80,1,4701.70,6,4701.60,3,4701.50,5,4701.40,1,4701.30,2,4701.20,2,4701.10,3,4701.00,3,4702.20,1,4702.30,2,4702.40,2,4702.50,3,4702.60,4,4702.70,4,4702.80,5,4702.90,3,4703.00,2,4703.10,7,Buy,28,53,81,-25.00,5.00,-27.00,2.40,45.8,4700.80,4703.20,4700.80,4701.90,25,19,44,6.00,7.00,-5.00,1.60,68.7,0,30,0.1667,0.0800,-47.00,-61.00,4697.16,0.6872,UP,81.05,0.5429,1.8408
20260824 102721 848,4701.90,1,4702.00,4702.20,0.20,4702.00,3,4701.80,1,4701.70,6,4701.60,3,4701.50,5,4701.40,1,4701.30,2,4701.20,2,4701.10,3,4701.00,3,4702.20,1,4702.30,2,4702.40,2,4702.50,3,4702.60,4,4702.70,4,4702.80,5,4702.90,3,4703.00,2,4703.10,7,Buy,29,53,82,-24.00,5.00,-27.00,2.40,45.8,4700.80,4703.20,4700.80,4701.90,25,19,44,6.00,7.00,-5.00,1.60,68.7,0,30,0.1667,0.1250,-46.00,-60.00,4697.16,0.6872,UP,81.05,0.5429,1.8408
20260824 102721 848,4702.00,1,4702.00,4702.20,0.20,4702.00,3,4701.80,1,4701.70,6,4701.60,3,4701.50,5,4701.40,1,4701.30,2,4701.20,2,4701.10,3,4701.00,3,4702.20,1,4702.30,2,4702.40,2,4702.50,3,4702.60,4,4702.70,4,4702.80,5,4702.90,3,4703.00,2,4703.10,7,Buy,30,53,83,-23.00,5.00,-27.00,2.40,50.0,4700.80,4703.20,4700.80,4702.00,25,19,44,6.00,7.00,-5.00,1.60,68.7,0,30,0.1667,0.1739,-45.00,-59.00,4697.17,0.6904,UP,81.05,0.5429,1.8408
20260824 102721 848,4702.00,1,4702.00,4702.20,0.20,4702.00,3,4701.80,1,4701.70,6,4701.60,3,4701.50,5,4701.40,1,4701.30,2,4701.20,2,4701.10,3,4701.00,3,4702.20,1,4702.30,2,4702.40,2,4702.50,3,4702.60,4,4702.70,4,4702.80,5,4702.90,3,4703.00,2,4703.10,7,Buy,31,53,84,-22.00,5.00,-27.00,2.40,50.0,4700.80,4703.20,4700.80,4702.00,25,19,44,6.00,7.00,-5.00,1.60,68.7,0,30,0.1667,0.2273,-44.00,-58.00,4697.17,0.6904,UP,81.05,0.5429,1.8408
20260824 102722 080,4702.00,1,4701.80,4702.10,0.30,4701.80,1,4701.70,1,4701.60,2,4701.50,3,4701.40,1,4701.30,2,4701.20,3,4701.10,3,4701.00,2,4700.90,3,4702.10,2,4702.20,3,4702.30,3,4702.40,3,4702.50,5,4702.60,3,4702.70,4,4702.80,6,4702.90,3,4703.00,2,Sell,31,54,85,-23.00,5.00,-27.00,2.40,50.0,4700.80,4703.20,4700.80,4702.00,25,19,44,6.00,7.00,-5.00,1.60,68.7,0,30,0.1667,0.1739,-45.00,-59.00,4697.17,0.6904,UP,81.05,0.5429,1.8408
20260824 102722 080,4702.00,2,4701.80,4702.10,0.30,4701.80,1,4701.70,1,4701.60,2,4701.50,3,4701.40,1,4701.30,2,4701.20,3,4701.10,3,4701.00,2,4700.90,3,4702.10,2,4702.20,3,4702.30,3,4702.40,3,4702.50,5,4702.60,3,4702.70,4,4702.80,6,4702.90,3,4703.00,2,Sell,31,56,87,-25.00,5.00,-27.00,2.40,50.0,4700.80,4703.20,4700.80,4702.00,25,19,44,6.00,7.00,-5.00,1.60,68.7,0,30,0.1667,0.0800,-47.00,-61.00,4697.17,0.6904,UP,81.05,0.5429,1.8408
20260824 102722 218,4701.80,1,4701.70,4701.80,0.10,4701.70,1,4701.60,1,4701.50,3,4701.40,2,4701.30,2,4701.20,3,4701.10,3,4701.00,2,4700.90,3,4700.80,4,4702.10,3,4702.20,4,4702.30,4,4702.40,4,4702.50,4,4702.60,3,4702.70,4,4702.80,5,4702.90,3,4703.00,2,Buy,32,56,88,-24.00,5.00,-27.00,2.40,41.7,4700.80,4703.20,4700.80,4701.80,25,19,44,6.00,7.00,-5.00,1.60,68.7,0,30,0.1667,0.1250,-46.00,-60.00,4697.15,0.6840,UP,81.05,0.5429,1.8408
20260824 102724 963,4701.60,1,4701.40,4701.70,0.30,4701.40,2,4701.30,6,4701.20,2,4701.10,3,4701.00,2,4700.90,3,4700.80,3,4700.70,4,4700.60,3,4700.50,5,4701.70,1,4701.80,2,4701.90,5,4702.00,4,4702.10,4,4702.20,4,4702.30,5,4702.40,5,4702.50,4,4702.60,3,Sell,32,57,89,-25.00,5.00,-27.00,2.40,33.3,4700.80,4703.20,4700.80,4701.60,25,19,44,6.00,7.00,-5.00,1.60,68.7,0,30,0.1667,0.0800,-47.00,-61.00,4697.13,0.6777,UP,81.05,0.5429,1.8408
20260824 102725 138,4701.40,1,4701.40,4701.70,0.30,4701.40,1,4701.30,3,4701.20,3,4701.10,2,4701.00,2,4700.90,3,4700.80,3,4700.70,4,4700.60,3,4700.50,5,4701.70,1,4701.80,3,4701.90,3,4702.00,3,4702.10,3,4702.20,5,4702.30,4,4702.40,5,4702.50,5,4702.60,3,Sell,32,58,90,-26.00,5.00,-27.00,2.40,25.0,4700.80,4703.20,4700.80,4701.40,25,19,44,6.00,7.00,-5.00,1.60,68.7,0,30,0.1667,0.0385,-48.00,-62.00,4697.11,0.6713,UP,81.05,0.5429,1.8408
20260824 102725 140,4701.50,1,4701.40,4701.70,0.30,4701.40,1,4701.30,3,4701.20,3,4701.10,2,4701.00,2,4700.90,3,4700.80,3,4700.70,4,4700.60,3,4700.50,5,4701.70,1,4701.80,3,4701.90,3,4702.00,3,4702.10,3,4702.20,5,4702.30,4,4702.40,5,4702.50,5,4702.60,3,Buy,33,58,91,-25.00,5.00,-27.00,2.40,29.2,4700.80,4703.20,4700.80,4701.50,25,19,44,6.00,7.00,-5.00,1.60,68.7,0,30,0.1667,0.0800,-47.00,-61.00,4697.12,0.6745,UP,81.05,0.5429,1.8408
20260824 102725 267,4701.40,1,4701.30,4701.60,0.30,4701.30,3,4701.20,3,4701.10,2,4701.00,2,4700.90,3,4700.80,3,4700.70,4,4700.60,3,4700.50,5,4700.40,4,4701.60,1,4701.70,1,4701.80,3,4701.90,3,4702.00,3,4702.10,3,4702.20,5,4702.30,4,4702.40,5,4702.50,5,Sell,33,59,92,-26.00,5.00,-27.00,2.40,25.0,4700.80,4703.20,4700.80,4701.40,25,19,44,6.00,7.00,-5.00,1.60,68.7,0,30,0.1667,0.0385,-48.00,-62.00,4697.11,0.6713,UP,81.05,0.5429,1.8408
20260824 102725 870,4701.60,1,4701.10,4701.50,0.40,4701.10,1,4701.00,3,4700.90,1,4700.80,3,4700.70,5,4700.60,3,4700.50,4,4700.40,3,4700.30,2,4700.20,3,4701.50,3,4701.60,3,4701.70,1,4701.80,3,4701.90,2,4702.00,3,4702.10,3,4702.20,4,4702.30,4,4702.40,5,Buy,34,59,93,-25.00,5.00,-27.00,2.40,33.3,4700.80,4703.20,4700.80,4701.60,25,19,44,6.00,7.00,-5.00,1.60,68.7,0,30,0.1667,0.0800,-47.00,-61.00,4697.13,0.6777,UP,81.05,0.5429,1.8408
20260824 102726 070,4701.10,1,4701.10,4701.40,0.30,4701.10,1,4701.00,2,4700.90,3,4700.80,2,4700.70,4,4700.60,3,4700.50,5,4700.40,3,4700.30,2,4700.20,3,4701.40,1,4701.50,3,4701.60,2,4701.70,1,4701.80,3,4701.90,3,4702.00,2,4702.10,3,4702.20,4,4702.30,4,Sell,34,60,94,-26.00,5.00,-27.00,2.40,12.5,4700.80,4703.20,4700.80,4701.10,25,19,44,6.00,7.00,-5.00,1.60,68.7,0,30,0.1667,0.0385,-48.00,-62.00,4697.08,0.6618,UP,81.05,0.5429,1.8408
20260824 102726 178,4701.10,1,4701.10,4701.40,0.30,4701.10,1,4701.00,2,4700.90,3,4700.80,2,4700.70,4,4700.60,4,4700.50,4,4700.40,3,4700.30,2,4700.20,3,4701.40,1,4701.50,3,4701.60,2,4701.70,1,4701.80,3,4701.90,3,4702.00,2,4702.10,3,4702.20,4,4702.30,4,Sell,34,61,95,-27.00,5.00,-27.00,2.40,12.5,4700.80,4703.20,4700.80,4701.10,25,19,44,6.00,7.00,-5.00,1.60,68.7,0,30,0.1667,0.0000,-49.00,-63.00,4697.08,0.6618,UP,81.05,0.5429,1.8408
20260824 102727 512,4701.00,1,4700.90,4701.20,0.30,4700.90,1,4700.80,1,4700.70,5,4700.60,3,4700.50,5,4700.40,3,4700.30,2,4700.20,3,4700.10,3,4700.00,5,4701.20,1,4701.30,3,4701.40,1,4701.50,3,4701.60,2,4701.70,1,4701.80,4,4701.90,3,4702.00,3,4702.10,4,Sell,34,62,96,-28.00,5.00,-28.00,2.40,8.3,4700.80,4703.20,4700.80,4701.00,25,19,44,6.00,7.00,-5.00,1.60,68.7,0,30,0.1667,0.0000,-50.00,-64.00,4697.07,0.6587,UP,81.05,0.5429,1.8408
20260824 102727 743,4701.00,1,4701.00,4701.30,0.30,4701.00,2,4700.90,3,4700.80,5,4700.70,3,4700.60,3,4700.50,5,4700.40,3,4700.30,2,4700.20,3,4700.10,3,4701.30,1,4701.50,4,4701.60,3,4701.70,2,4701.80,4,4701.90,3,4702.00,2,4702.10,4,4702.20,4,4702.30,5,Sell,34,63,97,-29.00,5.00,-29.00,2.40,8.3,4700.80,4703.20,4700.80,4701.00,25,19,44,6.00,7.00,-5.00,1.60,68.7,0,30,0.1667,0.0000,-51.00,-65.00,4697.07,0.6587,UP,81.05,0.5429,1.8408
20260824 102728 970,4701.30,1,4701.10,4701.30,0.20,4701.10,2,4701.00,2,4700.90,3,4700.80,5,4700.70,3,4700.60,3,4700.50,5,4700.40,3,4700.30,2,4700.20,3,4701.30,1,4701.50,4,4701.60,3,4701.70,2,4701.80,4,4701.90,3,4702.00,2,4702.10,4,4702.20,4,4702.30,4,Buy,35,63,98,-28.00,5.00,-29.00,2.40,20.8,4700.80,4703.20,4700.80,4701.30,25,19,44,6.00,7.00,-5.00,1.60,68.7,0,30,0.1667,0.0357,-50.00,-64.00,4697.10,0.6682,UP,81.05,0.5429,1.8408
20260824 102729 312,4701.20,1,4701.20,4701.50,0.30,4701.10,4,4701.00,1,4700.90,4,4700.80,5,4700.70,4,4700.60,4,4700.50,5,4700.40,3,4700.30,2,4700.20,3,4701.50,1,4701.60,2,4701.80,5,4701.90,2,4702.00,3,4702.10,3,4702.20,4,4702.30,4,4702.40,5,4702.50,5,Sell,35,64,99,-29.00,5.00,-29.00,2.40,16.7,4700.80,4703.20,4700.80,4701.20,25,19,44,6.00,7.00,-5.00,1.60,68.7,0,30,0.1667,0.0000,-51.00,-65.00,4697.09,0.6650,UP,81.05,0.5429,1.8408
20260824 102730 112,4701.50,1,4701.50,4701.90,0.40,4701.50,3,4701.40,1,4701.30,3,4701.20,2,4701.10,5,4701.00,3,4700.90,4,4700.80,5,4700.70,4,4700.60,4,4701.90,2,4702.00,3,4702.10,2,4702.20,5,4702.30,5,4702.40,5,4702.50,4,4702.60,3,4702.70,4,4702.80,4,Buy,36,64,100,-28.00,5.00,-29.00,2.40,29.2,4700.80,4703.20,4700.80,4701.50,25,19,44,6.00,7.00,-5.00,1.60,68.7,0,30,0.1667,0.0357,-50.00,-64.00,4697.12,0.6745,UP,81.05,0.5429,1.8408
20260824 102730 113,4701.50,1,4701.50,4701.90,0.40,4701.50,3,4701.40,1,4701.30,3,4701.20,2,4701.10,5,4701.00,3,4700.90,4,4700.80,5,4700.70,4,4700.60,4,4701.90,2,4702.00,3,4702.10,2,4702.20,5,4702.30,5,4702.40,5,4702.50,4,4702.60,3,4702.70,4,4702.80,4,Buy,37,64,101,-27.00,5.00,-29.00,2.40,29.2,4700.80,4703.20,4700.80,4701.50,25,19,44,6.00,7.00,-5.00,1.60,68.7,0,30,0.1667,0.0741,-49.00,-63.00,4697.12,0.6745,UP,81.05,0.5429,1.8408
20260824 102730 132,4701.60,1,4701.50,4701.90,0.40,4701.50,3,4701.40,1,4701.30,3,4701.20,2,4701.10,5,4701.00,3,4700.90,4,4700.80,5,4700.70,4,4700.60,4,4701.90,2,4702.00,3,4702.10,2,4702.20,5,4702.30,5,4702.40,5,4702.50,4,4702.60,3,4702.70,4,4702.80,4,Buy,38,64,102,-26.00,5.00,-29.00,2.40,33.3,4700.80,4703.20,4700.80,4701.60,25,19,44,6.00,7.00,-5.00,1.60,68.7,0,30,0.1667,0.1154,-48.00,-62.00,4697.13,0.6777,UP,81.05,0.5429,1.8408
20260824 102731 243,4701.90,1,4701.70,4702.00,0.30,4701.70,1,4701.60,2,4701.50,3,4701.40,1,4701.30,2,4701.20,2,4701.10,7,4701.00,2,4700.90,4,4700.80,6,4702.00,2,4702.10,2,4702.20,4,4702.30,2,4702.40,5,4702.50,4,4702.60,3,4702.70,4,4702.80,4,4702.90,3,Sell,38,65,103,-27.00,5.00,-29.00,2.40,45.8,4700.80,4703.20,4700.80,4701.90,25,19,44,6.00,7.00,-5.00,1.60,68.7,0,30,0.1667,0.0741,-49.00,-63.00,4697.16,0.6872,UP,81.05,0.5429,1.8408
20260824 102732 768,4701.70,1,4701.70,4702.00,0.30,4701.70,1,4701.60,4,4701.50,2,4701.40,1,4701.30,2,4701.20,3,4701.10,5,4701.00,2,4700.90,4,4700.80,6,4702.00,1,4702.10,2,4702.20,3,4702.30,2,4702.40,5,4702.50,4,4702.60,3,4702.70,4,4702.80,4,4702.90,4,Sell,38,66,104,-28.00,5.00,-29.00,2.40,37.5,4700.80,4703.20,4700.80,4701.70,25,19,44,6.00,7.00,-5.00,1.60,68.7,0,30,0.1667,0.0357,-50.00,-64.00,4697.14,0.6809,UP,81.05,0.5429,1.8408
20260824 102735 744,4702.00,1,4701.70,4702.00,0.30,4701.70,1,4701.60,1,4701.50,3,4701.40,1,4701.30,2,4701.20,2,4701.10,5,4701.00,2,4700.90,5,4700.80,6,4702.00,1,4702.10,4,4702.20,2,4702.30,3,4702.40,5,4702.50,4,4702.60,3,4702.70,4,4702.80,4,4702.90,3,Buy,39,66,105,-27.00,5.00,-29.00,2.40,50.0,4700.80,4703.20,4700.80,4702.00,25,19,44,6.00,7.00,-5.00,1.60,68.7,0,30,0.1667,0.0741,-49.00,-63.00,4697.17,0.6904,UP,81.05,0.5429,1.8408
20260824 102741 269,4701.80,1,4701.40,4701.80,0.40,4701.40,2,4701.30,3,4701.20,1,4701.10,5,4701.00,2,4700.90,4,4700.80,5,4700.70,4,4700.60,4,4700.50,4,4701.80,2,4701.90,2,4702.00,3,4702.10,3,4702.20,4,4702.30,4,4702.40,4,4702.50,4,4702.60,4,4702.70,5,Sell,39,67,106,-28.00,5.00,-29.00,2.40,41.7,4700.80,4703.20,4700.80,4701.80,25,19,44,6.00,7.00,-5.00,1.60,68.7,0,30,0.1667,0.0357,-50.00,-64.00,4697.15,0.6840,UP,81.05,0.5429,1.8408
20260824 102741 272,4701.70,1,4701.40,4701.80,0.40,4701.40,2,4701.30,3,4701.20,1,4701.10,5,4701.00,2,4700.90,4,4700.80,5,4700.70,4,4700.60,4,4700.50,4,4701.80,2,4701.90,2,4702.00,3,4702.10,3,4702.20,4,4702.30,4,4702.40,4,4702.50,4,4702.60,4,4702.70,5,Sell,39,68,107,-29.00,5.00,-29.00,2.40,37.5,4700.80,4703.20,4700.80,4701.70,25,19,44,6.00,7.00,-5.00,1.60,68.7,0,30,0.1667,0.0000,-51.00,-65.00,4697.14,0.6809,UP,81.05,0.5429,1.8408
20260824 102741 406,4701.40,1,4701.10,4701.40,0.30,4701.10,3,4701.00,1,4700.90,2,4700.80,5,4700.70,4,4700.60,4,4700.50,4,4700.40,4,4700.30,2,4700.20,2,4701.40,1,4701.50,1,4701.60,1,4701.70,3,4701.80,4,4701.90,3,4702.00,3,4702.10,4,4702.20,4,4702.30,4,Sell,39,69,108,-30.00,5.00,-30.00,2.40,25.0,4700.80,4703.20,4700.80,4701.40,25,19,44,6.00,7.00,-5.00,1.60,68.7,0,30,0.1667,0.0000,-52.00,-66.00,4697.11,0.6713,UP,81.05,0.5429,1.8408
20260824 102741 596,4701.10,1,4700.90,4701.30,0.40,4700.90,2,4700.80,3,4700.70,4,4700.60,2,4700.50,5,4700.40,3,4700.30,2,4700.20,2,4700.10,3,4700.00,5,4701.30,1,4701.40,1,4701.50,2,4701.60,1,4701.70,5,4701.80,4,4701.90,3,4702.00,3,4702.10,5,4702.20,5,Sell,39,70,109,-31.00,5.00,-31.00,2.40,12.5,4700.80,4703.20,4700.80,4701.10,25,19,44,6.00,7.00,-5.00,1.60,68.7,0,30,0.1667,0.0000,-53.00,-67.00,4697.08,0.6618,UP,81.05,0.5429,1.8408
20260824 102741 597,4701.10,1,4700.90,4701.30,0.40,4700.90,2,4700.80,3,4700.70,4,4700.60,2,4700.50,5,4700.40,3,4700.30,2,4700.20,2,4700.10,3,4700.00,5,4701.30,1,4701.40,1,4701.50,2,4701.60,1,4701.70,5,4701.80,4,4701.90,3,4702.00,3,4702.10,5,4702.20,5,Sell,39,71,110,-32.00,5.00,-32.00,2.40,12.5,4700.80,4703.20,4700.80,4701.10,25,19,44,6.00,7.00,-5.00,1.60,68.7,0,30,0.1667,0.0000,-54.00,-68.00,4697.08,0.6618,UP,81.05,0.5429,1.8408
20260824 102741 707,4701.00,1,4701.00,4701.30,0.30,4701.00,1,4700.90,2,4700.80,3,4700.70,4,4700.60,2,4700.50,5,4700.40,3,4700.30,2,4700.20,2,4700.10,3,4701.30,1,4701.40,1,4701.50,2,4701.60,1,4701.70,4,4701.80,5,4701.90,3,4702.00,3,4702.10,5,4702.20,4,Sell,39,72,111,-33.00,5.00,-33.00,2.40,8.3,4700.80,4703.20,4700.80,4701.00,25,19,44,6.00,7.00,-5.00,1.60,68.7,0,30,0.1667,0.0000,-55.00,-69.00,4697.07,0.6587,UP,81.05,0.5429,1.8408
20260824 102741 806,4701.00,1,4700.90,4701.20,0.30,4700.90,2,4700.80,3,4700.70,4,4700.60,2,4700.50,4,4700.40,4,4700.30,2,4700.20,2,4700.10,3,4700.00,5,4701.20,1,4701.30,2,4701.40,1,4701.50,3,4701.60,1,4701.70,3,4701.80,5,4701.90,3,4702.00,3,4702.10,5,Sell,39,73,112,-34.00,5.00,-34.00,2.40,8.3,4700.80,4703.20,4700.80,4701.00,25,19,44,6.00,7.00,-5.00,1.60,68.7,0,30,0.1667,0.0000,-56.00,-70.00,4697.07,0.6587,UP,81.05,0.5429,1.8408
20260824 102742 554,4700.90,1,4700.90,4701.30,0.40,4700.90,1,4700.80,3,4700.70,4,4700.60,2,4700.50,4,4700.40,4,4700.30,2,4700.20,2,4700.10,3,4700.00,5,4701.30,2,4701.40,1,4701.50,3,4701.60,1,4701.70,3,4701.80,5,4701.90,3,4702.00,3,4702.10,5,4702.20,5,Sell,39,74,113,-35.00,5.00,-35.00,2.40,4.2,4700.80,4703.20,4700.80,4700.90,25,19,44,6.00,7.00,-5.00,1.60,68.7,0,30,0.1667,0.0000,-57.00,-71.00,4697.06,0.6555,UP,81.05,0.5429,1.8408
20260824 102743 108,4700.80,1,4700.60,4701.10,0.50,4700.60,2,4700.50,4,4700.40,1,4700.30,2,4700.20,2,4700.10,3,4700.00,4,4699.90,4,4699.80,3,4699.70,4,4701.10,2,4701.20,1,4701.30,3,4701.40,2,4701.50,3,4701.60,2,4701.70,3,4701.80,5,4701.90,3,4702.00,3,Buy,40,74,114,-34.00,5.00,-35.00,2.40,0.0,4700.80,4703.20,4700.80,4700.80,25,19,44,6.00,7.00,-5.00,1.60,68.7,0,30,0.1667,0.0294,-56.00,-70.00,4697.06,0.6523,UP,81.05,0.5429,1.8408
20260824 102744 509,4700.80,1,4700.60,4701.00,0.40,4700.60,1,4700.50,2,4700.40,2,4700.30,3,4700.20,2,4700.10,3,4700.00,4,4699.90,4,4699.80,3,4699.70,4,4701.00,2,4701.10,3,4701.20,1,4701.30,2,4701.40,2,4701.50,4,4701.60,2,4701.70,3,4701.80,4,4701.90,4,Sell,40,75,115,-35.00,5.00,-35.00,2.40,0.0,4700.80,4703.20,4700.80,4700.80,25,19,44,6.00,7.00,-5.00,1.60,68.7,0,30,0.1667,0.0000,-57.00,-71.00,4697.06,0.6523,UP,81.05,0.5429,1.8408
20260824 102745 398,4700.60,1,4700.70,4701.10,0.40,4700.70,2,4700.60,3,4700.50,2,4700.40,4,4700.30,2,4700.20,2,4700.10,3,4700.00,4,4699.90,4,4699.80,3,4701.10,3,4701.20,5,4701.30,1,4701.40,2,4701.50,3,4701.60,3,4701.70,3,4701.80,4,4701.90,4,4702.00,3,Sell,40,76,116,-36.00,5.00,-36.00,2.60,7.7,4700.80,4703.20,4700.60,4700.60,25,19,44,6.00,7.00,-5.00,1.60,68.7,0,30,0.1667,0.0000,-58.00,-72.00,4697.04,0.6460,UP,81.05,0.5429,1.8408
20260824 102745 410,4701.00,1,4700.70,4701.10,0.40,4700.70,2,4700.60,3,4700.50,2,4700.40,4,4700.30,2,4700.20,2,4700.10,3,4700.00,4,4699.90,4,4699.80,3,4701.10,3,4701.20,5,4701.30,1,4701.40,2,4701.50,3,4701.60,3,4701.70,3,4701.80,4,4701.90,4,4702.00,3,Buy,41,76,117,-35.00,5.00,-36.00,2.60,7.7,4700.80,4703.20,4700.60,4701.00,25,19,44,6.00,7.00,-5.00,1.60,68.7,0,30,0.1667,0.0286,-57.00,-71.00,4697.07,0.6587,UP,81.05,0.5429,1.8408
20260824 102745 608,4700.70,1,4700.70,4701.10,0.40,4700.70,1,4700.60,3,4700.50,2,4700.40,4,4700.30,2,4700.20,2,4700.10,3,4700.00,4,4699.90,4,4699.80,3,4701.00,1,4701.10,5,4701.20,5,4701.30,1,4701.40,2,4701.50,3,4701.60,3,4701.70,3,4701.80,4,4701.90,4,Sell,41,77,118,-36.00,5.00,-36.00,2.60,3.8,4700.80,4703.20,4700.60,4700.70,25,19,44,6.00,7.00,-5.00,1.60,68.7,0,30,0.1667,0.0000,-58.00,-72.00,4697.05,0.6491,UP,81.05,0.5429,1.8408
20260824 102746 910,4700.50,1,4700.40,4700.80,0.40,4700.40,2,4700.30,3,4700.20,1,4700.10,2,4700.00,5,4699.90,4,4699.80,3,4699.70,3,4699.60,4,4699.50,3,4700.80,2,4700.90,1,4701.00,5,4701.10,6,4701.20,5,4701.30,4,4701.40,3,4701.50,3,4701.60,3,4701.70,3,Sell,41,78,119,-37.00,5.00,-37.00,2.70,11.1,4700.80,4703.20,4700.50,4700.50,25,19,44,6.00,7.00,-5.00,1.60,68.7,0,30,0.1667,0.0000,-59.00,-73.00,4697.03,0.6428,UP,81.05,0.5429,1.8408
20260824 102750 259,4700.40,1,4700.40,4700.70,0.30,4700.40,1,4700.30,1,4700.20,1,4700.10,1,4700.00,2,4699.90,5,4699.80,3,4699.70,2,4699.60,3,4699.50,3,4700.70,4,4700.80,4,4700.90,1,4701.00,4,4701.10,7,4701.20,5,4701.30,4,4701.40,3,4701.50,3,4701.60,3,Sell,41,79,120,-38.00,5.00,-38.00,2.80,14.3,4700.80,4703.20,4700.40,4700.40,25,19,44,6.00,7.00,-5.00,1.60,68.7,0,30,0.1667,0.0000,-60.00,-74.00,4697.02,0.6396,UP,81.05,0.5429,1.8408
20260824 102750 297,4700.40,1,4700.10,4700.50,0.40,4700.10,4,4700.00,3,4699.90,3,4699.80,3,4699.70,3,4699.60,3,4699.50,3,4699.40,3,4699.30,5,4699.20,6,4700.50,1,4700.60,1,4700.70,5,4700.80,5,4700.90,2,4701.00,5,4701.10,6,4701.20,6,4701.30,4,4701.40,4,Buy,42,79,121,-37.00,5.00,-38.00,2.80,14.3,4700.80,4703.20,4700.40,4700.40,25,19,44,6.00,7.00,-5.00,1.60,68.7,0,30,0.1667,0.0270,-59.00,-73.00,4697.02,0.6396,UP,81.05,0.5429,1.8408
20260824 102751 905,4700.10,1,4700.00,4700.30,0.30,4700.00,1,4699.90,2,4699.80,2,4699.70,1,4699.60,4,4699.50,4,4699.40,3,4699.30,4,4699.20,5,4699.10,3,4700.30,1,4700.40,3,4700.50,1,4700.60,2,4700.70,6,4700.80,6,4700.90,4,4701.00,4,4701.10,4,4701.20,6,Sell,42,80,122,-38.00,5.00,-38.00,3.10,22.6,4700.80,4703.20,4700.10,4700.10,25,19,44,6.00,7.00,-5.00,1.60,68.7,0,30,0.1667,0.0000,-60.00,-74.00,4696.99,0.6301,UP,81.05,0.5429,1.8622
20260824 102752 868,4699.90,1,4699.80,4700.20,0.40,4699.80,2,4699.70,2,4699.60,3,4699.50,3,4699.40,3,4699.30,5,4699.20,5,4699.10,3,4699.00,3,4698.90,4,4700.20,1,4700.30,2,4700.40,4,4700.50,2,4700.60,2,4700.70,6,4700.80,6,4700.90,4,4701.00,5,4701.10,4,Sell,42,81,123,-39.00,5.00,-39.00,3.30,27.3,4700.80,4703.20,4699.90,4699.90,25,19,44,6.00,7.00,-5.00,1.60,68.7,0,30,0.1667,0.0000,-61.00,-75.00,4696.97,0.6237,UP,81.05,0.5429,1.8765
20260824 102753 211,4699.80,1,4699.80,4700.10,0.30,4699.70,1,4699.60,2,4699.50,2,4699.40,1,4699.30,4,4699.20,6,4699.10,3,4699.00,2,4698.90,4,4698.80,4,4700.00,2,4700.10,2,4700.20,1,4700.30,3,4700.40,5,4700.50,3,4700.60,2,4700.70,6,4700.80,5,4700.90,5,Sell,42,82,124,-40.00,5.00,-40.00,3.40,29.4,4700.80,4703.20,4699.80,4699.80,25,19,44,6.00,7.00,-5.00,1.60,68.7,0,30,0.1667,0.0000,-62.00,-76.00,4696.96,0.6206,UP,81.05,0.5429,1.8837
20260824 102753 342,4699.70,1,4699.50,4699.90,0.40,4699.50,1,4699.40,1,4699.30,5,4699.20,5,4699.10,3,4699.00,3,4698.90,4,4698.80,4,4698.70,4,4698.60,4,4699.90,2,4700.00,4,4700.10,1,4700.20,2,4700.30,3,4700.40,4,4700.50,3,4700.60,2,4700.70,6,4700.80,7,Sell,42,83,125,-41.00,5.00,-41.00,3.50,31.4,4700.80,4703.20,4699.70,4699.70,25,19,44,6.00,7.00,-5.00,1.60,68.7,0,30,0.1667,0.0000,-63.00,-77.00,4696.95,0.6174,UP,81.05,0.5429,1.8908
20260824 102754 879,4699.60,1,4699.70,4700.00,0.30,4699.70,1,4699.60,2,4699.50,1,4699.40,4,4699.30,4,4699.20,6,4699.10,3,4699.00,2,4698.90,4,4698.80,4,4700.00,2,4700.10,1,4700.20,3,4700.30,2,4700.40,4,4700.50,4,4700.60,2,4700.70,6,4700.80,6,4700.90,4,Sell,42,84,126,-42.00,5.00,-42.00,3.60,33.3,4700.80,4703.20,4699.60,4699.60,25,19,44,6.00,7.00,-5.00,1.60,68.7,0,30,0.1667,0.0000,-64.00,-78.00,4696.94,0.6142,UP,81.05,0.5429,1.8979
20260824 102759 751,4700.00,2,4699.90,4700.20,0.30,4699.90,1,4699.80,3,4699.70,2,4699.60,1,4699.50,2,4699.40,5,4699.30,4,4699.20,5,4699.10,3,4699.00,2,4700.20,1,4700.30,2,4700.40,1,4700.50,4,4700.60,3,4700.70,6,4700.80,5,4700.90,4,4701.00,2,4701.10,4,Buy,44,84,128,-40.00,5.00,-42.00,3.60,22.2,4700.80,4703.20,4699.60,4700.00,25,19,44,6.00,7.00,-5.00,1.60,68.7,0,30,0.1667,0.0500,-62.00,-76.00,4696.98,0.6269,UP,81.05,0.5429,1.8979
20260824 102803 661,4700.40,1,4700.10,4700.40,0.30,4700.10,2,4700.00,5,4699.90,2,4699.80,4,4699.70,3,4699.60,2,4699.50,2,4699.40,4,4699.30,5,4699.20,6,4700.40,1,4700.50,2,4700.60,2,4700.70,6,4700.80,4,4700.90,3,4701.00,3,4701.10,4,4701.20,6,4701.30,4,Buy,1,0,1,1.00,1.00,1.00,0.00,0.0,4700.40,4700.40,4700.40,4700.40,44,84,128,-40.00,5.00,-42.00,3.60,22.2,-36,69,0.0500,0.0000,-61.00,-67.00,4697.02,0.6396,UP,84.85,1.5085,1.7910
20260824 102803 663,4700.40,1,4700.10,4700.40,0.30,4700.10,2,4700.00,5,4699.90,2,4699.80,4,4699.70,3,4699.60,2,4699.50,2,4699.40,4,4699.30,5,4699.20,6,4700.40,1,4700.50,2,4700.60,2,4700.70,6,4700.80,4,4700.90,3,4701.00,3,4701.10,4,4701.20,6,4701.30,4,Buy,2,0,2,2.00,2.00,1.00,0.00,0.0,4700.40,4700.40,4700.40,4700.40,44,84,128,-40.00,5.00,-42.00,3.60,22.2,-36,69,0.0500,0.0000,-60.00,-66.00,4697.02,0.6396,UP,84.85,1.5085,1.7910
20260824 102803 669,4700.30,1,4700.10,4700.40,0.30,4700.10,2,4700.00,5,4699.90,2,4699.80,4,4699.70,3,4699.60,2,4699.50,2,4699.40,4,4699.30,5,4699.20,6,4700.40,1,4700.50,2,4700.60,2,4700.70,6,4700.80,4,4700.90,3,4701.00,3,4701.10,4,4701.20,6,4701.30,4,Sell,2,1,3,1.00,2.00,1.00,0.10,100.0,4700.40,4700.40,4700.30,4700.30,44,84,128,-40.00,5.00,-42.00,3.60,22.2,-36,69,0.0500,1.0000,-61.00,-67.00,4697.01,0.6364,UP,84.85,1.5085,1.7910
20260824 102803 669,4700.20,1,4700.10,4700.40,0.30,4700.10,2,4700.00,5,4699.90,2,4699.80,4,4699.70,3,4699.60,2,4699.50,2,4699.40,4,4699.30,5,4699.20,6,4700.40,1,4700.50,2,4700.60,2,4700.70,6,4700.80,4,4700.90,3,4701.00,3,4701.10,4,4701.20,6,4701.30,4,Sell,2,2,4,0.00,2.00,0.00,0.20,100.0,4700.40,4700.40,4700.20,4700.20,44,84,128,-40.00,5.00,-42.00,3.60,22.2,-36,69,0.0500,2.0000,-62.00,-68.00,4697.00,0.6333,UP,84.85,1.5085,1.7910
20260824 102804 065,4700.20,1,4700.00,4700.40,0.40,4700.00,4,4699.90,3,4699.80,2,4699.70,1,4699.60,3,4699.50,2,4699.40,4,4699.30,5,4699.20,6,4699.10,3,4700.40,3,4700.50,2,4700.60,3,4700.70,5,4700.80,5,4700.90,4,4701.00,2,4701.10,4,4701.20,6,4701.30,4,Sell,2,3,5,-1.00,2.00,-1.00,0.20,100.0,4700.40,4700.40,4700.20,4700.20,44,84,128,-40.00,5.00,-42.00,3.60,22.2,-36,69,0.0500,0.0000,-63.00,-69.00,4697.00,0.6333,UP,84.85,1.5085,1.7910
20260824 102805 344,4700.40,1,4700.30,4700.70,0.40,4700.30,2,4700.20,8,4700.10,4,4700.00,4,4699.90,3,4699.80,4,4699.70,2,4699.60,3,4699.50,2,4699.40,4,4700.70,4,4700.80,4,4700.90,1,4701.00,2,4701.10,5,4701.20,5,4701.30,4,4701.40,3,4701.50,3,4701.60,3,Buy,3,3,6,0.00,2.00,-1.00,0.20,0.0,4700.40,4700.40,4700.20,4700.40,44,84,128,-40.00,5.00,-42.00,3.60,22.2,-36,69,0.0500,2.0000,-62.00,-68.00,4697.02,0.6396,UP,84.85,1.5085,1.7910
20260824 102809 858,4700.10,1,4700.10,4700.40,0.30,4700.10,1,4700.00,4,4699.90,2,4699.80,4,4699.70,2,4699.60,3,4699.50,2,4699.40,4,4699.30,5,4699.20,6,4700.40,2,4700.50,3,4700.60,1,4700.70,6,4700.80,4,4700.90,4,4701.00,2,4701.10,4,4701.20,6,4701.30,4,Sell,3,4,7,-1.00,2.00,-1.00,0.30,100.0,4700.40,4700.40,4700.10,4700.10,44,84,128,-40.00,5.00,-42.00,3.60,22.2,-36,69,0.0500,0.0000,-63.00,-69.00,4696.99,0.6301,UP,84.85,1.5085,1.7910
20260824 102822 415,4700.60,1,4700.50,4700.70,0.20,4700.50,3,4700.40,5,4700.30,1,4700.20,4,4700.10,2,4700.00,4,4699.90,4,4699.80,4,4699.70,2,4699.60,3,4700.70,3,4700.80,1,4700.90,1,4701.00,3,4701.10,4,4701.20,5,4701.30,5,4701.40,2,4701.50,3,4701.60,3,Buy,4,4,8,0.00,2.00,-1.00,0.50,40.0,4700.40,4700.60,4700.10,4700.60,44,84,128,-40.00,5.00,-42.00,3.60,22.2,-36,69,0.0500,2.0000,-62.00,-68.00,4697.04,0.6460,UP,84.85,1.5085,1.8052
20260824 102822 415,4700.60,1,4700.50,4700.70,0.20,4700.50,3,4700.40,5,4700.30,1,4700.20,4,4700.10,2,4700.00,4,4699.90,4,4699.80,4,4699.70,2,4699.60,3,4700.70,3,4700.80,1,4700.90,1,4701.00,3,4701.10,4,4701.20,5,4701.30,5,4701.40,2,4701.50,3,4701.60,3,Buy,5,4,9,1.00,2.00,-1.00,0.50,40.0,4700.40,4700.60,4700.10,4700.60,44,84,128,-40.00,5.00,-42.00,3.60,22.2,-36,69,0.0500,1.0000,-61.00,-67.00,4697.04,0.6460,UP,84.85,1.5085,1.8052
20260824 102822 663,4700.70,3,4700.70,4700.80,0.10,4700.40,2,4700.30,2,4700.20,3,4700.10,1,4700.00,4,4699.90,4,4699.80,4,4699.70,2,4699.60,4,4699.50,3,4700.70,3,4700.80,1,4700.90,1,4701.00,3,4701.10,4,4701.20,5,4701.30,5,4701.40,2,4701.50,3,4701.60,3,Buy,8,4,12,4.00,4.00,-1.00,0.60,50.0,4700.40,4700.70,4700.10,4700.70,44,84,128,-40.00,5.00,-42.00,3.60,22.2,-36,69,0.0500,0.0000,-58.00,-64.00,4697.05,0.6491,UP,84.85,1.5085,1.8124
20260824 102822 664,4700.70,2,4700.70,4700.80,0.10,4700.40,2,4700.30,2,4700.20,3,4700.10,1,4700.00,4,4699.90,4,4699.80,4,4699.70,2,4699.60,4,4699.50,3,4700.70,3,4700.80,1,4700.90,1,4701.00,3,4701.10,4,4701.20,5,4701.30,5,4701.40,2,4701.50,3,4701.60,3,Buy,10,4,14,6.00,6.00,-1.00,0.60,50.0,4700.40,4700.70,4700.10,4700.70,44,84,128,-40.00,5.00,-42.00,3.60,22.2,-36,69,0.0500,0.0000,-56.00,-62.00,4697.05,0.6491,UP,84.85,1.5085,1.8124
20260824 102822 666,4700.80,1,4700.70,4700.80,0.10,4700.40,2,4700.30,2,4700.20,3,4700.10,1,4700.00,4,4699.90,4,4699.80,4,4699.70,2,4699.60,4,4699.50,3,4700.70,3,4700.80,1,4700.90,1,4701.00,3,4701.10,4,4701.20,5,4701.30,5,4701.40,2,4701.50,3,4701.60,3,Buy,11,4,15,7.00,7.00,-1.00,0.70,57.1,4700.40,4700.80,4700.10,4700.80,44,84,128,-40.00,5.00,-42.00,3.60,22.2,-36,69,0.0500,0.0000,-55.00,-61.00,4697.06,0.6523,UP,84.85,1.5085,1.8195
20260824 102822 955,4700.70,1,4700.50,4700.90,0.40,4700.50,2,4700.40,2,4700.30,3,4700.20,4,4700.10,4,4700.00,4,4699.90,4,4699.80,4,4699.70,2,4699.60,4,4700.90,2,4701.00,2,4701.10,3,4701.20,2,4701.30,3,4701.40,2,4701.50,4,4701.60,2,4701.70,3,4701.80,3,Sell,11,5,16,6.00,7.00,-1.00,0.70,42.9,4700.40,4700.80,4700.10,4700.70,44,84,128,-40.00,5.00,-42.00,3.60,22.2,-36,69,0.0500,0.1667,-56.00,-62.00,4697.05,0.6491,UP,84.85,1.5085,1.8195
20260824 102824 239,4700.80,1,4700.80,4701.20,0.40,4700.80,2,4700.70,2,4700.60,3,4700.50,3,4700.40,3,4700.30,3,4700.20,4,4700.10,2,4700.00,5,4699.90,4,4701.20,1,4701.30,2,4701.40,3,4701.50,3,4701.60,2,4701.70,3,4701.80,4,4701.90,3,4702.00,4,4702.10,3,Sell,11,6,17,5.00,7.00,-1.00,0.70,57.1,4700.40,4700.80,4700.10,4700.80,44,84,128,-40.00,5.00,-42.00,3.60,22.2,-36,69,0.0500,0.4000,-57.00,-63.00,4697.06,0.6523,UP,84.85,1.5085,1.8195
20260824 102830 639,4700.90,1,4700.80,4701.10,0.30,4700.90,1,4700.80,4,4700.70,2,4700.60,2,4700.50,3,4700.40,3,4700.30,4,4700.20,3,4700.10,2,4700.00,5,4701.10,1,4701.20,2,4701.30,3,4701.40,1,4701.50,2,4701.60,3,4701.70,3,4701.80,3,4701.90,3,4702.00,4,Sell,11,7,18,4.00,7.00,-1.00,0.80,62.5,4700.40,4700.90,4700.10,4700.90,44,84,128,-40.00,5.00,-42.00,3.60,22.2,-36,69,0.0500,0.7500,-58.00,-64.00,4697.06,0.6555,UP,84.85,1.5085,1.8267
20260824 102830 642,4700.80,2,4700.80,4701.10,0.30,4700.90,1,4700.80,4,4700.70,2,4700.60,2,4700.50,3,4700.40,3,4700.30,4,4700.20,3,4700.10,2,4700.00,5,4701.10,1,4701.20,2,4701.30,3,4701.40,1,4701.50,2,4701.60,3,4701.70,3,4701.80,3,4701.90,3,4702.00,4,Sell,11,9,20,2.00,7.00,-1.00,0.80,50.0,4700.40,4700.90,4700.10,4700.80,44,84,128,-40.00,5.00,-42.00,3.60,22.2,-36,69,0.0500,2.5000,-60.00,-66.00,4697.06,0.6523,UP,84.85,1.5085,1.8267
20260824 102830 642,4700.80,1,4700.80,4701.10,0.30,4700.90,1,4700.80,4,4700.70,2,4700.60,2,4700.50,3,4700.40,3,4700.30,4,4700.20,3,4700.10,2,4700.00,5,4701.10,1,4701.20,2,4701.30,3,4701.40,1,4701.50,2,4701.60,3,4701.70,3,4701.80,3,4701.90,3,4702.00,4,Sell,11,10,21,1.00,7.00,-1.00,0.80,50.0,4700.40,4700.90,4700.10,4700.80,44,84,128,-40.00,5.00,-42.00,3.60,22.2,-36,69,0.0500,6.0000,-61.00,-67.00,4697.06,0.6523,UP,84.85,1.5085,1.8267
20260824 102830 643,4700.80,1,4700.80,4701.10,0.30,4700.90,1,4700.80,4,4700.70,2,4700.60,2,4700.50,3,4700.40,3,4700.30,4,4700.20,3,4700.10,2,4700.00,5,4701.10,1,4701.20,2,4701.30,3,4701.40,1,4701.50,2,4701.60,3,4701.70,3,4701.80,3,4701.90,3,4702.00,4,Sell,11,11,22,0.00,7.00,-1.00,0.80,50.0,4700.40,4700.90,4700.10,4700.80,44,84,128,-40.00,5.00,-42.00,3.60,22.2,-36,69,0.0500,7.0000,-62.00,-68.00,4697.06,0.6523,UP,84.85,1.5085,1.8267
20260824 102834 860,4700.70,1,4700.10,4700.40,0.30,4700.10,1,4700.00,3,4699.90,3,4699.80,4,4699.70,3,4699.60,2,4699.50,2,4699.40,3,4699.30,4,4699.20,7,4700.40,1,4700.50,3,4700.60,1,4700.70,3,4700.80,5,4700.90,3,4701.00,2,4701.10,3,4701.20,4,4701.30,4,Sell,11,12,23,-1.00,7.00,-1.00,0.80,37.5,4700.40,4700.90,4700.10,4700.70,44,84,128,-40.00,5.00,-42.00,3.60,22.2,-36,69,0.0500,0.0000,-63.00,-69.00,4697.05,0.6491,UP,84.85,1.5085,1.8267
20260824 102834 875,4700.60,1,4700.10,4700.40,0.30,4700.10,1,4700.00,3,4699.90,3,4699.80,4,4699.70,3,4699.60,2,4699.50,2,4699.40,3,4699.30,4,4699.20,7,4700.40,1,4700.50,3,4700.60,1,4700.70,3,4700.80,5,4700.90,3,4701.00,2,4701.10,3,4701.20,4,4701.30,4,Sell,11,13,24,-2.00,7.00,-2.00,0.80,25.0,4700.40,4700.90,4700.10,4700.60,44,84,128,-40.00,5.00,-42.00,3.60,22.2,-36,69,0.0500,0.0000,-64.00,-70.00,4697.04,0.6460,UP,84.85,1.5085,1.8267
20260824 102834 894,4700.50,1,4700.10,4700.40,0.30,4700.10,1,4700.00,3,4699.90,3,4699.80,4,4699.70,3,4699.60,2,4699.50,2,4699.40,3,4699.30,4,4699.20,7,4700.40,1,4700.50,3,4700.60,1,4700.70,3,4700.80,5,4700.90,3,4701.00,2,4701.10,3,4701.20,4,4701.30,4,Buy,12,13,25,-1.00,7.00,-2.00,0.80,12.5,4700.40,4700.90,4700.10,4700.50,44,84,128,-40.00,5.00,-42.00,3.60,22.2,-36,69,0.0500,1.0000,-63.00,-69.00,4697.03,0.6428,UP,84.85,1.5085,1.8267
20260824 102834 915,4700.40,1,4700.10,4700.40,0.30,4700.10,1,4700.00,3,4699.90,3,4699.80,4,4699.70,3,4699.60,2,4699.50,2,4699.40,3,4699.30,4,4699.20,7,4700.40,1,4700.50,3,4700.60,1,4700.70,3,4700.80,5,4700.90,3,4701.00,2,4701.10,3,4701.20,4,4701.30,4,Buy,13,13,26,0.00,7.00,-2.00,0.80,0.0,4700.40,4700.90,4700.10,4700.40,44,84,128,-40.00,5.00,-42.00,3.60,22.2,-36,69,0.0500,7.0000,-62.00,-68.00,4697.02,0.6396,UP,84.85,1.5085,1.8267
20260824 102834 936,4700.40,1,4700.20,4700.50,0.30,4700.20,1,4700.10,2,4700.00,5,4699.90,2,4699.80,4,4699.70,2,4699.60,3,4699.50,2,4699.40,3,4699.30,4,4700.50,1,4700.60,3,4700.70,3,4700.80,3,4700.90,2,4701.00,2,4701.10,4,4701.20,3,4701.30,4,4701.40,3,Buy,14,13,27,1.00,7.00,-2.00,0.80,0.0,4700.40,4700.90,4700.10,4700.40,44,84,128,-40.00,5.00,-42.00,3.60,22.2,-36,69,0.0500,6.0000,-61.00,-67.00,4697.02,0.6396,UP,84.85,1.5085,1.8267
20260824 102834 957,4700.40,1,4700.20,4700.50,0.30,4700.20,1,4700.10,2,4700.00,5,4699.90,2,4699.80,4,4699.70,2,4699.60,3,4699.50,2,4699.40,3,4699.30,4,4700.50,1,4700.60,3,4700.70,3,4700.80,3,4700.90,2,4701.00,2,4701.10,4,4701.20,3,4701.30,4,4701.40,3,Buy,15,13,28,2.00,7.00,-2.00,0.80,0.0,4700.40,4700.90,4700.10,4700.40,44,84,128,-40.00,5.00,-42.00,3.60,22.2,-36,69,0.0500,2.5000,-60.00,-66.00,4697.02,0.6396,UP,84.85,1.5085,1.8267
20260824 102834 978,4700.50,1,4700.20,4700.50,0.30,4700.20,1,4700.10,2,4700.00,5,4699.90,2,4699.80,4,4699.70,2,4699.60,3,4699.50,2,4699.40,3,4699.30,4,4700.50,1,4700.60,3,4700.70,3,4700.80,3,4700.90,2,4701.00,2,4701.10,4,4701.20,3,4701.30,4,4701.40,3,Buy,16,13,29,3.00,7.00,-2.00,0.80,12.5,4700.40,4700.90,4700.10,4700.50,44,84,128,-40.00,5.00,-42.00,3.60,22.2,-36,69,0.0500,1.3333,-59.00,-65.00,4697.03,0.6428,UP,84.85,1.5085,1.8267
20260824 102834 999,4700.60,1,4700.30,4700.70,0.40,4700.30,1,4700.20,2,4700.10,2,4700.00,4,4699.90,2,4699.80,4,4699.70,3,4699.60,2,4699.50,2,4699.40,3,4700.70,2,4700.80,3,4700.90,2,4701.00,3,4701.10,3,4701.20,2,4701.30,4,4701.40,3,4701.50,3,4701.60,3,Buy,17,13,30,4.00,7.00,-2.00,0.80,25.0,4700.40,4700.90,4700.10,4700.60,44,84,128,-40.00,5.00,-42.00,3.60,22.2,-36,69,0.0500,0.7500,-58.00,-64.00,4697.04,0.6460,UP,84.85,1.5085,1.8267
20260824 102835 020,4700.60,1,4700.30,4700.70,0.40,4700.30,1,4700.20,2,4700.10,2,4700.00,4,4699.90,2,4699.80,4,4699.70,3,4699.60,2,4699.50,2,4699.40,3,4700.70,2,4700.80,3,4700.90,2,4701.00,3,4701.10,3,4701.20,2,4701.30,4,4701.40,3,4701.50,3,4701.60,3,Buy,18,13,31,5.00,7.00,-2.00,0.80,25.0,4700.40,4700.90,4700.10,4700.60,44,84,128,-40.00,5.00,-42.00,3.60,22.2,-36,69,0.0500,0.4000,-57.00,-63.00,4697.04,0.6460,UP,84.85,1.5085,1.8267
20260824 102835 041,4700.50,1,4700.30,4700.70,0.40,4700.30,1,4700.20,2,4700.10,2,4700.00,4,4699.90,2,4699.80,4,4699.70,3,4699.60,2,4699.50,2,4699.40,3,4700.70,2,4700.80,3,4700.90,2,4701.00,3,4701.10,3,4701.20,2,4701.30,4,4701.40,3,4701.50,3,4701.60,3,Buy,19,13,32,6.00,7.00,-2.00,0.80,12.5,4700.40,4700.90,4700.10,4700.50,44,84,128,-40.00,5.00,-42.00,3.60,22.2,-36,69,0.0500,0.1667,-56.00,-62.00,4697.03,0.6428,UP,84.85,1.5085,1.8267
20260824 102835 062,4700.50,1,4700.20,4700.60,0.40,4700.20,1,4700.10,2,4700.00,4,4699.90,3,4699.80,4,4699.70,3,4699.60,2,4699.50,2,4699.40,3,4699.30,4,4700.60,1,4700.70,2,4700.80,4,4700.90,2,4701.00,2,4701.10,3,4701.20,3,4701.30,4,4701.40,3,4701.50,3,Buy,20,13,33,7.00,7.00,-2.00,0.80,12.5,4700.40,4700.90,4700.10,4700.50,44,84,128,-40.00,5.00,-42.00,3.60,22.2,-36,69,0.0500,0.0000,-55.00,-61.00,4697.03,0.6428,UP,84.85,1.5085,1.8267
20260824 102835 083,4700.60,1,4700.20,4700.60,0.40,4700.20,1,4700.10,2,4700.00,4,4699.90,3,4699.80,4,4699.70,3,4699.60,2,4699.50,2,4699.40,3,4699.30,4,4700.60,1,4700.70,2,4700.80,4,4700.90,2,4701.00,2,4701.10,3,4701.20,3,4701.30,4,4701.40,3,4701.50,3,Buy,21,13,34,8.00,8.00,-2.00,0.80,25.0,4700.40,4700.90,4700.10,4700.60,44,84,128,-40.00,5.00,-42.00,3.60,22.2,-36,69,0.0500,0.0000,-54.00,-60.00,4697.04,0.6460,UP,84.85,1.5085,1.8267
20260824 102835 104,4700.60,1,4700.20,4700.60,0.40,4700.20,1,4700.10,2,4700.00,4,4699.90,3,4699.80,4,4699.70,3,4699.60,2,4699.50,2,4699.40,3,4699.30,4,4700.60,1,4700.70,2,4700.80,4,4700.90,2,4701.00,2,4701.10,3,4701.20,3,4701.30,4,4701.40,3,4701.50,3,Buy,22,13,35,9.00,9.00,-2.00,0.80,25.0,4700.40,4700.90,4700.10,4700.60,44,84,128,-40.00,5.00,-42.00,3.60,22.2,-36,69,0.0500,0.0000,-53.00,-59.00,4697.04,0.6460,UP,84.85,1.5085,1.8267
20260824 102835 125,4700.60,1,4700.20,4700.60,0.40,4700.20,1,4700.10,2,4700.00,4,4699.90,3,4699.80,4,4699.70,3,4699.60,2,4699.50,2,4699.40,3,4699.30,4,4700.60,1,4700.70,2,4700.80,4,4700.90,2,4701.00,2,4701.10,3,4701.20,3,4701.30,4,4701.40,3,4701.50,3,Buy,23,13,36,10.00,10.00,-2.00,0.80,25.0,4700.40,4700.90,4700.10,4700.60,44,84,128,-40.00,5.00,-42.00,3.60,22.2,-36,69,0.0500,0.0000,-52.00,-58.00,4697.04,0.6460,UP,84.85,1.5085,1.8267
20260824 102835 146,4700.60,1,4700.20,4700.60,0.40,4700.20,2,4700.10,2,4700.00,5,4699.90,3,4699.80,4,4699.70,3,4699.60,2,4699.50,2,4699.40,3,4699.30,4,4700.60,1,4700.70,2,4700.80,3,4700.90,3,4701.00,3,4701.10,3,4701.20,2,4701.30,4,4701.40,3,4701.50,3,Buy,24,13,37,11.00,11.00,-2.00,0.80,25.0,4700.40,4700.90,4700.10,4700.60,44,84,128,-40.00,5.00,-42.00,3.60,22.2,-36,69,0.0500,0.0000,-51.00,-57.00,4697.04,0.6460,UP,84.85,1.5085,1.8267
20260824 102835 167,4700.60,1,4700.20,4700.60,0.40,4700.20,2,4700.10,2,4700.00,5,4699.90,3,4699.80,4,4699.70,3,4699.60,2,4699.50,2,4699.40,3,4699.30,4,4700.60,1,4700.70,2,4700.80,3,4700.90,3,4701.00,3,4701.10,3,4701.20,2,4701.30,4,4701.40,3,4701.50,3,Buy,25,13,38,12.00,12.00,-2.00,0.80,25.0,4700.40,4700.90,4700.10,4700.60,44,84,128,-40.00,5.00,-42.00,3.60,22.2,-36,69,0.0500,0.0000,-50.00,-56.00,4697.04,0.6460,UP,84.85,1.5085,1.8267
20260824 102835 189,4700.60,1,4700.20,4700.60,0.40,4700.20,2,4700.10,2,4700.00,5,4699.90,3,4699.80,4,4699.70,3,4699.60,2,4699.50,2,4699.40,3,4699.30,4,4700.60,1,4700.70,2,4700.80,3,4700.90,3,4701.00,3,4701.10,3,4701.20,2,4701.30,4,4701.40,3,4701.50,3,Buy,26,13,39,13.00,13.00,-2.00,0.80,25.0,4700.40,4700.90,4700.10,4700.60,44,84,128,-40.00,5.00,-42.00,3.60,22.2,-36,69,0.0500,0.0000,-49.00,-55.00,4697.04,0.6460,UP,84.85,1.5085,1.8267
20260824 102835 209,4700.60,1,4700.20,4700.60,0.40,4700.20,2,4700.10,1,4700.00,5,4699.90,3,4699.80,4,4699.70,3,4699.60,2,4699.50,2,4699.40,3,4699.30,4,4700.60,2,4700.70,3,4700.80,4,4700.90,2,4701.00,3,4701.10,3,4701.20,3,4701.30,4,4701.40,3,4701.50,3,Buy,27,13,40,14.00,14.00,-2.00,0.80,25.0,4700.40,4700.90,4700.10,4700.60,44,84,128,-40.00,5.00,-42.00,3.60,22.2,-36,69,0.0500,0.0000,-48.00,-54.00,4697.04,0.6460,UP,84.85,1.5085,1.8267
20260824 102835 231,4700.60,1,4700.20,4700.60,0.40,4700.20,2,4700.10,1,4700.00,5,4699.90,3,4699.80,4,4699.70,3,4699.60,2,4699.50,2,4699.40,3,4699.30,4,4700.60,2,4700.70,3,4700.80,4,4700.90,2,4701.00,3,4701.10,3,4701.20,3,4701.30,4,4701.40,3,4701.50,3,Sell,27,14,41,13.00,14.00,-2.00,0.80,25.0,4700.40,4700.90,4700.10,4700.60,44,84,128,-40.00,5.00,-42.00,3.60,22.2,-36,69,0.0500,0.0769,-49.00,-55.00,4697.04,0.6460,UP,84.85,1.5085,1.8267
20260824 102835 232,4700.30,1,4700.20,4700.60,0.40,4700.20,2,4700.10,1,4700.00,5,4699.90,3,4699.80,4,4699.70,3,4699.60,2,4699.50,2,4699.40,3,4699.30,4,4700.60,2,4700.70,3,4700.80,4,4700.90,2,4701.00,3,4701.10,3,4701.20,3,4701.30,4,4701.40,3,4701.50,3,Sell,27,15,42,12.00,14.00,-2.00,0.80,12.5,4700.40,4700.90,4700.10,4700.30,44,84,128,-40.00,5.00,-42.00,3.60,22.2,-36,69,0.0500,0.1667,-50.00,-56.00,4697.01,0.6364,UP,84.85,1.5085,1.8267
20260824 102835 250,4700.60,1,4700.20,4700.60,0.40,4700.20,2,4700.10,1,4700.00,5,4699.90,3,4699.80,4,4699.70,3,4699.60,2,4699.50,2,4699.40,3,4699.30,4,4700.60,2,4700.70,3,4700.80,4,4700.90,2,4701.00,3,4701.10,3,4701.20,3,4701.30,4,4701.40,3,4701.50,3,Buy,28,15,43,13.00,14.00,-2.00,0.80,25.0,4700.40,4700.90,4700.10,4700.60,44,84,128,-40.00,5.00,-42.00,3.60,22.2,-36,69,0.0500,0.0769,-49.00,-55.00,4697.04,0.6460,UP,84.85,1.5085,1.8267
20260824 102835 272,4700.50,1,4700.60,4700.70,0.10,4700.30,1,4700.20,2,4700.10,1,4700.00,4,4699.90,3,4699.80,4,4699.70,3,4699.60,2,4699.50,2,4699.40,3,4700.70,2,4700.80,2,4700.90,3,4701.00,3,4701.10,3,4701.20,2,4701.30,4,4701.40,3,4701.50,3,4701.60,3,Buy,29,15,44,14.00,14.00,-2.00,0.80,12.5,4700.40,4700.90,4700.10,4700.50,44,84,128,-40.00,5.00,-42.00,3.60,22.2,-36,69,0.0500,0.0000,-48.00,-54.00,4697.03,0.6428,UP,84.85,1.5085,1.8267
20260824 102835 294,4700.60,1,4700.60,4700.70,0.10,4700.30,1,4700.20,2,4700.10,1,4700.00,4,4699.90,3,4699.80,4,4699.70,3,4699.60,2,4699.50,2,4699.40,3,4700.70,2,4700.80,2,4700.90,3,4701.00,3,4701.10,3,4701.20,2,4701.30,4,4701.40,3,4701.50,3,4701.60,3,Sell,29,16,45,13.00,14.00,-2.00,0.80,25.0,4700.40,4700.90,4700.10,4700.60,44,84,128,-40.00,5.00,-42.00,3.60,22.2,-36,69,0.0500,0.0769,-49.00,-55.00,4697.04,0.6460,UP,84.85,1.5085,1.8267
20260824 102835 315,4700.60,1,4700.60,4700.70,0.10,4700.30,1,4700.20,2,4700.10,1,4700.00,4,4699.90,3,4699.80,4,4699.70,3,4699.60,2,4699.50,2,4699.40,3,4700.70,2,4700.80,2,4700.90,3,4701.00,3,4701.10,3,4701.20,2,4701.30,4,4701.40,3,4701.50,3,4701.60,3,Sell,29,17,46,12.00,14.00,-2.00,0.80,25.0,4700.40,4700.90,4700.10,4700.60,44,84,128,-40.00,5.00,-42.00,3.60,22.2,-36,69,0.0500,0.1667,-50.00,-56.00,4697.04,0.6460,UP,84.85,1.5085,1.8267
20260824 102835 336,4700.60,1,4700.60,4700.70,0.10,4700.30,1,4700.20,2,4700.10,1,4700.00,4,4699.90,3,4699.80,4,4699.70,3,4699.60,2,4699.50,2,4699.40,3,4700.70,2,4700.80,2,4700.90,3,4701.00,3,4701.10,3,4701.20,2,4701.30,4,4701.40,3,4701.50,3,4701.60,3,Sell,29,18,47,11.00,14.00,-2.00,0.80,25.0,4700.40,4700.90,4700.10,4700.60,44,84,128,-40.00,5.00,-42.00,3.60,22.2,-36,69,0.0500,0.2727,-51.00,-57.00,4697.04,0.6460,UP,84.85,1.5085,1.8267
20260824 102835 356,4700.60,1,4700.30,4700.60,0.30,4700.30,1,4700.20,2,4700.10,1,4700.00,4,4699.90,3,4699.80,4,4699.70,3,4699.60,2,4699.50,2,4699.40,3,4700.60,1,4700.70,3,4700.80,2,4700.90,2,4701.00,3,4701.10,3,4701.20,2,4701.30,4,4701.40,3,4701.50,3,Sell,29,19,48,10.00,14.00,-2.00,0.80,25.0,4700.40,4700.90,4700.10,4700.60,44,84,128,-40.00,5.00,-42.00,3.60,22.2,-36,69,0.0500,0.4000,-52.00,-58.00,4697.04,0.6460,UP,84.85,1.5085,1.8267
20260824 102835 376,4700.60,1,4700.30,4700.60,0.30,4700.30,1,4700.20,2,4700.10,1,4700.00,4,4699.90,3,4699.80,4,4699.70,3,4699.60,2,4699.50,2,4699.40,3,4700.60,1,4700.70,3,4700.80,2,4700.90,2,4701.00,3,4701.10,3,4701.20,2,4701.30,4,4701.40,3,4701.50,3,Buy,30,19,49,11.00,14.00,-2.00,0.80,25.0,4700.40,4700.90,4700.10,4700.60,44,84,128,-40.00,5.00,-42.00,3.60,22.2,-36,69,0.0500,0.2727,-51.00,-57.00,4697.04,0.6460,UP,84.85,1.5085,1.8267
20260824 102835 399,4700.60,1,4700.30,4700.60,0.30,4700.30,1,4700.20,2,4700.10,1,4700.00,4,4699.90,3,4699.80,4,4699.70,3,4699.60,2,4699.50,2,4699.40,3,4700.60,1,4700.70,3,4700.80,2,4700.90,2,4701.00,3,4701.10,3,4701.20,2,4701.30,4,4701.40,3,4701.50,3,Buy,31,19,50,12.00,14.00,-2.00,0.80,25.0,4700.40,4700.90,4700.10,4700.60,44,84,128,-40.00,5.00,-42.00,3.60,22.2,-36,69,0.0500,0.1667,-50.00,-56.00,4697.04,0.6460,UP,84.85,1.5085,1.8267
20260824 102835 401,4700.30,1,4700.30,4700.60,0.30,4700.30,1,4700.20,2,4700.10,1,4700.00,4,4699.90,3,4699.80,4,4699.70,3,4699.60,2,4699.50,2,4699.40,3,4700.60,1,4700.70,3,4700.80,2,4700.90,2,4701.00,3,4701.10,3,4701.20,2,4701.30,4,4701.40,3,4701.50,3,Sell,31,20,51,11.00,14.00,-2.00,0.80,12.5,4700.40,4700.90,4700.10,4700.30,44,84,128,-40.00,5.00,-42.00,3.60,22.2,-36,69,0.0500,0.2727,-51.00,-57.00,4697.01,0.6364,UP,84.85,1.5085,1.8267
20260824 102835 419,4700.50,1,4700.00,4700.40,0.40,4700.00,3,4699.90,3,4699.80,4,4699.70,3,4699.60,2,4699.50,2,4699.40,3,4699.30,4,4699.20,7,4699.10,3,4700.40,1,4700.50,2,4700.60,2,4700.70,4,4700.80,3,4700.90,1,4701.00,2,4701.10,3,4701.20,2,4701.30,4,Buy,32,20,52,12.00,14.00,-2.00,0.80,12.5,4700.40,4700.90,4700.10,4700.50,44,84,128,-40.00,5.00,-42.00,3.60,22.2,-36,69,0.0500,0.1667,-50.00,-56.00,4697.03,0.6428,UP,84.85,1.5085,1.8267
20260824 102835 439,4700.60,1,4700.00,4700.40,0.40,4700.00,3,4699.90,3,4699.80,4,4699.70,3,4699.60,2,4699.50,2,4699.40,3,4699.30,4,4699.20,7,4699.10,3,4700.40,1,4700.50,2,4700.60,2,4700.70,4,4700.80,3,4700.90,1,4701.00,2,4701.10,3,4701.20,2,4701.30,4,Buy,33,20,53,13.00,14.00,-2.00,0.80,25.0,4700.40,4700.90,4700.10,4700.60,44,84,128,-40.00,5.00,-42.00,3.60,22.2,-36,69,0.0500,0.0769,-49.00,-55.00,4697.04,0.6460,UP,84.85,1.5085,1.8267
20260824 102835 466,4700.50,1,4700.00,4700.40,0.40,4700.00,3,4699.90,3,4699.80,4,4699.70,3,4699.60,2,4699.50,2,4699.40,3,4699.30,4,4699.20,7,4699.10,3,4700.40,1,4700.50,2,4700.60,2,4700.70,4,4700.80,3,4700.90,1,4701.00,2,4701.10,3,4701.20,2,4701.30,4,Buy,34,20,54,14.00,14.00,-2.00,0.80,12.5,4700.40,4700.90,4700.10,4700.50,44,84,128,-40.00,5.00,-42.00,3.60,22.2,-36,69,0.0500,0.0000,-48.00,-54.00,4697.03,0.6428,UP,84.85,1.5085,1.8267
20260824 102835 467,4700.30,1,4700.00,4700.40,0.40,4700.00,3,4699.90,3,4699.80,4,4699.70,3,4699.60,2,4699.50,2,4699.40,3,4699.30,4,4699.20,7,4699.10,3,4700.40,1,4700.50,2,4700.60,2,4700.70,4,4700.80,3,4700.90,1,4701.00,2,4701.10,3,4701.20,2,4701.30,4,Sell,34,21,55,13.00,14.00,-2.00,0.80,12.5,4700.40,4700.90,4700.10,4700.30,44,84,128,-40.00,5.00,-42.00,3.60,22.2,-36,69,0.0500,0.0769,-49.00,-55.00,4697.01,0.6364,UP,84.85,1.5085,1.8267
20260824 102835 469,4700.20,1,4700.00,4700.40,0.40,4700.00,3,4699.90,3,4699.80,4,4699.70,3,4699.60,2,4699.50,2,4699.40,3,4699.30,4,4699.20,7,4699.10,3,4700.40,1,4700.50,2,4700.60,2,4700.70,4,4700.80,3,4700.90,1,4701.00,2,4701.10,3,4701.20,2,4701.30,4,Sell,34,22,56,12.00,14.00,-2.00,0.80,25.0,4700.40,4700.90,4700.10,4700.20,44,84,128,-40.00,5.00,-42.00,3.60,22.2,-36,69,0.0500,0.1667,-50.00,-56.00,4697.00,0.6333,UP,84.85,1.5085,1.8267
20260824 102835 487,4700.40,1,4700.20,4700.50,0.30,4700.20,2,4700.10,3,4700.00,3,4699.90,3,4699.80,3,4699.70,2,4699.60,3,4699.50,2,4699.40,3,4699.30,4,4700.60,1,4700.70,5,4700.80,3,4700.90,2,4701.00,3,4701.10,3,4701.20,3,4701.30,4,4701.40,3,4701.50,4,Buy,35,22,57,13.00,14.00,-2.00,0.80,0.0,4700.40,4700.90,4700.10,4700.40,44,84,128,-40.00,5.00,-42.00,3.60,22.2,-36,69,0.0500,0.0769,-49.00,-55.00,4697.02,0.6396,UP,84.85,1.5085,1.8267
20260824 102835 509,4700.60,1,4700.20,4700.50,0.30,4700.20,2,4700.10,2,4700.00,3,4699.90,3,4699.80,4,4699.70,3,4699.60,2,4699.50,2,4699.40,3,4699.30,4,4700.50,3,4700.60,1,4700.70,6,4700.80,3,4700.90,2,4701.00,3,4701.10,3,4701.20,2,4701.30,4,4701.40,3,Buy,36,22,58,14.00,14.00,-2.00,0.80,25.0,4700.40,4700.90,4700.10,4700.60,44,84,128,-40.00,5.00,-42.00,3.60,22.2,-36,69,0.0500,0.0000,-48.00,-54.00,4697.04,0.6460,UP,84.85,1.5085,1.8267
20260824 102835 529,4700.50,1,4700.20,4700.50,0.30,4700.20,2,4700.10,2,4700.00,3,4699.90,3,4699.80,4,4699.70,3,4699.60,2,4699.50,2,4699.40,3,4699.30,4,4700.50,3,4700.60,1,4700.70,6,4700.80,3,4700.90,2,4701.00,3,4701.10,3,4701.20,2,4701.30,4,4701.40,3,Buy,37,22,59,15.00,15.00,-2.00,0.80,12.5,4700.40,4700.90,4700.10,4700.50,44,84,128,-40.00,5.00,-42.00,3.60,22.2,-36,69,0.0500,0.0000,-47.00,-53.00,4697.03,0.6428,UP,84.85,1.5085,1.8267
20260824 102835 550,4700.60,1,4700.30,4700.70,0.40,4700.30,2,4700.20,3,4700.10,2,4700.00,2,4699.90,3,4699.80,4,4699.70,3,4699.60,2,4699.50,2,4699.40,3,4700.70,4,4700.80,4,4700.90,2,4701.00,2,4701.10,4,4701.20,2,4701.30,4,4701.40,3,4701.50,4,4701.60,3,Buy,38,22,60,16.00,16.00,-2.00,0.80,25.0,4700.40,4700.90,4700.10,4700.60,44,84,128,-40.00,5.00,-42.00,3.60,22.2,-36,69,0.0500,0.0000,-46.00,-52.00,4697.04,0.6460,UP,84.85,1.5085,1.8267
20260824 102835 553,4700.40,1,4700.30,4700.70,0.40,4700.30,2,4700.20,3,4700.10,2,4700.00,2,4699.90,3,4699.80,4,4699.70,3,4699.60,2,4699.50,2,4699.40,3,4700.70,4,4700.80,4,4700.90,2,4701.00,2,4701.10,4,4701.20,2,4701.30,4,4701.40,3,4701.50,4,4701.60,3,Sell,38,23,61,15.00,16.00,-2.00,0.80,0.0,4700.40,4700.90,4700.10,4700.40,44,84,128,-40.00,5.00,-42.00,3.60,22.2,-36,69,0.0500,0.0667,-47.00,-53.00,4697.02,0.6396,UP,84.85,1.5085,1.8267
20260824 102835 572,4700.50,1,4700.30,4700.70,0.40,4700.30,2,4700.20,3,4700.10,2,4700.00,2,4699.90,3,4699.80,4,4699.70,3,4699.60,2,4699.50,2,4699.40,3,4700.70,4,4700.80,4,4700.90,2,4701.00,2,4701.10,4,4701.20,2,4701.30,4,4701.40,3,4701.50,4,4701.60,3,Buy,39,23,62,16.00,16.00,-2.00,0.80,12.5,4700.40,4700.90,4700.10,4700.50,44,84,128,-40.00,5.00,-42.00,3.60,22.2,-36,69,0.0500,0.0000,-46.00,-52.00,4697.03,0.6428,UP,84.85,1.5085,1.8267
20260824 102835 592,4700.60,1,4700.30,4700.70,0.40,4700.30,2,4700.20,3,4700.10,2,4700.00,2,4699.90,3,4699.80,4,4699.70,3,4699.60,2,4699.50,2,4699.40,3,4700.70,4,4700.80,4,4700.90,2,4701.00,2,4701.10,4,4701.20,2,4701.30,4,4701.40,3,4701.50,4,4701.60,3,Buy,40,23,63,17.00,17.00,-2.00,0.80,25.0,4700.40,4700.90,4700.10,4700.60,44,84,128,-40.00,5.00,-42.00,3.60,22.2,-36,69,0.0500,0.0000,-45.00,-51.00,4697.04,0.6460,UP,84.85,1.5085,1.8267
20260824 102835 614,4700.60,1,4700.30,4700.70,0.40,4700.30,2,4700.20,3,4700.10,2,4700.00,2,4699.90,3,4699.80,4,4699.70,3,4699.60,2,4699.50,2,4699.40,3,4700.70,4,4700.80,4,4700.90,2,4701.00,2,4701.10,4,4701.20,2,4701.30,4,4701.40,3,4701.50,4,4701.60,3,Buy,41,23,64,18.00,18.00,-2.00,0.80,25.0,4700.40,4700.90,4700.10,4700.60,44,84,128,-40.00,5.00,-42.00,3.60,22.2,-36,69,0.0500,0.0000,-44.00,-50.00,4697.04,0.6460,UP,84.85,1.5085,1.8267
20260824 102835 635,4700.60,1,4700.30,4700.70,0.40,4700.30,2,4700.20,3,4700.10,2,4700.00,2,4699.90,4,4699.80,4,4699.70,2,4699.60,2,4699.50,2,4699.40,3,4700.70,3,4700.80,3,4700.90,2,4701.00,2,4701.10,4,4701.20,2,4701.30,4,4701.40,3,4701.50,4,4701.60,3,Sell,41,24,65,17.00,18.00,-2.00,0.80,25.0,4700.40,4700.90,4700.10,4700.60,44,84,128,-40.00,5.00,-42.00,3.60,22.2,-36,69,0.0500,0.0588,-45.00,-51.00,4697.04,0.6460,UP,84.85,1.5085,1.8267
20260824 102835 656,4700.60,1,4700.30,4700.70,0.40,4700.30,2,4700.20,3,4700.10,2,4700.00,2,4699.90,4,4699.80,4,4699.70,2,4699.60,2,4699.50,2,4699.40,3,4700.70,3,4700.80,3,4700.90,2,4701.00,2,4701.10,4,4701.20,2,4701.30,4,4701.40,3,4701.50,4,4701.60,3,Sell,41,25,66,16.00,18.00,-2.00,0.80,25.0,4700.40,4700.90,4700.10,4700.60,44,84,128,-40.00,5.00,-42.00,3.60,22.2,-36,69,0.0500,0.1250,-46.00,-52.00,4697.04,0.6460,UP,84.85,1.5085,1.8267
20260824 102835 677,4700.60,1,4700.30,4700.70,0.40,4700.30,2,4700.20,3,4700.10,2,4700.00,2,4699.90,4,4699.80,4,4699.70,2,4699.60,2,4699.50,2,4699.40,3,4700.70,3,4700.80,3,4700.90,2,4701.00,2,4701.10,4,4701.20,2,4701.30,4,4701.40,3,4701.50,4,4701.60,3,Sell,41,26,67,15.00,18.00,-2.00,0.80,25.0,4700.40,4700.90,4700.10,4700.60,44,84,128,-40.00,5.00,-42.00,3.60,22.2,-36,69,0.0500,0.2000,-47.00,-53.00,4697.04,0.6460,UP,84.85,1.5085,1.8267
20260824 102835 699,4700.60,1,4700.30,4700.70,0.40,4700.30,2,4700.20,3,4700.10,2,4700.00,2,4699.90,4,4699.80,4,4699.70,2,4699.60,3,4699.50,2,4699.40,3,4700.70,1,4700.80,2,4700.90,3,4701.00,2,4701.10,4,4701.20,2,4701.30,4,4701.40,3,4701.50,4,4701.60,3,Sell,41,27,68,14.00,18.00,-2.00,0.80,25.0,4700.40,4700.90,4700.10,4700.60,44,84,128,-40.00,5.00,-42.00,3.60,22.2,-36,69,0.0500,0.2857,-48.00,-54.00,4697.04,0.6460,UP,84.85,1.5085,1.8267
20260824 102835 720,4700.60,1,4700.30,4700.70,0.40,4700.30,2,4700.20,3,4700.10,2,4700.00,2,4699.90,4,4699.80,4,4699.70,2,4699.60,3,4699.50,2,4699.40,3,4700.70,1,4700.80,2,4700.90,3,4701.00,2,4701.10,4,4701.20,2,4701.30,4,4701.40,3,4701.50,4,4701.60,3,Sell,41,28,69,13.00,18.00,-2.00,0.80,25.0,4700.40,4700.90,4700.10,4700.60,44,84,128,-40.00,5.00,-42.00,3.60,22.2,-36,69,0.0500,0.3846,-49.00,-55.00,4697.04,0.6460,UP,84.85,1.5085,1.8267
20260824 102835 741,4700.60,1,4700.30,4700.70,0.40,4700.30,2,4700.20,3,4700.10,2,4700.00,2,4699.90,4,4699.80,4,4699.70,2,4699.60,3,4699.50,2,4699.40,3,4700.70,1,4700.80,2,4700.90,3,4701.00,2,4701.10,4,4701.20,2,4701.30,4,4701.40,3,4701.50,4,4701.60,3,Sell,41,29,70,12.00,18.00,-2.00,0.80,25.0,4700.40,4700.90,4700.10,4700.60,44,84,128,-40.00,5.00,-42.00,3.60,22.2,-36,69,0.0500,0.5000,-50.00,-56.00,4697.04,0.6460,UP,84.85,1.5085,1.8267
20260824 102835 762,4700.60,1,4700.30,4700.70,0.40,4700.30,2,4700.20,3,4700.10,2,4700.00,2,4699.90,3,4699.80,5,4699.70,2,4699.60,2,4699.50,2,4699.40,3,4700.70,2,4700.80,2,4700.90,2,4701.00,2,4701.10,4,4701.20,2,4701.30,4,4701.40,2,4701.50,4,4701.60,4,Sell,41,30,71,11.00,18.00,-2.00,0.80,25.0,4700.40,4700.90,4700.10,4700.60,44,84,128,-40.00,5.00,-42.00,3.60,22.2,-36,69,0.0500,0.6364,-51.00,-57.00,4697.04,0.6460,UP,84.85,1.5085,1.8267
20260824 102835 783,4700.60,1,4700.30,4700.70,0.40,4700.30,2,4700.20,3,4700.10,2,4700.00,2,4699.90,3,4699.80,5,4699.70,2,4699.60,2,4699.50,2,4699.40,3,4700.70,2,4700.80,2,4700.90,2,4701.00,2,4701.10,4,4701.20,2,4701.30,4,4701.40,2,4701.50,4,4701.60,4,Sell,41,31,72,10.00,18.00,-2.00,0.80,25.0,4700.40,4700.90,4700.10,4700.60,44,84,128,-40.00,5.00,-42.00,3.60,22.2,-36,69,0.0500,0.8000,-52.00,-58.00,4697.04,0.6460,UP,84.85,1.5085,1.8267
20260824 102835 803,4700.60,1,4700.30,4700.70,0.40,4700.30,2,4700.20,3,4700.10,2,4700.00,2,4699.90,3,4699.80,5,4699.70,2,4699.60,2,4699.50,2,4699.40,3,4700.70,2,4700.80,2,4700.90,2,4701.00,2,4701.10,4,4701.20,2,4701.30,4,4701.40,2,4701.50,4,4701.60,4,Sell,41,32,73,9.00,18.00,-2.00,0.80,25.0,4700.40,4700.90,4700.10,4700.60,44,84,128,-40.00,5.00,-42.00,3.60,22.2,-36,69,0.0500,1.0000,-53.00,-59.00,4697.04,0.6460,UP,84.85,1.5085,1.8267
20260824 102835 833,4700.30,1,4700.00,4700.40,0.40,4700.00,1,4699.90,3,4699.80,1,4699.70,1,4699.60,3,4699.50,2,4699.40,3,4699.30,4,4699.20,7,4699.10,3,4700.40,2,4700.50,4,4700.60,1,4700.70,5,4700.80,5,4700.90,1,4701.00,3,4701.10,3,4701.20,3,4701.30,4,Sell,41,33,74,8.00,18.00,-2.00,0.80,12.5,4700.40,4700.90,4700.10,4700.30,44,84,128,-40.00,5.00,-42.00,3.60,22.2,-36,69,0.0500,1.2500,-54.00,-60.00,4697.01,0.6364,UP,84.85,1.5085,1.8267
20260824 102835 833,4700.30,1,4700.00,4700.40,0.40,4700.00,1,4699.90,3,4699.80,1,4699.70,1,4699.60,3,4699.50,2,4699.40,3,4699.30,4,4699.20,7,4699.10,3,4700.40,2,4700.50,4,4700.60,1,4700.70,5,4700.80,5,4700.90,1,4701.00,3,4701.10,3,4701.20,3,4701.30,4,Sell,41,34,75,7.00,18.00,-2.00,0.80,12.5,4700.40,4700.90,4700.10,4700.30,44,84,128,-40.00,5.00,-42.00,3.60,22.2,-36,69,0.0500,1.5714,-55.00,-61.00,4697.01,0.6364,UP,84.85,1.5085,1.8267
20260824 102835 835,4700.20,1,4700.00,4700.40,0.40,4700.00,1,4699.90,3,4699.80,1,4699.70,1,4699.60,3,4699.50,2,4699.40,3,4699.30,4,4699.20,7,4699.10,3,4700.40,2,4700.50,4,4700.60,1,4700.70,5,4700.80,5,4700.90,1,4701.00,3,4701.10,3,4701.20,3,4701.30,4,Sell,41,35,76,6.00,18.00,-2.00,0.80,25.0,4700.40,4700.90,4700.10,4700.20,44,84,128,-40.00,5.00,-42.00,3.60,22.2,-36,69,0.0500,2.0000,-56.00,-62.00,4697.00,0.6333,UP,84.85,1.5085,1.8267
20260824 102835 835,4700.20,1,4700.00,4700.40,0.40,4700.00,1,4699.90,3,4699.80,1,4699.70,1,4699.60,3,4699.50,2,4699.40,3,4699.30,4,4699.20,7,4699.10,3,4700.40,2,4700.50,4,4700.60,1,4700.70,5,4700.80,5,4700.90,1,4701.00,3,4701.10,3,4701.20,3,4701.30,4,Sell,41,36,77,5.00,18.00,-2.00,0.80,25.0,4700.40,4700.90,4700.10,4700.20,44,84,128,-40.00,5.00,-42.00,3.60,22.2,-36,69,0.0500,2.6000,-57.00,-63.00,4697.00,0.6333,UP,84.85,1.5085,1.8267
20260824 102835 935,4700.00,1,4700.20,4700.50,0.30,4700.20,1,4700.10,3,4700.00,3,4699.90,3,4699.80,1,4699.70,2,4699.60,3,4699.50,2,4699.40,3,4699.30,4,4700.50,2,4700.60,2,4700.70,5,4700.80,5,4700.90,3,4701.00,3,4701.10,3,4701.20,3,4701.30,4,4701.40,2,Sell,41,37,78,4.00,18.00,-2.00,0.90,44.4,4700.40,4700.90,4700.00,4700.00,44,84,128,-40.00,5.00,-42.00,3.60,22.2,-36,69,0.0500,3.5000,-58.00,-64.00,4696.98,0.6269,UP,84.85,1.5085,1.8267
20260824 102839 986,4700.10,1,4700.00,4700.30,0.30,4700.00,1,4699.90,1,4699.80,2,4699.70,1,4699.60,3,4699.50,3,4699.40,3,4699.30,4,4699.20,6,4699.10,4,4700.30,1,4700.40,2,4700.50,3,4700.60,3,4700.70,2,4700.80,5,4700.90,4,4701.00,2,4701.10,3,4701.20,3,Sell,41,38,79,3.00,18.00,-2.00,0.90,33.3,4700.40,4700.90,4700.00,4700.10,44,84,128,-40.00,5.00,-42.00,3.60,22.2,-36,69,0.0500,5.0000,-59.00,-65.00,4696.99,0.6301,UP,84.85,1.5085,1.8267
20260824 102842 563,4700.00,1,4700.00,4700.30,0.30,4700.00,1,4699.90,3,4699.80,2,4699.70,1,4699.60,3,4699.50,3,4699.40,3,4699.30,4,4699.20,6,4699.10,4,4700.30,1,4700.40,1,4700.50,4,4700.60,5,4700.70,2,4700.80,5,4700.90,4,4701.00,2,4701.10,3,4701.20,4,Sell,41,39,80,2.00,18.00,-2.00,0.90,44.4,4700.40,4700.90,4700.00,4700.00,44,84,128,-40.00,5.00,-42.00,3.60,22.2,-36,69,0.0500,8.0000,-60.00,-66.00,4696.98,0.6269,UP,84.85,1.5085,1.8267
20260824 102844 410,4700.20,1,4700.20,4700.50,0.30,4700.20,1,4700.10,1,4700.00,4,4699.90,4,4699.80,2,4699.70,3,4699.60,3,4699.50,2,4699.40,3,4699.30,4,4700.50,2,4700.60,4,4700.70,1,4700.80,4,4700.90,5,4701.00,2,4701.10,3,4701.20,4,4701.30,3,4701.40,2,Sell,41,40,81,1.00,18.00,-2.00,0.90,22.2,4700.40,4700.90,4700.00,4700.20,44,84,128,-40.00,5.00,-42.00,3.60,22.2,-36,69,0.0500,17.0000,-61.00,-67.00,4697.00,0.6333,UP,84.85,1.5085,1.8267
20260824 102851 874,4700.30,2,4700.20,4700.50,0.30,4700.20,1,4700.10,5,4700.00,3,4699.90,3,4699.80,3,4699.70,3,4699.60,3,4699.50,2,4699.40,4,4699.30,4,4700.50,2,4700.60,3,4700.70,2,4700.80,4,4700.90,3,4701.00,3,4701.10,3,4701.20,3,4701.30,3,4701.40,2,Buy,43,40,83,3.00,18.00,-2.00,0.90,11.1,4700.40,4700.90,4700.00,4700.30,44,84,128,-40.00,5.00,-42.00,3.60,22.2,-36,69,0.0500,5.0000,-59.00,-65.00,4697.01,0.6364,UP,84.85,1.5085,1.8267
20260824 102851 876,4700.30,2,4700.20,4700.50,0.30,4700.20,1,4700.10,5,4700.00,3,4699.90,3,4699.80,3,4699.70,3,4699.60,3,4699.50,2,4699.40,4,4699.30,4,4700.50,2,4700.60,3,4700.70,2,4700.80,4,4700.90,3,4701.00,3,4701.10,3,4701.20,3,4701.30,3,4701.40,2,Buy,45,40,85,5.00,18.00,-2.00,0.90,11.1,4700.40,4700.90,4700.00,4700.30,44,84,128,-40.00,5.00,-42.00,3.60,22.2,-36,69,0.0500,2.6000,-57.00,-63.00,4697.01,0.6364,UP,84.85,1.5085,1.8267
20260824 102856 756,4700.40,1,4700.20,4700.50,0.30,4700.20,4,4700.10,5,4700.00,3,4699.90,4,4699.80,2,4699.70,2,4699.60,4,4699.50,2,4699.40,3,4699.30,5,4700.50,1,4700.60,4,4700.70,1,4700.80,4,4700.90,3,4701.00,3,4701.10,3,4701.20,3,4701.30,3,4701.40,2,Buy,46,40,86,6.00,18.00,-2.00,0.90,0.0,4700.40,4700.90,4700.00,4700.40,44,84,128,-40.00,5.00,-42.00,3.60,22.2,-36,69,0.0500,2.0000,-56.00,-62.00,4697.02,0.6396,UP,84.85,1.5085,1.8267
20260824 102909 317,4700.50,1,4700.50,4700.80,0.30,4700.50,5,4700.30,2,4700.20,3,4700.10,3,4700.00,5,4699.90,5,4699.80,3,4699.70,3,4699.60,3,4699.50,2,4700.80,1,4700.90,2,4701.00,2,4701.10,3,4701.20,2,4701.30,4,4701.40,2,4701.50,3,4701.60,3,4701.70,3,Buy,1,0,1,1.00,1.00,1.00,0.00,0.0,4700.50,4700.50,4700.50,4700.50,46,40,86,6.00,18.00,-2.00,0.90,0.0,6,18,2.0000,0.0000,-50.00,-61.00,4697.03,0.6428,UP,80.40,1.0697,1.7033
20260824 102909 321,4700.60,1,4700.50,4700.80,0.30,4700.50,5,4700.30,2,4700.20,3,4700.10,3,4700.00,5,4699.90,5,4699.80,3,4699.70,3,4699.60,3,4699.50,2,4700.80,1,4700.90,2,4701.00,2,4701.10,3,4701.20,2,4701.30,4,4701.40,2,4701.50,3,4701.60,3,4701.70,3,Buy,2,0,2,2.00,2.00,1.00,0.10,100.0,4700.50,4700.60,4700.50,4700.60,46,40,86,6.00,18.00,-2.00,0.90,0.0,6,18,2.0000,0.0000,-49.00,-60.00,4697.04,0.6460,UP,80.40,1.0697,1.7105
20260824 102909 321,4700.60,1,4700.50,4700.80,0.30,4700.50,5,4700.30,2,4700.20,3,4700.10,3,4700.00,5,4699.90,5,4699.80,3,4699.70,3,4699.60,3,4699.50,2,4700.80,1,4700.90,2,4701.00,2,4701.10,3,4701.20,2,4701.30,4,4701.40,2,4701.50,3,4701.60,3,4701.70,3,Buy,3,0,3,3.00,3.00,1.00,0.10,100.0,4700.50,4700.60,4700.50,4700.60,46,40,86,6.00,18.00,-2.00,0.90,0.0,6,18,2.0000,0.0000,-48.00,-59.00,4697.04,0.6460,UP,80.40,1.0697,1.7105
20260824 102909 835,4700.80,1,4700.50,4700.80,0.30,4700.50,4,4700.30,2,4700.20,3,4700.10,3,4700.00,5,4699.90,5,4699.80,3,4699.70,3,4699.60,3,4699.50,2,4700.80,1,4700.90,1,4701.00,2,4701.10,3,4701.20,3,4701.30,3,4701.40,2,4701.50,3,4701.60,4,4701.70,3,Buy,4,0,4,4.00,4.00,1.00,0.30,100.0,4700.50,4700.80,4700.50,4700.80,46,40,86,6.00,18.00,-2.00,0.90,0.0,6,18,2.0000,0.0000,-47.00,-58.00,4697.06,0.6523,UP,80.40,1.0697,1.7248
20260824 102924 904,4700.50,4,4700.30,4700.50,0.20,4700.30,1,4700.20,1,4700.10,2,4700.00,4,4699.90,3,4699.80,4,4699.70,3,4699.60,3,4699.50,2,4699.40,4,4700.50,1,4700.60,2,4700.70,4,4700.80,2,4700.90,2,4701.00,3,4701.10,4,4701.20,3,4701.30,5,4701.40,2,Sell,4,4,8,0.00,4.00,0.00,0.30,0.0,4700.50,4700.80,4700.50,4700.50,46,40,86,6.00,18.00,-2.00,0.90,0.0,6,18,2.0000,4.0000,-51.00,-62.00,4697.03,0.6428,UP,80.40,1.0697,1.7248
20260824 102925 744,4700.50,1,4700.50,4700.80,0.30,4700.50,1,4700.40,2,4700.30,2,4700.20,1,4700.10,3,4700.00,5,4699.90,5,4699.80,4,4699.70,3,4699.60,3,4700.80,2,4700.90,2,4701.00,2,4701.10,4,4701.20,3,4701.30,4,4701.40,2,4701.50,3,4701.60,4,4701.70,3,Buy,5,4,9,1.00,4.00,0.00,0.30,0.0,4700.50,4700.80,4700.50,4700.50,46,40,86,6.00,18.00,-2.00,0.90,0.0,6,18,2.0000,3.0000,-50.00,-61.00,4697.03,0.6428,UP,80.40,1.0697,1.7248
20260824 102925 750,4700.60,1,4700.50,4700.80,0.30,4700.50,1,4700.40,2,4700.30,2,4700.20,1,4700.10,3,4700.00,5,4699.90,5,4699.80,4,4699.70,3,4699.60,3,4700.80,2,4700.90,2,4701.00,2,4701.10,4,4701.20,3,4701.30,4,4701.40,2,4701.50,3,4701.60,4,4701.70,3,Buy,6,4,10,2.00,4.00,0.00,0.30,33.3,4700.50,4700.80,4700.50,4700.60,46,40,86,6.00,18.00,-2.00,0.90,0.0,6,18,2.0000,1.0000,-49.00,-60.00,4697.04,0.6460,UP,80.40,1.0697,1.7248
20260824 102925 919,4700.70,1,4700.50,4700.80,0.30,4700.50,1,4700.40,2,4700.30,1,4700.20,2,4700.10,3,4700.00,5,4699.90,5,4699.80,4,4699.70,3,4699.60,4,4700.80,1,4700.90,2,4701.00,2,4701.10,4,4701.20,2,4701.30,4,4701.40,2,4701.50,3,4701.60,4,4701.70,3,Buy,7,4,11,3.00,4.00,0.00,0.30,66.7,4700.50,4700.80,4700.50,4700.70,46,40,86,6.00,18.00,-2.00,0.90,0.0,6,18,2.0000,0.3333,-48.00,-59.00,4697.05,0.6491,UP,80.40,1.0697,1.7248
20260824 102931 102,4700.40,1,4700.30,4700.60,0.30,4700.30,2,4700.20,3,4700.10,2,4700.00,4,4699.90,6,4699.80,4,4699.70,2,4699.60,3,4699.50,2,4699.40,4,4700.60,1,4700.70,2,4700.80,3,4700.90,2,4701.00,2,4701.10,5,4701.20,2,4701.30,4,4701.40,2,4701.50,3,Sell,7,5,12,2.00,4.00,0.00,0.40,25.0,4700.50,4700.80,4700.40,4700.40,46,40,86,6.00,18.00,-2.00,0.90,0.0,6,18,2.0000,1.0000,-49.00,-60.00,4697.02,0.6396,UP,80.40,1.0697,1.7248
20260824 102932 930,4700.70,1,4700.30,4700.70,0.40,4700.40,1,4700.30,1,4700.20,2,4700.10,2,4700.00,4,4699.90,6,4699.80,4,4699.70,2,4699.60,3,4699.50,2,4700.70,2,4700.80,2,4700.90,4,4701.00,1,4701.10,4,4701.20,3,4701.30,4,4701.40,2,4701.50,3,4701.60,4,Buy,8,5,13,3.00,4.00,0.00,0.40,50.0,4700.50,4700.80,4700.40,4700.70,46,40,86,6.00,18.00,-2.00,0.90,0.0,6,18,2.0000,0.3333,-48.00,-59.00,4697.05,0.6491,UP,80.40,1.0697,1.7248
20260824 102933 694,4700.40,1,4700.20,4700.50,0.30,4700.20,1,4700.10,1,4700.00,5,4699.90,4,4699.80,4,4699.70,2,4699.60,4,4699.50,2,4699.40,3,4699.30,4,4700.50,1,4700.60,2,4700.70,3,4700.80,2,4700.90,3,4701.00,3,4701.10,4,4701.20,3,4701.30,4,4701.40,2,Sell,8,6,14,2.00,4.00,0.00,0.40,25.0,4700.50,4700.80,4700.40,4700.40,46,40,86,6.00,18.00,-2.00,0.90,0.0,6,18,2.0000,1.0000,-49.00,-60.00,4697.02,0.6396,UP,80.40,1.0697,1.7248
20260824 102939 585,4700.60,1,4700.40,4700.80,0.40,4700.40,2,4700.30,1,4700.20,5,4700.10,2,4700.00,6,4699.90,5,4699.80,4,4699.70,3,4699.60,4,4699.50,2,4700.80,3,4700.90,3,4701.00,2,4701.10,2,4701.20,3,4701.30,4,4701.40,2,4701.50,3,4701.60,4,4701.70,3,Sell,8,7,15,1.00,4.00,0.00,0.40,25.0,4700.50,4700.80,4700.40,4700.60,46,40,86,6.00,18.00,-2.00,0.90,0.0,6,18,2.0000,3.0000,-50.00,-61.00,4697.04,0.6460,UP,80.40,1.0697,1.7248
20260824 102939 671,4700.40,1,4700.30,4700.60,0.30,4700.30,2,4700.20,3,4700.10,1,4700.00,4,4699.90,5,4699.80,4,4699.70,3,4699.60,4,4699.50,2,4699.40,3,4700.60,1,4700.70,3,4700.80,2,4700.90,3,4701.00,3,4701.10,3,4701.20,3,4701.30,3,4701.40,2,4701.50,3,Sell,8,8,16,0.00,4.00,0.00,0.40,25.0,4700.50,4700.80,4700.40,4700.40,46,40,86,6.00,18.00,-2.00,0.90,0.0,6,18,2.0000,4.0000,-51.00,-62.00,4697.02,0.6396,UP,80.40,1.0697,1.7248
20260824 102948 027,4700.00,1,4700.00,4700.40,0.40,4699.90,1,4699.80,2,4699.70,2,4699.60,3,4699.50,2,4699.40,4,4699.30,4,4699.20,5,4699.10,4,4699.00,3,4700.20,2,4700.30,3,4700.40,1,4700.50,3,4700.60,3,4700.70,5,4700.80,3,4700.90,4,4701.00,4,4701.10,4,Sell,8,9,17,-1.00,4.00,-1.00,0.80,62.5,4700.50,4700.80,4700.00,4700.00,46,40,86,6.00,18.00,-2.00,0.90,0.0,6,18,2.0000,0.0000,-52.00,-63.00,4696.98,0.6269,UP,80.40,1.0697,1.7533
20260824 102951 685,4700.10,1,4699.80,4700.10,0.30,4699.80,1,4699.70,2,4699.60,3,4699.50,2,4699.40,4,4699.30,4,4699.20,5,4699.10,4,4699.00,3,4698.90,4,4700.10,1,4700.20,1,4700.30,3,4700.40,1,4700.50,4,4700.60,3,4700.70,5,4700.80,4,4700.90,4,4701.00,3,Buy,9,9,18,0.00,4.00,-1.00,0.80,50.0,4700.50,4700.80,4700.00,4700.10,46,40,86,6.00,18.00,-2.00,0.90,0.0,6,18,2.0000,4.0000,-51.00,-62.00,4696.99,0.6301,UP,80.40,1.0697,1.7533
20260824 102955 037,4700.30,1,4699.90,4700.30,0.40,4700.00,1,4699.90,2,4699.80,2,4699.70,2,4699.60,1,4699.50,4,4699.40,3,4699.30,4,4699.20,5,4699.10,4,4700.40,1,4700.50,4,4700.60,2,4700.70,6,4700.80,3,4700.90,4,4701.00,3,4701.10,4,4701.20,4,4701.30,3,Buy,10,9,19,1.00,4.00,-1.00,0.80,25.0,4700.50,4700.80,4700.00,4700.30,46,40,86,6.00,18.00,-2.00,0.90,0.0,6,18,2.0000,3.0000,-50.00,-61.00,4697.01,0.6364,UP,80.40,1.0697,1.7533
20260824 102959 081,4700.30,1,4700.20,4700.50,0.30,4700.20,1,4700.10,4,4700.00,1,4699.90,4,4699.80,3,4699.70,4,4699.60,2,4699.50,3,4699.40,3,4699.30,4,4700.50,2,4700.60,3,4700.70,3,4700.80,2,4700.90,4,4701.00,4,4701.10,3,4701.20,4,4701.30,3,4701.40,2,Sell,10,10,20,0.00,4.00,-1.00,0.80,25.0,4700.50,4700.80,4700.00,4700.30,46,40,86,6.00,18.00,-2.00,0.90,0.0,6,18,2.0000,4.0000,-51.00,-62.00,4697.01,0.6364,UP,80.40,1.0697,1.7533
20260824 102959 228,4700.20,1,4700.20,4700.40,0.20,4700.20,1,4700.10,2,4700.00,1,4699.90,4,4699.80,3,4699.70,4,4699.60,2,4699.50,3,4699.40,3,4699.30,4,4700.40,1,4700.50,3,4700.60,3,4700.70,3,4700.80,2,4700.90,4,4701.00,4,4701.10,3,4701.20,4,4701.30,3,Sell,10,11,21,-1.00,4.00,-1.00,0.80,37.5,4700.50,4700.80,4700.00,4700.20,46,40,86,6.00,18.00,-2.00,0.90,0.0,6,18,2.0000,0.0000,-52.00,-63.00,4697.00,0.6333,UP,80.40,1.0697,1.7533
20260824 102959 670,4700.40,1,4700.30,4700.60,0.30,4700.30,1,4700.20,3,4700.10,6,4700.00,6,4699.90,5,4699.80,2,4699.70,3,4699.60,2,4699.50,3,4699.40,3,4700.60,1,4700.70,3,4700.80,3,4700.90,4,4701.00,3,4701.10,4,4701.20,3,4701.30,3,4701.40,2,4701.50,3,Buy,11,11,22,0.00,4.00,-1.00,0.80,12.5,4700.50,4700.80,4700.00,4700.40,46,40,86,6.00,18.00,-2.00,0.90,0.0,6,18,2.0000,4.0000,-51.00,-62.00,4697.02,0.6396,UP,80.40,1.0697,1.7533
20260824 102959 670,4700.40,1,4700.30,4700.60,0.30,4700.30,1,4700.20,3,4700.10,6,4700.00,6,4699.90,5,4699.80,2,4699.70,3,4699.60,2,4699.50,3,4699.40,3,4700.60,1,4700.70,3,4700.80,3,4700.90,4,4701.00,3,4701.10,4,4701.20,3,4701.30,3,4701.40,2,4701.50,3,Buy,12,11,23,1.00,4.00,-1.00,0.80,12.5,4700.50,4700.80,4700.00,4700.40,46,40,86,6.00,18.00,-2.00,0.90,0.0,6,18,2.0000,3.0000,-50.00,-61.00,4697.02,0.6396,UP,80.40,1.0697,1.7533
20260824 102959 670,4700.50,1,4700.30,4700.60,0.30,4700.30,1,4700.20,3,4700.10,6,4700.00,6,4699.90,5,4699.80,2,4699.70,3,4699.60,2,4699.50,3,4699.40,3,4700.60,1,4700.70,3,4700.80,3,4700.90,4,4701.00,3,4701.10,4,4701.20,3,4701.30,3,4701.40,2,4701.50,3,Buy,13,11,24,2.00,4.00,-1.00,0.80,0.0,4700.50,4700.80,4700.00,4700.50,46,40,86,6.00,18.00,-2.00,0.90,0.0,6,18,2.0000,1.0000,-49.00,-60.00,4697.03,0.6428,UP,80.40,1.0697,1.7533
20260824 102959 670,4700.50,1,4700.30,4700.60,0.30,4700.30,1,4700.20,3,4700.10,6,4700.00,6,4699.90,5,4699.80,2,4699.70,3,4699.60,2,4699.50,3,4699.40,3,4700.60,1,4700.70,3,4700.80,3,4700.90,4,4701.00,3,4701.10,4,4701.20,3,4701.30,3,4701.40,2,4701.50,3,Buy,14,11,25,3.00,4.00,-1.00,0.80,0.0,4700.50,4700.80,4700.00,4700.50,46,40,86,6.00,18.00,-2.00,0.90,0.0,6,18,2.0000,0.3333,-48.00,-59.00,4697.03,0.6428,UP,80.40,1.0697,1.7533
20260824 102959 670,4700.50,1,4700.30,4700.60,0.30,4700.30,1,4700.20,3,4700.10,6,4700.00,6,4699.90,5,4699.80,2,4699.70,3,4699.60,2,4699.50,3,4699.40,3,4700.60,1,4700.70,3,4700.80,3,4700.90,4,4701.00,3,4701.10,4,4701.20,3,4701.30,3,4701.40,2,4701.50,3,Buy,15,11,26,4.00,4.00,-1.00,0.80,0.0,4700.50,4700.80,4700.00,4700.50,46,40,86,6.00,18.00,-2.00,0.90,0.0,6,18,2.0000,0.0000,-47.00,-58.00,4697.03,0.6428,UP,80.40,1.0697,1.7533
20260824 102959 670,4700.60,1,4700.30,4700.60,0.30,4700.30,1,4700.20,3,4700.10,6,4700.00,6,4699.90,5,4699.80,2,4699.70,3,4699.60,2,4699.50,3,4699.40,3,4700.60,1,4700.70,3,4700.80,3,4700.90,4,4701.00,3,4701.10,4,4701.20,3,4701.30,3,4701.40,2,4701.50,3,Buy,16,11,27,5.00,5.00,-1.00,0.80,12.5,4700.50,4700.80,4700.00,4700.60,46,40,86,6.00,18.00,-2.00,0.90,0.0,6,18,2.0000,0.0000,-46.00,-57.00,4697.04,0.6460,UP,80.40,1.0697,1.7533
20260824 102959 670,4700.60,1,4700.30,4700.60,0.30,4700.30,1,4700.20,3,4700.10,6,4700.00,6,4699.90,5,4699.80,2,4699.70,3,4699.60,2,4699.50,3,4699.40,3,4700.60,1,4700.70,3,4700.80,3,4700.90,4,4701.00,3,4701.10,4,4701.20,3,4701.30,3,4701.40,2,4701.50,3,Buy,17,11,28,6.00,6.00,-1.00,0.80,12.5,4700.50,4700.80,4700.00,4700.60,46,40,86,6.00,18.00,-2.00,0.90,0.0,6,18,2.0000,0.0000,-45.00,-56.00,4697.04,0.6460,UP,80.40,1.0697,1.7533
20260824 102959 670,4700.70,1,4700.30,4700.60,0.30,4700.30,1,4700.20,3,4700.10,6,4700.00,6,4699.90,5,4699.80,2,4699.70,3,4699.60,2,4699.50,3,4699.40,3,4700.60,1,4700.70,3,4700.80,3,4700.90,4,4701.00,3,4701.10,4,4701.20,3,4701.30,3,4701.40,2,4701.50,3,Buy,18,11,29,7.00,7.00,-1.00,0.80,25.0,4700.50,4700.80,4700.00,4700.70,46,40,86,6.00,18.00,-2.00,0.90,0.0,6,18,2.0000,0.0000,-44.00,-55.00,4697.05,0.6491,UP,80.40,1.0697,1.7533
20260824 102959 670,4700.70,1,4700.30,4700.60,0.30,4700.30,1,4700.20,3,4700.10,6,4700.00,6,4699.90,5,4699.80,2,4699.70,3,4699.60,2,4699.50,3,4699.40,3,4700.60,1,4700.70,3,4700.80,3,4700.90,4,4701.00,3,4701.10,4,4701.20,3,4701.30,3,4701.40,2,4701.50,3,Buy,19,11,30,8.00,8.00,-1.00,0.80,25.0,4700.50,4700.80,4700.00,4700.70,46,40,86,6.00,18.00,-2.00,0.90,0.0,6,18,2.0000,0.0000,-43.00,-54.00,4697.05,0.6491,UP,80.40,1.0697,1.7533
20260824 102959 670,4700.70,1,4700.30,4700.60,0.30,4700.30,1,4700.20,3,4700.10,6,4700.00,6,4699.90,5,4699.80,2,4699.70,3,4699.60,2,4699.50,3,4699.40,3,4700.60,1,4700.70,3,4700.80,3,4700.90,4,4701.00,3,4701.10,4,4701.20,3,4701.30,3,4701.40,2,4701.50,3,Buy,20,11,31,9.00,9.00,-1.00,0.80,25.0,4700.50,4700.80,4700.00,4700.70,46,40,86,6.00,18.00,-2.00,0.90,0.0,6,18,2.0000,0.0000,-42.00,-53.00,4697.05,0.6491,UP,80.40,1.0697,1.7533
20260824 102959 670,4700.70,1,4700.30,4700.60,0.30,4700.30,1,4700.20,3,4700.10,6,4700.00,6,4699.90,5,4699.80,2,4699.70,3,4699.60,2,4699.50,3,4699.40,3,4700.60,1,4700.70,3,4700.80,3,4700.90,4,4701.00,3,4701.10,4,4701.20,3,4701.30,3,4701.40,2,4701.50,3,Buy,21,11,32,10.00,10.00,-1.00,0.80,25.0,4700.50,4700.80,4700.00,4700.70,46,40,86,6.00,18.00,-2.00,0.90,0.0,6,18,2.0000,0.0000,-41.00,-52.00,4697.05,0.6491,UP,80.40,1.0697,1.7533
20260824 103000 380,4700.40,1,4700.20,4700.40,0.20,4700.20,2,4700.10,1,4700.00,3,4699.90,4,4699.80,1,4699.70,3,4699.60,2,4699.50,4,4699.40,3,4699.30,4,4700.40,1,4700.60,2,4700.70,3,4700.80,3,4700.90,5,4701.00,5,4701.10,3,4701.20,3,4701.30,3,4701.40,2,Buy,1,0,1,1.00,1.00,1.00,0.00,0.0,4700.40,4700.40,4700.40,4700.40,21,11,32,10.00,10.00,-1.00,0.80,25.0,21,63,0.0000,0.0000,-17.00,-26.00,4697.36,0.5238,UP,79.90,0.4005,1.6495
20260824 103003 640,4700.30,1,4700.00,4700.40,0.40,4700.00,4,4699.90,3,4699.80,1,4699.70,3,4699.60,2,4699.50,4,4699.40,3,4699.30,4,4699.20,6,4699.10,4,4700.40,2,4700.50,5,4700.60,3,4700.70,3,4700.80,5,4700.90,6,4701.00,4,4701.10,3,4701.20,4,4701.30,4,Sell,1,1,2,0.00,1.00,0.00,0.10,100.0,4700.40,4700.40,4700.30,4700.30,21,11,32,10.00,10.00,-1.00,0.80,25.0,21,63,0.0000,1.0000,-18.00,-27.00,4697.36,0.5206,UP,79.90,0.4005,1.6567
20260824 103006 500,4700.00,1,4699.80,4700.20,0.40,4699.80,3,4699.70,3,4699.60,2,4699.50,3,4699.40,4,4699.30,4,4699.20,5,4699.10,4,4699.00,3,4698.90,4,4700.20,2,4700.30,2,4700.40,2,4700.50,5,4700.60,5,4700.70,5,4700.80,6,4700.90,6,4701.00,4,4701.10,3,Sell,1,2,3,-1.00,1.00,-1.00,0.40,100.0,4700.40,4700.40,4700.00,4700.00,21,11,32,10.00,10.00,-1.00,0.80,25.0,21,63,0.0000,0.0000,-19.00,-28.00,4697.33,0.5111,UP,79.90,0.4005,1.6781
20260824 103009 493,4700.20,1,4700.10,4700.50,0.40,4700.10,3,4700.00,4,4699.90,3,4699.80,3,4699.70,3,4699.60,2,4699.50,3,4699.40,3,4699.30,4,4699.20,7,4700.50,1,4700.60,2,4700.70,6,4700.80,4,4700.90,7,4701.00,5,4701.10,3,4701.20,4,4701.30,3,4701.40,2,Buy,2,2,4,0.00,1.00,-1.00,0.40,50.0,4700.40,4700.40,4700.00,4700.20,21,11,32,10.00,10.00,-1.00,0.80,25.0,21,63,0.0000,1.0000,-18.00,-27.00,4697.35,0.5175,UP,79.90,0.4005,1.6781
20260824 103009 822,4700.20,1,4700.10,4700.40,0.30,4700.10,1,4700.00,3,4699.90,2,4699.80,3,4699.70,2,4699.60,3,4699.50,3,4699.40,3,4699.30,5,4699.20,6,4700.40,2,4700.50,2,4700.60,2,4700.70,6,4700.80,5,4700.90,7,4701.00,5,4701.10,3,4701.20,3,4701.30,3,Sell,2,3,5,-1.00,1.00,-1.00,0.40,50.0,4700.40,4700.40,4700.00,4700.20,21,11,32,10.00,10.00,-1.00,0.80,25.0,21,63,0.0000,0.0000,-19.00,-28.00,4697.35,0.5175,UP,79.90,0.4005,1.6781
20260824 103019 087,4700.40,1,4700.30,4700.60,0.30,4700.30,1,4700.20,2,4700.10,4,4700.00,2,4699.90,5,4699.80,2,4699.70,3,4699.60,3,4699.50,3,4699.40,3,4700.60,1,4700.70,2,4700.80,2,4700.90,5,4701.00,6,4701.10,4,4701.20,6,4701.30,3,4701.40,2,4701.50,3,Sell,2,4,6,-2.00,1.00,-2.00,0.40,0.0,4700.40,4700.40,4700.00,4700.40,21,11,32,10.00,10.00,-1.00,0.80,25.0,21,63,0.0000,0.0000,-20.00,-29.00,4697.36,0.5238,UP,79.90,0.4005,1.6781
20260824 103019 088,4700.40,1,4700.30,4700.60,0.30,4700.30,1,4700.20,2,4700.10,4,4700.00,2,4699.90,5,4699.80,2,4699.70,3,4699.60,3,4699.50,3,4699.40,3,4700.60,1,4700.70,2,4700.80,2,4700.90,5,4701.00,6,4701.10,4,4701.20,6,4701.30,3,4701.40,2,4701.50,3,Sell,2,5,7,-3.00,1.00,-3.00,0.40,0.0,4700.40,4700.40,4700.00,4700.40,21,11,32,10.00,10.00,-1.00,0.80,25.0,21,63,0.0000,0.0000,-21.00,-30.00,4697.36,0.5238,UP,79.90,0.4005,1.6781
20260824 103022 348,4700.60,1,4700.30,4700.70,0.40,4700.30,4,4700.20,3,4700.10,2,4700.00,3,4699.90,5,4699.80,3,4699.70,3,4699.60,2,4699.50,3,4699.40,3,4700.70,2,4700.80,2,4700.90,6,4701.00,3,4701.10,5,4701.20,6,4701.30,3,4701.40,2,4701.50,3,4701.60,5,Buy,3,5,8,-2.00,1.00,-3.00,0.60,33.3,4700.40,4700.60,4700.00,4700.60,21,11,32,10.00,10.00,-1.00,0.80,25.0,21,63,0.0000,0.5000,-20.00,-29.00,4697.38,0.5302,UP,79.90,0.4005,1.6781
20260824 103025 743,4700.70,1,4700.40,4700.80,0.40,4700.40,1,4700.30,3,4700.20,3,4700.10,2,4700.00,3,4699.90,5,4699.80,2,4699.70,3,4699.60,3,4699.50,3,4700.80,2,4700.90,4,4701.00,2,4701.10,5,4701.20,6,4701.30,5,4701.40,2,4701.50,3,4701.60,4,4701.70,3,Buy,4,5,9,-1.00,1.00,-3.00,0.70,42.9,4700.40,4700.70,4700.00,4700.70,21,11,32,10.00,10.00,-1.00,0.80,25.0,21,63,0.0000,2.0000,-19.00,-28.00,4697.39,0.5333,UP,79.90,0.4005,1.6781
20260824 103025 997,4700.50,1,4700.50,4700.70,0.20,4700.50,1,4700.30,3,4700.20,2,4700.10,3,4700.00,3,4699.90,6,4699.80,2,4699.70,3,4699.60,4,4699.50,3,4700.70,1,4700.80,2,4700.90,3,4701.00,4,4701.10,3,4701.20,7,4701.30,5,4701.40,2,4701.50,3,4701.60,4,Sell,4,6,10,-2.00,1.00,-3.00,0.70,14.3,4700.40,4700.70,4700.00,4700.50,21,11,32,10.00,10.00,-1.00,0.80,25.0,21,63,0.0000,0.5000,-20.00,-29.00,4697.37,0.5270,UP,79.90,0.4005,1.6781
20260824 103033 957,4700.90,1,4700.70,4700.90,0.20,4700.70,1,4700.50,1,4700.40,3,4700.30,1,4700.20,3,4700.10,6,4700.00,4,4699.90,5,4699.80,2,4699.70,4,4700.90,1,4701.10,4,4701.20,6,4701.30,5,4701.40,4,4701.50,4,4701.60,3,4701.70,3,4701.80,3,4701.90,3,Buy,5,6,11,-1.00,1.00,-3.00,0.90,55.6,4700.40,4700.90,4700.00,4700.90,21,11,32,10.00,10.00,-1.00,0.80,25.0,21,63,0.0000,2.0000,-19.00,-28.00,4697.41,0.5397,UP,79.90,0.4005,1.6924
20260824 103035 148,4700.60,1,4700.50,4700.80,0.30,4700.50,1,4700.40,3,4700.20,3,4700.10,6,4700.00,4,4699.90,5,4699.80,2,4699.70,4,4699.60,3,4699.50,2,4700.80,2,4700.90,2,4701.10,3,4701.20,7,4701.30,6,4701.40,3,4701.50,4,4701.60,3,4701.70,3,4701.80,3,Sell,5,7,12,-2.00,1.00,-3.00,0.90,22.2,4700.40,4700.90,4700.00,4700.60,21,11,32,10.00,10.00,-1.00,0.80,25.0,21,63,0.0000,0.5000,-20.00,-29.00,4697.38,0.5302,UP,79.90,0.4005,1.6924
20260824 103038 198,4700.70,1,4700.50,4700.90,0.40,4700.50,3,4700.40,1,4700.30,2,4700.20,3,4700.10,5,4700.00,5,4699.90,5,4699.80,2,4699.70,4,4699.60,3,4700.90,1,4701.00,3,4701.10,2,4701.20,7,4701.30,6,4701.40,3,4701.50,4,4701.60,3,4701.70,3,4701.80,3,Sell,5,8,13,-3.00,1.00,-3.00,0.90,33.3,4700.40,4700.90,4700.00,4700.70,21,11,32,10.00,10.00,-1.00,0.80,25.0,21,63,0.0000,0.0000,-21.00,-30.00,4697.39,0.5333,UP,79.90,0.4005,1.6924
20260824 103043 097,4700.40,1,4700.40,4700.80,0.40,4700.50,1,4700.40,2,4700.30,1,4700.20,3,4700.10,5,4700.00,4,4699.90,5,4699.80,2,4699.70,3,4699.60,4,4700.80,1,4700.90,2,4701.00,2,4701.10,1,4701.20,8,4701.30,5,4701.40,3,4701.50,4,4701.60,4,4701.70,3,Sell,5,9,14,-4.00,1.00,-4.00,0.90,0.0,4700.40,4700.90,4700.00,4700.40,21,11,32,10.00,10.00,-1.00,0.80,25.0,21,63,0.0000,0.0000,-22.00,-31.00,4697.36,0.5238,UP,79.90,0.4005,1.6924
20260824 103053 839,4700.10,1,4700.00,4700.50,0.50,4700.00,4,4699.90,3,4699.80,1,4699.70,4,4699.60,2,4699.50,2,4699.40,3,4699.30,5,4699.20,6,4699.10,4,4700.50,2,4700.60,3,4700.70,4,4700.80,4,4700.90,3,4701.00,2,4701.10,3,4701.20,8,4701.30,4,4701.40,4,Sell,5,10,15,-5.00,1.00,-5.00,0.90,33.3,4700.40,4700.90,4700.00,4700.10,21,11,32,10.00,10.00,-1.00,0.80,25.0,21,63,0.0000,0.0000,-23.00,-32.00,4697.34,0.5143,UP,79.90,0.4005,1.6924
20260824 103058 626,4700.30,1,4700.20,4700.60,0.40,4700.20,1,4700.10,5,4700.00,3,4699.90,5,4699.80,2,4699.70,3,4699.60,2,4699.50,2,4699.40,4,4699.30,5,4700.60,1,4700.70,4,4700.80,3,4700.90,4,4701.00,2,4701.10,3,4701.20,8,4701.30,4,4701.40,3,4701.50,4,Sell,5,11,16,-6.00,1.00,-6.00,0.90,11.1,4700.40,4700.90,4700.00,4700.30,21,11,32,10.00,10.00,-1.00,0.80,25.0,21,63,0.0000,0.0000,-24.00,-33.00,4697.36,0.5206,UP,79.90,0.4005,1.6924
20260824 103100 734,4700.70,1,4700.50,4700.70,0.20,4700.40,2,4700.30,3,4700.20,1,4700.10,2,4700.00,2,4699.90,6,4699.80,3,4699.70,3,4699.60,2,4699.50,2,4700.70,1,4700.80,2,4700.90,3,4701.00,2,4701.10,3,4701.20,6,4701.30,4,4701.40,3,4701.50,4,4701.60,4,Buy,1,0,1,1.00,1.00,1.00,0.00,0.0,4700.70,4700.70,4700.70,4700.70,5,11,16,-6.00,1.00,-6.00,0.90,11.1,-12,18,0.0000,0.0000,-29.00,-42.00,4697.39,0.5333,UP,74.20,0.2156,1.6001
20260824 103105 299,4700.50,1,4700.40,4700.80,0.40,4700.40,2,4700.30,3,4700.20,1,4700.10,3,4700.00,4,4699.90,6,4699.80,3,4699.70,3,4699.60,3,4699.50,2,4700.80,2,4700.90,2,4701.00,2,4701.10,4,4701.20,7,4701.30,4,4701.40,3,4701.50,4,4701.60,4,4701.70,3,Buy,2,0,2,2.00,2.00,1.00,0.20,100.0,4700.70,4700.70,4700.50,4700.50,5,11,16,-6.00,1.00,-6.00,0.90,11.1,-12,18,0.0000,0.0000,-28.00,-41.00,4697.37,0.5270,UP,74.20,0.2156,1.6001
20260824 103105 470,4700.60,1,4700.60,4700.80,0.20,4700.40,1,4700.30,2,4700.20,1,4700.10,3,4700.00,5,4699.90,6,4699.80,3,4699.70,3,4699.60,4,4699.50,2,4700.80,2,4700.90,2,4701.00,2,4701.10,4,4701.20,7,4701.30,4,4701.40,3,4701.50,4,4701.60,4,4701.70,3,Sell,2,1,3,1.00,2.00,1.00,0.20,50.0,4700.70,4700.70,4700.50,4700.60,5,11,16,-6.00,1.00,-6.00,0.90,11.1,-12,18,0.0000,1.0000,-29.00,-42.00,4697.38,0.5302,UP,74.20,0.2156,1.6001
20260824 103107 179,4700.60,1,4700.40,4700.80,0.40,4700.40,1,4700.30,1,4700.20,3,4700.10,3,4700.00,5,4699.90,6,4699.80,3,4699.70,3,4699.60,4,4699.50,2,4700.80,2,4700.90,2,4701.00,2,4701.10,3,4701.20,7,4701.30,4,4701.40,3,4701.50,4,4701.60,4,4701.70,3,Sell,2,2,4,0.00,2.00,0.00,0.20,50.0,4700.70,4700.70,4700.50,4700.60,5,11,16,-6.00,1.00,-6.00,0.90,11.1,-12,18,0.0000,2.0000,-30.00,-43.00,4697.38,0.5302,UP,74.20,0.2156,1.6001
20260824 103107 577,4700.20,1,4700.20,4700.50,0.30,4700.20,1,4700.10,3,4700.00,4,4699.90,4,4699.80,2,4699.70,3,4699.60,3,4699.50,2,4699.40,4,4699.30,5,4700.50,2,4700.60,2,4700.70,3,4700.80,4,4700.90,5,4701.00,2,4701.10,3,4701.20,7,4701.30,4,4701.40,3,Sell,2,3,5,-1.00,2.00,-1.00,0.50,100.0,4700.70,4700.70,4700.20,4700.20,5,11,16,-6.00,1.00,-6.00,0.90,11.1,-12,18,0.0000,0.0000,-31.00,-44.00,4697.35,0.5175,UP,74.20,0.2156,1.6072
20260824 103107 577,4700.10,1,4700.20,4700.50,0.30,4700.20,1,4700.10,3,4700.00,4,4699.90,4,4699.80,2,4699.70,3,4699.60,3,4699.50,2,4699.40,4,4699.30,5,4700.50,2,4700.60,2,4700.70,3,4700.80,4,4700.90,5,4701.00,2,4701.10,3,4701.20,7,4701.30,4,4701.40,3,Sell,2,4,6,-2.00,2.00,-2.00,0.60,100.0,4700.70,4700.70,4700.10,4700.10,5,11,16,-6.00,1.00,-6.00,0.90,11.1,-12,18,0.0000,0.0000,-32.00,-45.00,4697.34,0.5143,UP,74.20,0.2156,1.6144
20260824 103110 142,4700.20,1,4699.90,4700.20,0.30,4700.00,1,4699.90,1,4699.80,5,4699.70,3,4699.60,1,4699.50,4,4699.40,4,4699.30,4,4699.20,6,4699.10,3,4700.30,2,4700.40,3,4700.50,1,4700.60,3,4700.70,4,4700.80,4,4700.90,4,4701.00,1,4701.10,4,4701.20,7,Buy,3,4,7,-1.00,2.00,-2.00,0.60,83.3,4700.70,4700.70,4700.10,4700.20,5,11,16,-6.00,1.00,-6.00,0.90,11.1,-12,18,0.0000,1.0000,-31.00,-44.00,4697.35,0.5175,UP,74.20,0.2156,1.6144
20260824 103112 028,4700.40,1,4700.20,4700.40,0.20,4700.20,1,4700.10,3,4700.00,3,4699.90,4,4699.80,2,4699.70,4,4699.60,2,4699.50,3,4699.40,4,4699.30,5,4700.60,2,4700.70,4,4700.80,3,4700.90,5,4701.00,1,4701.10,3,4701.20,7,4701.30,4,4701.40,3,4701.50,4,Buy,4,4,8,0.00,2.00,-2.00,0.60,50.0,4700.70,4700.70,4700.10,4700.40,5,11,16,-6.00,1.00,-6.00,0.90,11.1,-12,18,0.0000,2.0000,-30.00,-43.00,4697.36,0.5238,UP,74.20,0.2156,1.6144
20260824 103116 444,4700.50,1,4700.50,4700.80,0.30,4700.50,3,4700.30,3,4700.20,2,4700.10,3,4700.00,4,4699.90,6,4699.80,4,4699.70,3,4699.60,4,4699.50,2,4700.80,1,4700.90,1,4701.00,1,4701.10,3,4701.20,6,4701.30,4,4701.40,3,4701.50,4,4701.60,3,4701.70,3,Sell,4,5,9,-1.00,2.00,-2.00,0.60,33.3,4700.70,4700.70,4700.10,4700.50,5,11,16,-6.00,1.00,-6.00,0.90,11.1,-12,18,0.0000,1.0000,-31.00,-44.00,4697.37,0.5270,UP,74.20,0.2156,1.6144
20260824 103116 445,4700.50,2,4700.50,4700.80,0.30,4700.50,3,4700.30,3,4700.20,2,4700.10,3,4700.00,4,4699.90,6,4699.80,4,4699.70,3,4699.60,4,4699.50,2,4700.80,1,4700.90,1,4701.00,1,4701.10,3,4701.20,6,4701.30,4,4701.40,3,4701.50,4,4701.60,3,4701.70,3,Sell,4,7,11,-3.00,2.00,-3.00,0.60,33.3,4700.70,4700.70,4700.10,4700.50,5,11,16,-6.00,1.00,-6.00,0.90,11.1,-12,18,0.0000,0.0000,-33.00,-46.00,4697.37,0.5270,UP,74.20,0.2156,1.6144
20260824 103116 446,4700.50,1,4700.50,4700.80,0.30,4700.50,3,4700.30,3,4700.20,2,4700.10,3,4700.00,4,4699.90,6,4699.80,4,4699.70,3,4699.60,4,4699.50,2,4700.80,1,4700.90,1,4701.00,1,4701.10,3,4701.20,6,4701.30,4,4701.40,3,4701.50,4,4701.60,3,4701.70,3,Sell,4,8,12,-4.00,2.00,-4.00,0.60,33.3,4700.70,4700.70,4700.10,4700.50,5,11,16,-6.00,1.00,-6.00,0.90,11.1,-12,18,0.0000,0.0000,-34.00,-47.00,4697.37,0.5270,UP,74.20,0.2156,1.6144
20260824 103116 446,4700.50,1,4700.50,4700.80,0.30,4700.50,3,4700.30,3,4700.20,2,4700.10,3,4700.00,4,4699.90,6,4699.80,4,4699.70,3,4699.60,4,4699.50,2,4700.80,1,4700.90,1,4701.00,1,4701.10,3,4701.20,6,4701.30,4,4701.40,3,4701.50,4,4701.60,3,4701.70,3,Sell,4,9,13,-5.00,2.00,-5.00,0.60,33.3,4700.70,4700.70,4700.10,4700.50,5,11,16,-6.00,1.00,-6.00,0.90,11.1,-12,18,0.0000,0.0000,-35.00,-48.00,4697.37,0.5270,UP,74.20,0.2156,1.6144
20260824 103116 447,4700.50,1,4700.50,4700.80,0.30,4700.50,3,4700.30,3,4700.20,2,4700.10,3,4700.00,4,4699.90,6,4699.80,4,4699.70,3,4699.60,4,4699.50,2,4700.80,1,4700.90,1,4701.00,1,4701.10,3,4701.20,6,4701.30,4,4701.40,3,4701.50,4,4701.60,3,4701.70,3,Sell,4,10,14,-6.00,2.00,-6.00,0.60,33.3,4700.70,4700.70,4700.10,4700.50,5,11,16,-6.00,1.00,-6.00,0.90,11.1,-12,18,0.0000,0.0000,-36.00,-49.00,4697.37,0.5270,UP,74.20,0.2156,1.6144
20260824 103116 447,4700.70,1,4700.50,4700.80,0.30,4700.50,3,4700.30,3,4700.20,2,4700.10,3,4700.00,4,4699.90,6,4699.80,4,4699.70,3,4699.60,4,4699.50,2,4700.80,1,4700.90,1,4701.00,1,4701.10,3,4701.20,6,4701.30,4,4701.40,3,4701.50,4,4701.60,3,4701.70,3,Buy,5,10,15,-5.00,2.00,-6.00,0.60,0.0,4700.70,4700.70,4700.10,4700.70,5,11,16,-6.00,1.00,-6.00,0.90,11.1,-12,18,0.0000,0.2000,-35.00,-48.00,4697.39,0.5333,UP,74.20,0.2156,1.6144
20260824 103116 447,4700.70,1,4700.50,4700.80,0.30,4700.50,3,4700.30,3,4700.20,2,4700.10,3,4700.00,4,4699.90,6,4699.80,4,4699.70,3,4699.60,4,4699.50,2,4700.80,1,4700.90,1,4701.00,1,4701.10,3,4701.20,6,4701.30,4,4701.40,3,4701.50,4,4701.60,3,4701.70,3,Buy,6,10,16,-4.00,2.00,-6.00,0.60,0.0,4700.70,4700.70,4700.10,4700.70,5,11,16,-6.00,1.00,-6.00,0.90,11.1,-12,18,0.0000,0.5000,-34.00,-47.00,4697.39,0.5333,UP,74.20,0.2156,1.6144
20260824 103116 449,4700.80,1,4700.50,4700.80,0.30,4700.50,3,4700.30,3,4700.20,2,4700.10,3,4700.00,4,4699.90,6,4699.80,4,4699.70,3,4699.60,4,4699.50,2,4700.80,1,4700.90,1,4701.00,1,4701.10,3,4701.20,6,4701.30,4,4701.40,3,4701.50,4,4701.60,3,4701.70,3,Buy,7,10,17,-3.00,2.00,-6.00,0.70,14.3,4700.70,4700.80,4700.10,4700.80,5,11,16,-6.00,1.00,-6.00,0.90,11.1,-12,18,0.0000,1.0000,-33.00,-46.00,4697.40,0.5365,UP,74.20,0.2156,1.6215
20260824 103117 672,4700.70,1,4700.50,4700.80,0.30,4700.50,2,4700.30,3,4700.20,2,4700.10,2,4700.00,5,4699.90,6,4699.80,4,4699.70,3,4699.60,4,4699.50,2,4700.80,1,4700.90,4,4701.00,3,4701.10,1,4701.20,8,4701.30,4,4701.40,3,4701.50,4,4701.60,3,4701.70,4,Sell,7,11,18,-4.00,2.00,-6.00,0.70,0.0,4700.70,4700.80,4700.10,4700.70,5,11,16,-6.00,1.00,-6.00,0.90,11.1,-12,18,0.0000,0.5000,-34.00,-47.00,4697.39,0.5333,UP,74.20,0.2156,1.6215
20260824 103124 286,4700.90,1,4700.60,4700.90,0.30,4700.60,3,4700.50,3,4700.40,1,4700.30,2,4700.20,2,4700.10,4,4700.00,4,4699.90,6,4699.80,4,4699.70,3,4700.90,2,4701.00,2,4701.10,2,4701.20,5,4701.30,5,4701.40,3,4701.50,4,4701.60,4,4701.70,3,4701.80,3,Buy,8,11,19,-3.00,2.00,-6.00,0.80,25.0,4700.70,4700.90,4700.10,4700.90,5,11,16,-6.00,1.00,-6.00,0.90,11.1,-12,18,0.0000,1.0000,-33.00,-46.00,4697.41,0.5397,UP,74.20,0.2156,1.6286
20260824 103124 420,4701.00,1,4701.00,4701.20,0.20,4700.80,2,4700.70,2,4700.60,4,4700.50,4,4700.40,1,4700.30,3,4700.20,3,4700.10,4,4700.00,5,4699.90,6,4701.20,2,4701.30,2,4701.40,2,4701.50,4,4701.60,4,4701.70,4,4701.80,3,4701.90,3,4702.00,3,4702.10,3,Sell,8,12,20,-4.00,2.00,-6.00,0.90,33.3,4700.70,4701.00,4700.10,4701.00,5,11,16,-6.00,1.00,-6.00,0.90,11.1,-12,18,0.0000,0.5000,-34.00,-47.00,4697.42,0.5429,UP,74.20,0.2156,1.6358
20260824 103124 527,4700.80,1,4700.70,4701.00,0.30,4700.70,1,4700.60,3,4700.50,4,4700.40,1,4700.30,3,4700.20,3,4700.10,4,4700.00,5,4699.90,6,4699.80,3,4701.00,1,4701.10,4,4701.20,2,4701.30,3,4701.40,3,4701.50,3,4701.60,4,4701.70,4,4701.80,4,4701.90,3,Sell,8,13,21,-5.00,2.00,-6.00,0.90,11.1,4700.70,4701.00,4700.10,4700.80,5,11,16,-6.00,1.00,-6.00,0.90,11.1,-12,18,0.0000,0.2000,-35.00,-48.00,4697.40,0.5365,UP,74.20,0.2156,1.6358
20260824 103130 395,4700.60,1,4700.60,4701.00,0.40,4700.60,2,4700.50,3,4700.40,1,4700.30,2,4700.20,3,4700.10,4,4700.00,4,4699.90,6,4699.80,3,4699.70,3,4701.00,1,4701.10,5,4701.20,2,4701.30,5,4701.40,2,4701.50,4,4701.60,4,4701.70,4,4701.80,4,4701.90,3,Sell,8,14,22,-6.00,2.00,-6.00,0.90,11.1,4700.70,4701.00,4700.10,4700.60,5,11,16,-6.00,1.00,-6.00,0.90,11.1,-12,18,0.0000,0.0000,-36.00,-49.00,4697.38,0.5302,UP,74.20,0.2156,1.6358
20260824 103130 417,4700.70,1,4700.60,4701.00,0.40,4700.60,2,4700.50,3,4700.40,1,4700.30,2,4700.20,3,4700.10,4,4700.00,4,4699.90,6,4699.80,3,4699.70,3,4701.00,1,4701.10,5,4701.20,2,4701.30,5,4701.40,2,4701.50,4,4701.60,4,4701.70,4,4701.80,4,4701.90,3,Buy,9,14,23,-5.00,2.00,-6.00,0.90,0.0,4700.70,4701.00,4700.10,4700.70,5,11,16,-6.00,1.00,-6.00,0.90,11.1,-12,18,0.0000,0.2000,-35.00,-48.00,4697.39,0.5333,UP,74.20,0.2156,1.6358
20260824 103130 418,4700.80,1,4700.60,4701.00,0.40,4700.60,2,4700.50,3,4700.40,1,4700.30,2,4700.20,3,4700.10,4,4700.00,4,4699.90,6,4699.80,3,4699.70,3,4701.00,1,4701.10,5,4701.20,2,4701.30,5,4701.40,2,4701.50,4,4701.60,4,4701.70,4,4701.80,4,4701.90,3,Buy,10,14,24,-4.00,2.00,-6.00,0.90,11.1,4700.70,4701.00,4700.10,4700.80,5,11,16,-6.00,1.00,-6.00,0.90,11.1,-12,18,0.0000,0.5000,-34.00,-47.00,4697.40,0.5365,UP,74.20,0.2156,1.6358
20260824 103136 282,4700.70,1,4700.70,4700.90,0.20,4700.70,1,4700.60,2,4700.50,5,4700.40,1,4700.30,2,4700.20,2,4700.10,3,4700.00,4,4699.90,7,4699.80,3,4700.90,1,4701.00,1,4701.10,2,4701.20,2,4701.30,5,4701.40,3,4701.50,4,4701.60,4,4701.70,4,4701.80,4,Sell,10,15,25,-5.00,2.00,-6.00,0.90,0.0,4700.70,4701.00,4700.10,4700.70,5,11,16,-6.00,1.00,-6.00,0.90,11.1,-12,18,0.0000,0.2000,-35.00,-48.00,4697.39,0.5333,UP,74.20,0.2156,1.6358
20260824 103138 488,4700.80,1,4700.80,4701.10,0.30,4700.70,2,4700.60,2,4700.50,5,4700.40,1,4700.30,2,4700.20,3,4700.10,3,4700.00,4,4699.90,7,4699.80,3,4701.00,1,4701.10,2,4701.20,4,4701.30,3,4701.40,3,4701.50,5,4701.60,3,4701.70,4,4701.80,4,4701.90,3,Sell,10,16,26,-6.00,2.00,-6.00,0.90,11.1,4700.70,4701.00,4700.10,4700.80,5,11,16,-6.00,1.00,-6.00,0.90,11.1,-12,18,0.0000,0.0000,-36.00,-49.00,4697.40,0.5365,UP,74.20,0.2156,1.6358
20260824 103143 004,4700.60,1,4700.50,4700.70,0.20,4700.50,3,4700.30,2,4700.20,3,4700.10,2,4700.00,4,4699.90,6,4699.80,3,4699.70,3,4699.60,4,4699.50,2,4700.70,1,4700.80,2,4700.90,1,4701.00,4,4701.10,3,4701.20,2,4701.30,4,4701.40,3,4701.50,4,4701.60,7,Sell,10,17,27,-7.00,2.00,-7.00,0.90,11.1,4700.70,4701.00,4700.10,4700.60,5,11,16,-6.00,1.00,-6.00,0.90,11.1,-12,18,0.0000,0.0000,-37.00,-50.00,4697.38,0.5302,UP,74.20,0.2156,1.6358
20260824 103143 025,4700.60,1,4700.50,4700.70,0.20,4700.50,3,4700.30,2,4700.20,3,4700.10,2,4700.00,4,4699.90,6,4699.80,3,4699.70,3,4699.60,4,4699.50,2,4700.70,1,4700.80,2,4700.90,1,4701.00,4,4701.10,3,4701.20,2,4701.30,4,4701.40,3,4701.50,4,4701.60,7,Sell,10,18,28,-8.00,2.00,-8.00,0.90,11.1,4700.70,4701.00,4700.10,4700.60,5,11,16,-6.00,1.00,-6.00,0.90,11.1,-12,18,0.0000,0.0000,-38.00,-51.00,4697.38,0.5302,UP,74.20,0.2156,1.6358
20260824 103143 046,4700.60,1,4700.50,4700.70,0.20,4700.50,3,4700.30,2,4700.20,3,4700.10,2,4700.00,4,4699.90,6,4699.80,3,4699.70,3,4699.60,4,4699.50,2,4700.70,1,4700.80,2,4700.90,1,4701.00,4,4701.10,3,4701.20,2,4701.30,4,4701.40,3,4701.50,4,4701.60,7,Sell,10,19,29,-9.00,2.00,-9.00,0.90,11.1,4700.70,4701.00,4700.10,4700.60,5,11,16,-6.00,1.00,-6.00,0.90,11.1,-12,18,0.0000,0.0000,-39.00,-52.00,4697.38,0.5302,UP,74.20,0.2156,1.6358
20260824 103143 067,4700.60,1,4699.90,4700.20,0.30,4700.00,2,4699.90,4,4699.80,3,4699.70,3,4699.60,2,4699.50,2,4699.40,4,4699.30,4,4699.20,6,4699.10,4,4700.40,3,4700.50,5,4700.60,4,4700.70,3,4700.80,2,4700.90,2,4701.00,4,4701.10,3,4701.20,2,4701.30,4,Sell,10,20,30,-10.00,2.00,-10.00,0.90,11.1,4700.70,4701.00,4700.10,4700.60,5,11,16,-6.00,1.00,-6.00,0.90,11.1,-12,18,0.0000,0.0000,-40.00,-53.00,4697.38,0.5302,UP,74.20,0.2156,1.6358
20260824 103143 083,4700.50,1,4699.90,4700.20,0.30,4700.00,2,4699.90,4,4699.80,3,4699.70,3,4699.60,2,4699.50,2,4699.40,4,4699.30,4,4699.20,6,4699.10,4,4700.40,3,4700.50,5,4700.60,4,4700.70,3,4700.80,2,4700.90,2,4701.00,4,4701.10,3,4701.20,2,4701.30,4,Sell,10,21,31,-11.00,2.00,-11.00,0.90,22.2,4700.70,4701.00,4700.10,4700.50,5,11,16,-6.00,1.00,-6.00,0.90,11.1,-12,18,0.0000,0.0000,-41.00,-54.00,4697.37,0.5270,UP,74.20,0.2156,1.6358
20260824 103143 084,4700.50,1,4699.90,4700.20,0.30,4700.00,2,4699.90,4,4699.80,3,4699.70,3,4699.60,2,4699.50,2,4699.40,4,4699.30,4,4699.20,6,4699.10,4,4700.40,3,4700.50,5,4700.60,4,4700.70,3,4700.80,2,4700.90,2,4701.00,4,4701.10,3,4701.20,2,4701.30,4,Sell,10,22,32,-12.00,2.00,-12.00,0.90,22.2,4700.70,4701.00,4700.10,4700.50,5,11,16,-6.00,1.00,-6.00,0.90,11.1,-12,18,0.0000,0.0000,-42.00,-55.00,4697.37,0.5270,UP,74.20,0.2156,1.6358
20260824 103143 084,4700.50,1,4699.90,4700.20,0.30,4700.00,2,4699.90,4,4699.80,3,4699.70,3,4699.60,2,4699.50,2,4699.40,4,4699.30,4,4699.20,6,4699.10,4,4700.40,3,4700.50,5,4700.60,4,4700.70,3,4700.80,2,4700.90,2,4701.00,4,4701.10,3,4701.20,2,4701.30,4,Sell,10,23,33,-13.00,2.00,-13.00,0.90,22.2,4700.70,4701.00,4700.10,4700.50,5,11,16,-6.00,1.00,-6.00,0.90,11.1,-12,18,0.0000,0.0000,-43.00,-56.00,4697.37,0.5270,UP,74.20,0.2156,1.6358
20260824 103143 084,4700.50,2,4699.90,4700.20,0.30,4700.00,2,4699.90,4,4699.80,3,4699.70,3,4699.60,2,4699.50,2,4699.40,4,4699.30,4,4699.20,6,4699.10,4,4700.40,3,4700.50,5,4700.60,4,4700.70,3,4700.80,2,4700.90,2,4701.00,4,4701.10,3,4701.20,2,4701.30,4,Sell,10,25,35,-15.00,2.00,-15.00,0.90,22.2,4700.70,4701.00,4700.10,4700.50,5,11,16,-6.00,1.00,-6.00,0.90,11.1,-12,18,0.0000,0.0000,-45.00,-58.00,4697.37,0.5270,UP,74.20,0.2156,1.6358
20260824 103143 084,4700.50,2,4699.90,4700.20,0.30,4700.00,2,4699.90,4,4699.80,3,4699.70,3,4699.60,2,4699.50,2,4699.40,4,4699.30,4,4699.20,6,4699.10,4,4700.40,3,4700.50,5,4700.60,4,4700.70,3,4700.80,2,4700.90,2,4701.00,4,4701.10,3,4701.20,2,4701.30,4,Sell,10,27,37,-17.00,2.00,-17.00,0.90,22.2,4700.70,4701.00,4700.10,4700.50,5,11,16,-6.00,1.00,-6.00,0.90,11.1,-12,18,0.0000,0.0000,-47.00,-60.00,4697.37,0.5270,UP,74.20,0.2156,1.6358
20260824 103143 096,4700.30,1,4699.90,4700.20,0.30,4700.00,2,4699.90,4,4699.80,3,4699.70,3,4699.60,2,4699.50,2,4699.40,4,4699.30,4,4699.20,6,4699.10,4,4700.40,3,4700.50,5,4700.60,4,4700.70,3,4700.80,2,4700.90,2,4701.00,4,4701.10,3,4701.20,2,4701.30,4,Buy,11,27,38,-16.00,2.00,-17.00,0.90,44.4,4700.70,4701.00,4700.10,4700.30,5,11,16,-6.00,1.00,-6.00,0.90,11.1,-12,18,0.0000,0.0625,-46.00,-59.00,4697.36,0.5206,UP,74.20,0.2156,1.6358
20260824 103143 111,4700.20,1,4699.90,4700.20,0.30,4700.00,2,4699.90,4,4699.80,3,4699.70,3,4699.60,2,4699.50,2,4699.40,4,4699.30,4,4699.20,6,4699.10,4,4700.40,3,4700.50,5,4700.60,4,4700.70,3,4700.80,2,4700.90,2,4701.00,4,4701.10,3,4701.20,2,4701.30,4,Buy,12,27,39,-15.00,2.00,-17.00,0.90,55.6,4700.70,4701.00,4700.10,4700.20,5,11,16,-6.00,1.00,-6.00,0.90,11.1,-12,18,0.0000,0.1333,-45.00,-58.00,4697.35,0.5175,UP,74.20,0.2156,1.6358
20260824 103143 120,4699.90,1,4699.90,4700.30,0.40,4699.90,2,4699.80,1,4699.70,4,4699.60,5,4699.50,4,4699.40,4,4699.30,4,4699.20,5,4699.10,3,4699.00,4,4700.30,1,4700.40,2,4700.50,1,4700.60,3,4700.70,5,4700.80,4,4700.90,3,4701.00,2,4701.10,3,4701.20,3,Sell,12,28,40,-16.00,2.00,-17.00,1.10,72.7,4700.70,4701.00,4699.90,4699.90,5,11,16,-6.00,1.00,-6.00,0.90,11.1,-12,18,0.0000,0.0625,-46.00,-59.00,4697.32,0.5079,UP,74.20,0.2156,1.6501
20260824 103143 130,4700.00,1,4699.90,4700.30,0.40,4699.90,2,4699.80,1,4699.70,4,4699.60,5,4699.50,4,4699.40,4,4699.30,4,4699.20,5,4699.10,3,4699.00,4,4700.30,1,4700.40,2,4700.50,1,4700.60,3,4700.70,5,4700.80,4,4700.90,3,4701.00,2,4701.10,3,4701.20,3,Buy,13,28,41,-15.00,2.00,-17.00,1.10,63.6,4700.70,4701.00,4699.90,4700.00,5,11,16,-6.00,1.00,-6.00,0.90,11.1,-12,18,0.0000,0.1333,-45.00,-58.00,4697.33,0.5111,UP,74.20,0.2156,1.6501
20260824 103143 151,4700.10,1,4699.90,4700.30,0.40,4699.90,2,4699.80,1,4699.70,4,4699.60,5,4699.50,4,4699.40,4,4699.30,4,4699.20,5,4699.10,3,4699.00,4,4700.30,1,4700.40,2,4700.50,1,4700.60,3,4700.70,5,4700.80,4,4700.90,3,4701.00,2,4701.10,3,4701.20,3,Buy,14,28,42,-14.00,2.00,-17.00,1.10,54.5,4700.70,4701.00,4699.90,4700.10,5,11,16,-6.00,1.00,-6.00,0.90,11.1,-12,18,0.0000,0.2143,-44.00,-57.00,4697.34,0.5143,UP,74.20,0.2156,1.6501
20260824 103143 172,4700.20,1,4699.90,4700.30,0.40,4699.90,2,4699.80,1,4699.70,4,4699.60,5,4699.50,4,4699.40,4,4699.30,4,4699.20,5,4699.10,3,4699.00,4,4700.30,1,4700.40,2,4700.50,1,4700.60,3,4700.70,5,4700.80,4,4700.90,3,4701.00,2,4701.10,3,4701.20,3,Buy,15,28,43,-13.00,2.00,-17.00,1.10,45.5,4700.70,4701.00,4699.90,4700.20,5,11,16,-6.00,1.00,-6.00,0.90,11.1,-12,18,0.0000,0.3077,-43.00,-56.00,4697.35,0.5175,UP,74.20,0.2156,1.6501
20260824 103143 192,4700.30,1,4699.90,4700.30,0.40,4699.90,2,4699.80,1,4699.70,4,4699.60,5,4699.50,4,4699.40,4,4699.30,4,4699.20,6,4699.10,3,4699.00,4,4700.30,2,4700.40,1,4700.50,2,4700.60,5,4700.70,5,4700.80,4,4700.90,3,4701.00,2,4701.10,4,4701.20,4,Buy,16,28,44,-12.00,2.00,-17.00,1.10,36.4,4700.70,4701.00,4699.90,4700.30,5,11,16,-6.00,1.00,-6.00,0.90,11.1,-12,18,0.0000,0.4167,-42.00,-55.00,4697.36,0.5206,UP,74.20,0.2156,1.6501
20260824 103143 214,4700.30,1,4699.90,4700.30,0.40,4699.90,2,4699.80,1,4699.70,4,4699.60,5,4699.50,4,4699.40,4,4699.30,4,4699.20,6,4699.10,3,4699.00,4,4700.30,2,4700.40,1,4700.50,2,4700.60,5,4700.70,5,4700.80,4,4700.90,3,4701.00,2,4701.10,4,4701.20,4,Buy,17,28,45,-11.00,2.00,-17.00,1.10,36.4,4700.70,4701.00,4699.90,4700.30,5,11,16,-6.00,1.00,-6.00,0.90,11.1,-12,18,0.0000,0.5455,-41.00,-54.00,4697.36,0.5206,UP,74.20,0.2156,1.6501
20260824 103143 234,4700.30,1,4699.90,4700.30,0.40,4699.90,2,4699.80,1,4699.70,4,4699.60,5,4699.50,4,4699.40,4,4699.30,4,4699.20,6,4699.10,3,4699.00,4,4700.30,2,4700.40,1,4700.50,2,4700.60,5,4700.70,5,4700.80,4,4700.90,3,4701.00,2,4701.10,4,4701.20,4,Buy,18,28,46,-10.00,2.00,-17.00,1.10,36.4,4700.70,4701.00,4699.90,4700.30,5,11,16,-6.00,1.00,-6.00,0.90,11.1,-12,18,0.0000,0.7000,-40.00,-53.00,4697.36,0.5206,UP,74.20,0.2156,1.6501
20260824 103143 254,4700.30,1,4699.90,4700.30,0.40,4699.90,2,4699.80,1,4699.70,4,4699.60,5,4699.50,4,4699.40,4,4699.30,4,4699.20,6,4699.10,3,4699.00,4,4700.30,2,4700.40,1,4700.50,2,4700.60,5,4700.70,5,4700.80,4,4700.90,3,4701.00,2,4701.10,4,4701.20,4,Buy,19,28,47,-9.00,2.00,-17.00,1.10,36.4,4700.70,4701.00,4699.90,4700.30,5,11,16,-6.00,1.00,-6.00,0.90,11.1,-12,18,0.0000,0.8889,-39.00,-52.00,4697.36,0.5206,UP,74.20,0.2156,1.6501
20260824 103143 275,4700.40,1,4700.00,4700.30,0.30,4700.10,1,4700.00,2,4699.90,3,4699.80,1,4699.70,3,4699.60,5,4699.50,4,4699.40,4,4699.30,4,4699.20,6,4700.40,2,4700.50,3,4700.60,4,4700.70,4,4700.80,5,4700.90,3,4701.00,2,4701.10,4,4701.20,3,4701.30,3,Buy,20,28,48,-8.00,2.00,-17.00,1.10,27.3,4700.70,4701.00,4699.90,4700.40,5,11,16,-6.00,1.00,-6.00,0.90,11.1,-12,18,0.0000,1.1250,-38.00,-51.00,4697.36,0.5238,UP,74.20,0.2156,1.6501
20260824 103143 296,4700.40,1,4700.00,4700.30,0.30,4700.10,1,4700.00,2,4699.90,3,4699.80,1,4699.70,3,4699.60,5,4699.50,4,4699.40,4,4699.30,4,4699.20,6,4700.40,2,4700.50,3,4700.60,4,4700.70,4,4700.80,5,4700.90,3,4701.00,2,4701.10,4,4701.20,3,4701.30,3,Buy,21,28,49,-7.00,2.00,-17.00,1.10,27.3,4700.70,4701.00,4699.90,4700.40,5,11,16,-6.00,1.00,-6.00,0.90,11.1,-12,18,0.0000,1.4286,-37.00,-50.00,4697.36,0.5238,UP,74.20,0.2156,1.6501
20260824 103143 317,4700.30,1,4700.00,4700.30,0.30,4700.10,1,4700.00,2,4699.90,3,4699.80,1,4699.70,3,4699.60,5,4699.50,4,4699.40,4,4699.30,4,4699.20,6,4700.40,2,4700.50,3,4700.60,4,4700.70,4,4700.80,5,4700.90,3,4701.00,2,4701.10,4,4701.20,3,4701.30,3,Buy,22,28,50,-6.00,2.00,-17.00,1.10,36.4,4700.70,4701.00,4699.90,4700.30,5,11,16,-6.00,1.00,-6.00,0.90,11.1,-12,18,0.0000,1.8333,-36.00,-49.00,4697.36,0.5206,UP,74.20,0.2156,1.6501
20260824 103143 338,4700.40,1,4700.00,4700.30,0.30,4700.00,1,4699.90,2,4699.80,1,4699.70,4,4699.60,5,4699.50,4,4699.40,4,4699.30,4,4699.20,6,4699.10,3,4700.30,2,4700.40,2,4700.50,5,4700.60,3,4700.70,5,4700.80,4,4700.90,4,4701.00,3,4701.10,3,4701.20,3,Buy,23,28,51,-5.00,2.00,-17.00,1.10,27.3,4700.70,4701.00,4699.90,4700.40,5,11,16,-6.00,1.00,-6.00,0.90,11.1,-12,18,0.0000,2.4000,-35.00,-48.00,4697.36,0.5238,UP,74.20,0.2156,1.6501
20260824 103143 358,4700.30,1,4700.00,4700.30,0.30,4700.00,1,4699.90,2,4699.80,1,4699.70,4,4699.60,5,4699.50,4,4699.40,4,4699.30,4,4699.20,6,4699.10,3,4700.30,2,4700.40,2,4700.50,5,4700.60,3,4700.70,5,4700.80,4,4700.90,4,4701.00,3,4701.10,3,4701.20,3,Buy,24,28,52,-4.00,2.00,-17.00,1.10,36.4,4700.70,4701.00,4699.90,4700.30,5,11,16,-6.00,1.00,-6.00,0.90,11.1,-12,18,0.0000,3.2500,-34.00,-47.00,4697.36,0.5206,UP,74.20,0.2156,1.6501
20260824 103143 379,4700.30,1,4700.00,4700.30,0.30,4700.00,1,4699.90,2,4699.80,1,4699.70,4,4699.60,5,4699.50,4,4699.40,4,4699.30,4,4699.20,6,4699.10,3,4700.30,2,4700.40,2,4700.50,5,4700.60,3,4700.70,5,4700.80,4,4700.90,4,4701.00,3,4701.10,3,4701.20,3,Buy,25,28,53,-3.00,2.00,-17.00,1.10,36.4,4700.70,4701.00,4699.90,4700.30,5,11,16,-6.00,1.00,-6.00,0.90,11.1,-12,18,0.0000,4.6667,-33.00,-46.00,4697.36,0.5206,UP,74.20,0.2156,1.6501
20260824 103143 400,4700.30,1,4700.10,4700.50,0.40,4700.10,2,4700.00,2,4699.90,3,4699.80,3,4699.70,3,4699.60,5,4699.50,4,4699.40,4,4699.30,4,4699.20,6,4700.50,2,4700.60,4,4700.70,4,4700.80,4,4700.90,3,4701.00,2,4701.10,4,4701.20,3,4701.30,3,4701.40,2,Buy,26,28,54,-2.00,2.00,-17.00,1.10,36.4,4700.70,4701.00,4699.90,4700.30,5,11,16,-6.00,1.00,-6.00,0.90,11.1,-12,18,0.0000,7.5000,-32.00,-45.00,4697.36,0.5206,UP,74.20,0.2156,1.6501
20260824 103143 420,4700.40,1,4700.10,4700.50,0.40,4700.10,2,4700.00,2,4699.90,3,4699.80,3,4699.70,3,4699.60,5,4699.50,4,4699.40,4,4699.30,4,4699.20,6,4700.50,2,4700.60,4,4700.70,4,4700.80,4,4700.90,3,4701.00,2,4701.10,4,4701.20,3,4701.30,3,4701.40,2,Buy,27,28,55,-1.00,2.00,-17.00,1.10,27.3,4700.70,4701.00,4699.90,4700.40,5,11,16,-6.00,1.00,-6.00,0.90,11.1,-12,18,0.0000,16.0000,-31.00,-44.00,4697.36,0.5238,UP,74.20,0.2156,1.6501
20260824 103143 441,4700.40,1,4700.10,4700.50,0.40,4700.10,2,4700.00,2,4699.90,3,4699.80,3,4699.70,3,4699.60,5,4699.50,4,4699.40,4,4699.30,4,4699.20,6,4700.50,2,4700.60,4,4700.70,4,4700.80,4,4700.90,3,4701.00,2,4701.10,4,4701.20,3,4701.30,3,4701.40,2,Buy,28,28,56,0.00,2.00,-17.00,1.10,27.3,4700.70,4701.00,4699.90,4700.40,5,11,16,-6.00,1.00,-6.00,0.90,11.1,-12,18,0.0000,2.0000,-30.00,-43.00,4697.36,0.5238,UP,74.20,0.2156,1.6501
20260824 103143 462,4700.40,1,4700.10,4700.50,0.40,4700.10,2,4700.00,2,4699.90,3,4699.80,3,4699.70,3,4699.60,5,4699.50,4,4699.40,4,4699.30,4,4699.20,6,4700.50,2,4700.60,4,4700.70,4,4700.80,4,4700.90,3,4701.00,2,4701.10,4,4701.20,3,4701.30,3,4701.40,2,Buy,29,28,57,1.00,2.00,-17.00,1.10,27.3,4700.70,4701.00,4699.90,4700.40,5,11,16,-6.00,1.00,-6.00,0.90,11.1,-12,18,0.0000,1.0000,-29.00,-42.00,4697.36,0.5238,UP,74.20,0.2156,1.6501
20260824 103143 483,4700.40,1,4700.00,4700.40,0.40,4700.00,2,4699.90,3,4699.80,1,4699.70,3,4699.60,6,4699.50,3,4699.40,4,4699.30,5,4699.20,6,4699.10,3,4700.40,2,4700.50,5,4700.60,3,4700.70,5,4700.80,3,4700.90,3,4701.00,2,4701.10,4,4701.20,3,4701.30,3,Buy,30,28,58,2.00,2.00,-17.00,1.10,27.3,4700.70,4701.00,4699.90,4700.40,5,11,16,-6.00,1.00,-6.00,0.90,11.1,-12,18,0.0000,0.0000,-28.00,-41.00,4697.36,0.5238,UP,74.20,0.2156,1.6501
20260824 103143 504,4700.50,1,4700.00,4700.40,0.40,4700.00,2,4699.90,3,4699.80,1,4699.70,3,4699.60,6,4699.50,3,4699.40,4,4699.30,5,4699.20,6,4699.10,3,4700.40,2,4700.50,5,4700.60,3,4700.70,5,4700.80,3,4700.90,3,4701.00,2,4701.10,4,4701.20,3,4701.30,3,Buy,31,28,59,3.00,3.00,-17.00,1.10,18.2,4700.70,4701.00,4699.90,4700.50,5,11,16,-6.00,1.00,-6.00,0.90,11.1,-12,18,0.0000,0.0000,-27.00,-40.00,4697.37,0.5270,UP,74.20,0.2156,1.6501
20260824 103143 524,4700.50,1,4700.00,4700.40,0.40,4700.00,2,4699.90,3,4699.80,1,4699.70,3,4699.60,6,4699.50,3,4699.40,4,4699.30,5,4699.20,6,4699.10,3,4700.40,2,4700.50,5,4700.60,3,4700.70,5,4700.80,3,4700.90,3,4701.00,2,4701.10,4,4701.20,3,4701.30,3,Buy,32,28,60,4.00,4.00,-17.00,1.10,18.2,4700.70,4701.00,4699.90,4700.50,5,11,16,-6.00,1.00,-6.00,0.90,11.1,-12,18,0.0000,0.0000,-26.00,-39.00,4697.37,0.5270,UP,74.20,0.2156,1.6501
20260824 103143 527,4700.30,1,4700.00,4700.40,0.40,4700.00,2,4699.90,3,4699.80,1,4699.70,3,4699.60,6,4699.50,3,4699.40,4,4699.30,5,4699.20,6,4699.10,3,4700.40,2,4700.50,5,4700.60,3,4700.70,5,4700.80,3,4700.90,3,4701.00,2,4701.10,4,4701.20,3,4701.30,3,Sell,32,29,61,3.00,4.00,-17.00,1.10,36.4,4700.70,4701.00,4699.90,4700.30,5,11,16,-6.00,1.00,-6.00,0.90,11.1,-12,18,0.0000,0.3333,-27.00,-40.00,4697.36,0.5206,UP,74.20,0.2156,1.6501
20260824 103143 545,4700.30,1,4700.10,4700.40,0.30,4700.10,2,4700.00,2,4699.90,3,4699.80,2,4699.70,3,4699.60,6,4699.50,3,4699.40,4,4699.30,5,4699.20,6,4700.40,1,4700.50,2,4700.60,4,4700.70,4,4700.80,5,4700.90,3,4701.00,2,4701.10,4,4701.20,3,4701.30,3,Buy,33,29,62,4.00,4.00,-17.00,1.10,36.4,4700.70,4701.00,4699.90,4700.30,5,11,16,-6.00,1.00,-6.00,0.90,11.1,-12,18,0.0000,0.0000,-26.00,-39.00,4697.36,0.5206,UP,74.20,0.2156,1.6501
20260824 103143 566,4700.40,1,4700.10,4700.40,0.30,4700.10,2,4700.00,2,4699.90,3,4699.80,2,4699.70,3,4699.60,6,4699.50,3,4699.40,4,4699.30,5,4699.20,6,4700.40,1,4700.50,2,4700.60,4,4700.70,4,4700.80,5,4700.90,3,4701.00,2,4701.10,4,4701.20,3,4701.30,3,Buy,34,29,63,5.00,5.00,-17.00,1.10,27.3,4700.70,4701.00,4699.90,4700.40,5,11,16,-6.00,1.00,-6.00,0.90,11.1,-12,18,0.0000,0.0000,-25.00,-38.00,4697.36,0.5238,UP,74.20,0.2156,1.6501
20260824 103143 586,4700.40,1,4700.10,4700.40,0.30,4700.10,2,4700.00,2,4699.90,3,4699.80,2,4699.70,3,4699.60,6,4699.50,3,4699.40,4,4699.30,5,4699.20,6,4700.40,1,4700.50,2,4700.60,4,4700.70,4,4700.80,5,4700.90,3,4701.00,2,4701.10,4,4701.20,3,4701.30,3,Buy,35,29,64,6.00,6.00,-17.00,1.10,27.3,4700.70,4701.00,4699.90,4700.40,5,11,16,-6.00,1.00,-6.00,0.90,11.1,-12,18,0.0000,0.0000,-24.00,-37.00,4697.36,0.5238,UP,74.20,0.2156,1.6501
20260824 103143 607,4700.40,1,4700.10,4700.50,0.40,4700.10,2,4700.00,2,4699.90,3,4699.80,1,4699.70,3,4699.60,6,4699.50,3,4699.40,4,4699.30,5,4699.20,6,4700.50,2,4700.60,4,4700.70,3,4700.80,4,4700.90,3,4701.00,3,4701.10,3,4701.20,3,4701.30,3,4701.40,2,Buy,36,29,65,7.00,7.00,-17.00,1.10,27.3,4700.70,4701.00,4699.90,4700.40,5,11,16,-6.00,1.00,-6.00,0.90,11.1,-12,18,0.0000,0.0000,-23.00,-36.00,4697.36,0.5238,UP,74.20,0.2156,1.6501
20260824 103143 628,4700.40,1,4700.10,4700.50,0.40,4700.10,2,4700.00,2,4699.90,3,4699.80,1,4699.70,3,4699.60,6,4699.50,3,4699.40,4,4699.30,5,4699.20,6,4700.50,2,4700.60,4,4700.70,3,4700.80,4,4700.90,3,4701.00,3,4701.10,3,4701.20,3,4701.30,3,4701.40,2,Buy,37,29,66,8.00,8.00,-17.00,1.10,27.3,4700.70,4701.00,4699.90,4700.40,5,11,16,-6.00,1.00,-6.00,0.90,11.1,-12,18,0.0000,0.0000,-22.00,-35.00,4697.36,0.5238,UP,74.20,0.2156,1.6501
20260824 103143 649,4700.40,1,4700.10,4700.50,0.40,4700.10,2,4700.00,2,4699.90,3,4699.80,1,4699.70,3,4699.60,6,4699.50,3,4699.40,4,4699.30,5,4699.20,6,4700.50,2,4700.60,4,4700.70,3,4700.80,4,4700.90,3,4701.00,3,4701.10,3,4701.20,3,4701.30,3,4701.40,2,Buy,38,29,67,9.00,9.00,-17.00,1.10,27.3,4700.70,4701.00,4699.90,4700.40,5,11,16,-6.00,1.00,-6.00,0.90,11.1,-12,18,0.0000,0.0000,-21.00,-34.00,4697.36,0.5238,UP,74.20,0.2156,1.6501
20260824 103143 669,4700.50,1,4700.10,4700.50,0.40,4700.10,2,4700.00,2,4699.90,3,4699.80,1,4699.70,3,4699.60,6,4699.50,3,4699.40,4,4699.30,5,4699.20,6,4700.50,2,4700.60,4,4700.70,3,4700.80,4,4700.90,3,4701.00,3,4701.10,3,4701.20,3,4701.30,3,4701.40,2,Buy,39,29,68,10.00,10.00,-17.00,1.10,18.2,4700.70,4701.00,4699.90,4700.50,5,11,16,-6.00,1.00,-6.00,0.90,11.1,-12,18,0.0000,0.0000,-20.00,-33.00,4697.37,0.5270,UP,74.20,0.2156,1.6501
20260824 103143 691,4700.50,1,4700.00,4700.40,0.40,4700.00,2,4699.90,3,4699.80,1,4699.70,3,4699.60,5,4699.50,4,4699.40,4,4699.30,4,4699.20,6,4699.10,3,4700.40,1,4700.50,3,4700.60,2,4700.70,4,4700.80,4,4700.90,3,4701.00,2,4701.10,4,4701.20,3,4701.30,3,Buy,40,29,69,11.00,11.00,-17.00,1.10,18.2,4700.70,4701.00,4699.90,4700.50,5,11,16,-6.00,1.00,-6.00,0.90,11.1,-12,18,0.0000,0.0000,-19.00,-32.00,4697.37,0.5270,UP,74.20,0.2156,1.6501
20260824 103143 711,4700.50,1,4700.00,4700.40,0.40,4700.00,2,4699.90,3,4699.80,1,4699.70,3,4699.60,5,4699.50,4,4699.40,4,4699.30,4,4699.20,6,4699.10,3,4700.40,1,4700.50,3,4700.60,2,4700.70,4,4700.80,4,4700.90,3,4701.00,2,4701.10,4,4701.20,3,4701.30,3,Buy,41,29,70,12.00,12.00,-17.00,1.10,18.2,4700.70,4701.00,4699.90,4700.50,5,11,16,-6.00,1.00,-6.00,0.90,11.1,-12,18,0.0000,0.0000,-18.00,-31.00,4697.37,0.5270,UP,74.20,0.2156,1.6501
20260824 103143 714,4700.20,1,4700.00,4700.40,0.40,4700.00,2,4699.90,3,4699.80,1,4699.70,3,4699.60,5,4699.50,4,4699.40,4,4699.30,4,4699.20,6,4699.10,3,4700.40,1,4700.50,3,4700.60,2,4700.70,4,4700.80,4,4700.90,3,4701.00,2,4701.10,4,4701.20,3,4701.30,3,Sell,41,30,71,11.00,12.00,-17.00,1.10,45.5,4700.70,4701.00,4699.90,4700.20,5,11,16,-6.00,1.00,-6.00,0.90,11.1,-12,18,0.0000,0.0909,-19.00,-32.00,4697.35,0.5175,UP,74.20,0.2156,1.6501
20260824 103143 714,4700.20,1,4700.00,4700.40,0.40,4700.00,2,4699.90,3,4699.80,1,4699.70,3,4699.60,5,4699.50,4,4699.40,4,4699.30,4,4699.20,6,4699.10,3,4700.40,1,4700.50,3,4700.60,2,4700.70,4,4700.80,4,4700.90,3,4701.00,2,4701.10,4,4701.20,3,4701.30,3,Sell,41,31,72,10.00,12.00,-17.00,1.10,45.5,4700.70,4701.00,4699.90,4700.20,5,11,16,-6.00,1.00,-6.00,0.90,11.1,-12,18,0.0000,0.2000,-20.00,-33.00,4697.35,0.5175,UP,74.20,0.2156,1.6501
20260824 103143 732,4700.40,1,4700.00,4700.40,0.40,4700.00,2,4699.90,3,4699.80,1,4699.70,3,4699.60,5,4699.50,4,4699.40,4,4699.30,4,4699.20,6,4699.10,3,4700.40,1,4700.50,3,4700.60,2,4700.70,4,4700.80,4,4700.90,3,4701.00,2,4701.10,4,4701.20,3,4701.30,3,Buy,42,31,73,11.00,12.00,-17.00,1.10,27.3,4700.70,4701.00,4699.90,4700.40,5,11,16,-6.00,1.00,-6.00,0.90,11.1,-12,18,0.0000,0.0909,-19.00,-32.00,4697.36,0.5238,UP,74.20,0.2156,1.6501
20260824 103143 753,4700.40,1,4700.30,4700.60,0.30,4700.20,2,4700.10,4,4700.00,2,4699.90,2,4699.80,1,4699.70,4,4699.60,5,4699.50,3,4699.40,4,4699.30,4,4700.60,2,4700.70,4,4700.80,3,4700.90,2,4701.00,2,4701.10,4,4701.20,3,4701.30,3,4701.40,2,4701.50,4,Buy,43,31,74,12.00,12.00,-17.00,1.10,27.3,4700.70,4701.00,4699.90,4700.40,5,11,16,-6.00,1.00,-6.00,0.90,11.1,-12,18,0.0000,0.0000,-18.00,-31.00,4697.36,0.5238,UP,74.20,0.2156,1.6501
20260824 103143 774,4700.50,1,4700.30,4700.60,0.30,4700.20,2,4700.10,4,4700.00,2,4699.90,2,4699.80,1,4699.70,4,4699.60,5,4699.50,3,4699.40,4,4699.30,4,4700.60,2,4700.70,4,4700.80,3,4700.90,2,4701.00,2,4701.10,4,4701.20,3,4701.30,3,4701.40,2,4701.50,4,Buy,44,31,75,13.00,13.00,-17.00,1.10,18.2,4700.70,4701.00,4699.90,4700.50,5,11,16,-6.00,1.00,-6.00,0.90,11.1,-12,18,0.0000,0.0000,-17.00,-30.00,4697.37,0.5270,UP,74.20,0.2156,1.6501
20260824 103143 795,4700.60,1,4700.30,4700.60,0.30,4700.20,2,4700.10,4,4700.00,2,4699.90,2,4699.80,1,4699.70,4,4699.60,5,4699.50,3,4699.40,4,4699.30,4,4700.60,2,4700.70,4,4700.80,3,4700.90,2,4701.00,2,4701.10,4,4701.20,3,4701.30,3,4701.40,2,4701.50,4,Buy,45,31,76,14.00,14.00,-17.00,1.10,9.1,4700.70,4701.00,4699.90,4700.60,5,11,16,-6.00,1.00,-6.00,0.90,11.1,-12,18,0.0000,0.0000,-16.00,-29.00,4697.38,0.5302,UP,74.20,0.2156,1.6501
20260824 103143 815,4700.50,1,4700.30,4700.60,0.30,4700.20,2,4700.10,4,4700.00,2,4699.90,2,4699.80,1,4699.70,4,4699.60,5,4699.50,3,4699.40,4,4699.30,4,4700.60,2,4700.70,4,4700.80,3,4700.90,2,4701.00,2,4701.10,4,4701.20,3,4701.30,3,4701.40,2,4701.50,4,Buy,46,31,77,15.00,15.00,-17.00,1.10,18.2,4700.70,4701.00,4699.90,4700.50,5,11,16,-6.00,1.00,-6.00,0.90,11.1,-12,18,0.0000,0.0000,-15.00,-28.00,4697.37,0.5270,UP,74.20,0.2156,1.6501
20260824 103143 817,4700.30,1,4700.30,4700.60,0.30,4700.20,2,4700.10,4,4700.00,2,4699.90,2,4699.80,1,4699.70,4,4699.60,5,4699.50,3,4699.40,4,4699.30,4,4700.60,2,4700.70,4,4700.80,3,4700.90,2,4701.00,2,4701.10,4,4701.20,3,4701.30,3,4701.40,2,4701.50,4,Sell,46,32,78,14.00,15.00,-17.00,1.10,36.4,4700.70,4701.00,4699.90,4700.30,5,11,16,-6.00,1.00,-6.00,0.90,11.1,-12,18,0.0000,0.0714,-16.00,-29.00,4697.36,0.5206,UP,74.20,0.2156,1.6501
20260824 103143 836,4700.50,1,4699.90,4700.30,0.40,4699.90,2,4699.80,2,4699.70,3,4699.60,5,4699.50,4,4699.40,4,4699.30,4,4699.20,6,4699.10,3,4699.00,4,4700.30,2,4700.40,4,4700.50,2,4700.60,4,4700.70,6,4700.80,4,4700.90,3,4701.00,2,4701.10,4,4701.20,3,Buy,47,32,79,15.00,15.00,-17.00,1.10,18.2,4700.70,4701.00,4699.90,4700.50,5,11,16,-6.00,1.00,-6.00,0.90,11.1,-12,18,0.0000,0.0000,-15.00,-28.00,4697.37,0.5270,UP,74.20,0.2156,1.6501
20260824 103143 850,4700.20,1,4699.90,4700.30,0.40,4699.90,2,4699.80,2,4699.70,3,4699.60,5,4699.50,4,4699.40,4,4699.30,4,4699.20,6,4699.10,3,4699.00,4,4700.30,2,4700.40,4,4700.50,2,4700.60,4,4700.70,6,4700.80,4,4700.90,3,4701.00,2,4701.10,4,4701.20,3,Sell,47,33,80,14.00,15.00,-17.00,1.10,45.5,4700.70,4701.00,4699.90,4700.20,5,11,16,-6.00,1.00,-6.00,0.90,11.1,-12,18,0.0000,0.0714,-16.00,-29.00,4697.35,0.5175,UP,74.20,0.2156,1.6501
20260824 103143 850,4700.20,1,4699.90,4700.30,0.40,4699.90,2,4699.80,2,4699.70,3,4699.60,5,4699.50,4,4699.40,4,4699.30,4,4699.20,6,4699.10,3,4699.00,4,4700.30,2,4700.40,4,4700.50,2,4700.60,4,4700.70,6,4700.80,4,4700.90,3,4701.00,2,4701.10,4,4701.20,3,Sell,47,34,81,13.00,15.00,-17.00,1.10,45.5,4700.70,4701.00,4699.90,4700.20,5,11,16,-6.00,1.00,-6.00,0.90,11.1,-12,18,0.0000,0.1538,-17.00,-30.00,4697.35,0.5175,UP,74.20,0.2156,1.6501
20260824 103143 857,4700.40,1,4699.90,4700.30,0.40,4699.90,2,4699.80,2,4699.70,3,4699.60,5,4699.50,4,4699.40,4,4699.30,4,4699.20,6,4699.10,3,4699.00,4,4700.30,2,4700.40,4,4700.50,2,4700.60,4,4700.70,6,4700.80,4,4700.90,3,4701.00,2,4701.10,4,4701.20,3,Buy,48,34,82,14.00,15.00,-17.00,1.10,27.3,4700.70,4701.00,4699.90,4700.40,5,11,16,-6.00,1.00,-6.00,0.90,11.1,-12,18,0.0000,0.0714,-16.00,-29.00,4697.36,0.5238,UP,74.20,0.2156,1.6501
20260824 103143 878,4700.50,1,4699.90,4700.30,0.40,4699.90,2,4699.80,2,4699.70,3,4699.60,5,4699.50,4,4699.40,4,4699.30,4,4699.20,6,4699.10,3,4699.00,4,4700.30,2,4700.40,4,4700.50,2,4700.60,4,4700.70,6,4700.80,4,4700.90,3,4701.00,2,4701.10,4,4701.20,3,Buy,49,34,83,15.00,15.00,-17.00,1.10,18.2,4700.70,4701.00,4699.90,4700.50,5,11,16,-6.00,1.00,-6.00,0.90,11.1,-12,18,0.0000,0.0000,-15.00,-28.00,4697.37,0.5270,UP,74.20,0.2156,1.6501
20260824 103143 881,4700.10,1,4699.90,4700.30,0.40,4699.90,2,4699.80,2,4699.70,3,4699.60,5,4699.50,4,4699.40,4,4699.30,4,4699.20,6,4699.10,3,4699.00,4,4700.30,2,4700.40,4,4700.50,2,4700.60,4,4700.70,6,4700.80,4,4700.90,3,4701.00,2,4701.10,4,4701.20,3,Sell,49,35,84,14.00,15.00,-17.00,1.10,54.5,4700.70,4701.00,4699.90,4700.10,5,11,16,-6.00,1.00,-6.00,0.90,11.1,-12,18,0.0000,0.0714,-16.00,-29.00,4697.34,0.5143,UP,74.20,0.2156,1.6501
20260824 103143 980,4700.00,1,4700.00,4700.40,0.40,4700.00,1,4699.90,1,4699.80,2,4699.70,2,4699.60,4,4699.50,4,4699.40,4,4699.30,4,4699.20,6,4699.10,3,4700.40,2,4700.50,3,4700.60,4,4700.70,6,4700.80,4,4700.90,3,4701.00,2,4701.10,4,4701.20,3,4701.30,3,Sell,49,36,85,13.00,15.00,-17.00,1.10,63.6,4700.70,4701.00,4699.90,4700.00,5,11,16,-6.00,1.00,-6.00,0.90,11.1,-12,18,0.0000,0.1538,-17.00,-30.00,4697.33,0.5111,UP,74.20,0.2156,1.6501
20260824 103144 097,4700.20,1,4699.90,4700.20,0.30,4699.90,1,4699.80,2,4699.70,2,4699.60,4,4699.50,3,4699.40,5,4699.30,4,4699.20,6,4699.10,3,4699.00,4,4700.20,1,4700.30,1,4700.40,2,4700.50,3,4700.60,5,4700.70,5,4700.80,3,4700.90,3,4701.00,2,4701.10,4,Buy,50,36,86,14.00,15.00,-17.00,1.10,45.5,4700.70,4701.00,4699.90,4700.20,5,11,16,-6.00,1.00,-6.00,0.90,11.1,-12,18,0.0000,0.0714,-16.00,-29.00,4697.35,0.5175,UP,74.20,0.2156,1.6501
20260824 103144 336,4700.20,1,4700.00,4700.20,0.20,4700.10,2,4700.00,3,4699.90,2,4699.80,3,4699.70,4,4699.60,4,4699.50,3,4699.40,4,4699.30,4,4699.20,6,4700.50,1,4700.60,3,4700.70,5,4700.80,4,4700.90,3,4701.00,2,4701.10,4,4701.20,3,4701.30,3,4701.40,2,Buy,51,36,87,15.00,15.00,-17.00,1.10,45.5,4700.70,4701.00,4699.90,4700.20,5,11,16,-6.00,1.00,-6.00,0.90,11.1,-12,18,0.0000,0.0000,-15.00,-28.00,4697.35,0.5175,UP,74.20,0.2156,1.6501
20260824 103146 005,4700.20,1,4700.10,4700.40,0.30,4700.10,1,4700.00,2,4699.90,3,4699.80,2,4699.70,4,4699.60,5,4699.50,3,4699.40,4,4699.30,4,4699.20,6,4700.40,1,4700.50,3,4700.60,3,4700.70,4,4700.80,3,4700.90,3,4701.00,2,4701.10,3,4701.20,3,4701.30,3,Sell,51,37,88,14.00,15.00,-17.00,1.10,45.5,4700.70,4701.00,4699.90,4700.20,5,11,16,-6.00,1.00,-6.00,0.90,11.1,-12,18,0.0000,0.0714,-16.00,-29.00,4697.35,0.5175,UP,74.20,0.2156,1.6501
20260824 103201 327,4700.40,1,4700.20,4700.40,0.20,4700.30,2,4700.20,3,4700.10,2,4700.00,2,4699.90,4,4699.80,2,4699.70,4,4699.60,5,4699.50,4,4699.40,4,4700.60,1,4700.70,3,4700.80,3,4700.90,2,4701.00,4,4701.10,3,4701.20,2,4701.30,3,4701.40,2,4701.50,4,Buy,1,0,1,1.00,1.00,1.00,0.00,0.0,4700.40,4700.40,4700.40,4700.40,51,37,88,14.00,15.00,-17.00,1.10,45.5,54,186,0.0714,0.0000,25.00,-37.00,4697.36,0.5238,UP,70.20,1.2536,1.5465
20260824 103201 327,4700.40,1,4700.20,4700.40,0.20,4700.30,2,4700.20,3,4700.10,2,4700.00,2,4699.90,4,4699.80,2,4699.70,4,4699.60,5,4699.50,4,4699.40,4,4700.60,1,4700.70,3,4700.80,3,4700.90,2,4701.00,4,4701.10,3,4701.20,2,4701.30,3,4701.40,2,4701.50,4,Buy,2,0,2,2.00,2.00,1.00,0.00,0.0,4700.40,4700.40,4700.40,4700.40,51,37,88,14.00,15.00,-17.00,1.10,45.5,54,186,0.0714,0.0000,26.00,-36.00,4697.36,0.5238,UP,70.20,1.2536,1.5465
20260824 103203 865,4700.30,1,4700.10,4700.50,0.40,4700.10,2,4700.00,1,4699.90,4,4699.80,2,4699.70,4,4699.60,4,4699.50,4,4699.40,4,4699.30,4,4699.20,6,4700.50,2,4700.60,3,4700.70,8,4700.80,3,4700.90,3,4701.00,4,4701.10,4,4701.20,3,4701.30,3,4701.40,2,Sell,2,1,3,1.00,2.00,1.00,0.10,100.0,4700.40,4700.40,4700.30,4700.30,51,37,88,14.00,15.00,-17.00,1.10,45.5,54,186,0.0714,1.0000,25.00,-37.00,4697.36,0.5206,UP,70.20,1.2536,1.5465
20260824 103209 563,4700.30,1,4700.20,4700.50,0.30,4700.20,2,4700.10,2,4700.00,1,4699.90,3,4699.80,2,4699.70,5,4699.60,4,4699.50,3,4699.40,4,4699.30,5,4700.50,1,4700.60,2,4700.70,6,4700.80,3,4700.90,2,4701.00,5,4701.10,4,4701.20,3,4701.30,3,4701.40,2,Sell,2,2,4,0.00,2.00,0.00,0.10,100.0,4700.40,4700.40,4700.30,4700.30,51,37,88,14.00,15.00,-17.00,1.10,45.5,54,186,0.0714,2.0000,24.00,-38.00,4697.36,0.5206,UP,70.20,1.2536,1.5465
20260824 103215 786,4700.40,1,4700.20,4700.50,0.30,4700.20,1,4700.10,1,4700.00,2,4699.90,3,4699.80,2,4699.70,5,4699.60,4,4699.50,3,4699.40,4,4699.30,4,4700.50,1,4700.60,2,4700.70,5,4700.80,3,4700.90,2,4701.00,5,4701.10,4,4701.20,3,4701.30,3,4701.40,2,Buy,3,2,5,1.00,2.00,0.00,0.10,0.0,4700.40,4700.40,4700.30,4700.40,51,37,88,14.00,15.00,-17.00,1.10,45.5,54,186,0.0714,1.0000,25.00,-37.00,4697.36,0.5238,UP,70.20,1.2536,1.5465
20260824 103216 241,4700.50,1,4700.40,4700.70,0.30,4700.40,1,4700.30,3,4700.20,3,4700.10,1,4700.00,2,4699.90,4,4699.80,3,4699.70,4,4699.60,5,4699.50,3,4700.70,2,4700.80,2,4700.90,3,4701.00,4,4701.10,4,4701.20,3,4701.30,3,4701.40,2,4701.50,4,4701.60,5,Buy,4,2,6,2.00,2.00,0.00,0.20,50.0,4700.40,4700.50,4700.30,4700.50,51,37,88,14.00,15.00,-17.00,1.10,45.5,54,186,0.0714,0.0000,26.00,-36.00,4697.37,0.5270,UP,70.20,1.2536,1.5536
20260824 103216 497,4700.80,1,4700.60,4700.80,0.20,4700.50,2,4700.40,2,4700.30,3,4700.20,2,4700.10,2,4700.00,3,4699.90,4,4699.80,3,4699.70,4,4699.60,5,4700.80,1,4700.90,2,4701.00,5,4701.10,3,4701.20,2,4701.30,4,4701.40,2,4701.50,4,4701.60,5,4701.70,4,Buy,5,2,7,3.00,3.00,0.00,0.50,80.0,4700.40,4700.80,4700.30,4700.80,51,37,88,14.00,15.00,-17.00,1.10,45.5,54,186,0.0714,0.0000,27.00,-35.00,4697.40,0.5365,UP,70.20,1.2536,1.5751
20260824 103219 568,4701.00,1,4700.90,4701.10,0.20,4700.90,2,4700.80,3,4700.70,1,4700.60,3,4700.50,3,4700.40,3,4700.30,3,4700.20,3,4700.10,4,4700.00,3,4701.10,1,4701.30,2,4701.40,3,4701.50,6,4701.60,3,4701.70,4,4701.80,4,4701.90,3,4702.00,3,4702.10,3,Buy,6,2,8,4.00,4.00,0.00,0.70,85.7,4700.40,4701.00,4700.30,4701.00,51,37,88,14.00,15.00,-17.00,1.10,45.5,54,186,0.0714,0.0000,28.00,-34.00,4697.42,0.5429,UP,70.20,1.2536,1.5893
20260824 103219 591,4701.10,1,4700.90,4701.20,0.30,4700.90,2,4700.80,3,4700.70,2,4700.60,2,4700.50,3,4700.40,4,4700.30,3,4700.20,3,4700.10,4,4700.00,4,4701.20,1,4701.30,2,4701.40,2,4701.50,5,4701.60,2,4701.70,5,4701.80,4,4701.90,4,4702.00,3,4702.10,3,Buy,7,2,9,5.00,5.00,0.00,0.80,87.5,4700.40,4701.10,4700.30,4701.10,51,37,88,14.00,15.00,-17.00,1.10,45.5,54,186,0.0714,0.0000,29.00,-33.00,4697.43,0.5460,UP,70.20,1.2536,1.5965
20260824 103219 721,4700.90,1,4700.90,4701.20,0.30,4700.90,2,4700.80,3,4700.70,2,4700.60,2,4700.50,3,4700.40,4,4700.30,3,4700.20,3,4700.10,4,4700.00,4,4701.20,1,4701.30,1,4701.40,2,4701.50,5,4701.60,2,4701.70,5,4701.80,4,4701.90,4,4702.00,3,4702.10,3,Sell,7,3,10,4.00,5.00,0.00,0.80,62.5,4700.40,4701.10,4700.30,4700.90,51,37,88,14.00,15.00,-17.00,1.10,45.5,54,186,0.0714,0.2500,28.00,-34.00,4697.41,0.5397,UP,70.20,1.2536,1.5965
20260824 103220 649,4700.90,1,4700.50,4700.90,0.40,4700.50,2,4700.40,4,4700.30,2,4700.20,4,4700.10,3,4700.00,4,4699.90,4,4699.80,3,4699.70,4,4699.60,5,4700.90,3,4701.00,4,4701.10,4,4701.20,3,4701.30,4,4701.40,2,4701.50,5,4701.60,5,4701.70,5,4701.80,4,Sell,7,4,11,3.00,5.00,0.00,0.80,62.5,4700.40,4701.10,4700.30,4700.90,51,37,88,14.00,15.00,-17.00,1.10,45.5,54,186,0.0714,0.6667,27.00,-35.00,4697.41,0.5397,UP,70.20,1.2536,1.5965
20260824 103220 661,4700.80,1,4700.50,4700.90,0.40,4700.50,2,4700.40,4,4700.30,2,4700.20,4,4700.10,3,4700.00,4,4699.90,4,4699.80,3,4699.70,4,4699.60,5,4700.90,3,4701.00,4,4701.10,4,4701.20,3,4701.30,4,4701.40,2,4701.50,5,4701.60,5,4701.70,5,4701.80,4,Sell,7,5,12,2.00,5.00,0.00,0.80,50.0,4700.40,4701.10,4700.30,4700.80,51,37,88,14.00,15.00,-17.00,1.10,45.5,54,186,0.0714,1.5000,26.00,-36.00,4697.40,0.5365,UP,70.20,1.2536,1.5965
20260824 103221 764,4700.70,1,4700.50,4700.70,0.20,4700.50,1,4700.30,2,4700.20,2,4700.10,4,4700.00,3,4699.90,4,4699.80,3,4699.70,4,4699.60,4,4699.50,3,4700.70,2,4700.80,4,4700.90,3,4701.00,2,4701.10,3,4701.20,5,4701.30,5,4701.40,2,4701.50,5,4701.60,5,Sell,7,6,13,1.00,5.00,0.00,0.80,37.5,4700.40,4701.10,4700.30,4700.70,51,37,88,14.00,15.00,-17.00,1.10,45.5,54,186,0.0714,4.0000,25.00,-37.00,4697.39,0.5333,UP,70.20,1.2536,1.5965
20260824 103221 786,4700.60,1,4700.50,4700.70,0.20,4700.50,1,4700.30,2,4700.20,2,4700.10,4,4700.00,3,4699.90,4,4699.80,3,4699.70,4,4699.60,4,4699.50,3,4700.70,2,4700.80,4,4700.90,3,4701.00,2,4701.10,3,4701.20,5,4701.30,5,4701.40,2,4701.50,5,4701.60,5,Sell,7,7,14,0.00,5.00,0.00,0.80,25.0,4700.40,4701.10,4700.30,4700.60,51,37,88,14.00,15.00,-17.00,1.10,45.5,54,186,0.0714,5.0000,24.00,-38.00,4697.38,0.5302,UP,70.20,1.2536,1.5965
20260824 103243 192,4701.00,1,4701.10,4701.40,0.30,4701.10,1,4700.90,2,4700.80,4,4700.70,5,4700.60,4,4700.50,4,4700.40,3,4700.30,4,4700.20,3,4700.10,3,4701.40,2,4701.50,2,4701.60,1,4701.70,5,4701.80,5,4701.90,4,4702.00,3,4702.10,3,4702.20,5,4702.30,4,Buy,8,7,15,1.00,5.00,0.00,0.80,75.0,4700.40,4701.10,4700.30,4701.00,51,37,88,14.00,15.00,-17.00,1.10,45.5,54,186,0.0714,4.0000,25.00,-37.00,4697.42,0.5429,UP,70.20,1.2536,1.5965
20260824 103243 193,4701.10,1,4701.10,4701.40,0.30,4701.10,1,4700.90,2,4700.80,4,4700.70,5,4700.60,4,4700.50,4,4700.40,3,4700.30,4,4700.20,3,4700.10,3,4701.40,2,4701.50,2,4701.60,1,4701.70,5,4701.80,5,4701.90,4,4702.00,3,4702.10,3,4702.20,5,4702.30,4,Buy,9,7,16,2.00,5.00,0.00,0.80,87.5,4700.40,4701.10,4700.30,4701.10,51,37,88,14.00,15.00,-17.00,1.10,45.5,54,186,0.0714,1.5000,26.00,-36.00,4697.43,0.5460,UP,70.20,1.2536,1.5965
20260824 103243 195,4701.10,1,4701.10,4701.40,0.30,4701.10,1,4700.90,2,4700.80,4,4700.70,5,4700.60,4,4700.50,4,4700.40,3,4700.30,4,4700.20,3,4700.10,3,4701.40,2,4701.50,2,4701.60,1,4701.70,5,4701.80,5,4701.90,4,4702.00,3,4702.10,3,4702.20,5,4702.30,4,Buy,10,7,17,3.00,5.00,0.00,0.80,87.5,4700.40,4701.10,4700.30,4701.10,51,37,88,14.00,15.00,-17.00,1.10,45.5,54,186,0.0714,0.6667,27.00,-35.00,4697.43,0.5460,UP,70.20,1.2536,1.5965
20260824 103243 458,4701.20,1,4701.10,4701.50,0.40,4701.10,1,4701.00,2,4700.90,1,4700.80,3,4700.70,4,4700.60,3,4700.50,4,4700.40,4,4700.30,4,4700.20,3,4701.50,5,4701.60,2,4701.70,5,4701.80,5,4701.90,4,4702.00,3,4702.10,4,4702.20,5,4702.30,4,4702.40,5,Sell,10,8,18,2.00,5.00,0.00,0.90,88.9,4700.40,4701.20,4700.30,4701.20,51,37,88,14.00,15.00,-17.00,1.10,45.5,54,186,0.0714,1.5000,26.00,-36.00,4697.44,0.5492,UP,70.20,1.2536,1.6036
20260824 103243 792,4701.10,1,4701.10,4701.40,0.30,4701.10,1,4701.00,1,4700.90,1,4700.80,4,4700.70,4,4700.60,3,4700.50,4,4700.40,4,4700.30,4,4700.20,3,4701.50,5,4701.60,2,4701.70,5,4701.80,5,4701.90,4,4702.00,4,4702.10,4,4702.20,5,4702.30,4,4702.40,5,Sell,10,9,19,1.00,5.00,0.00,0.90,77.8,4700.40,4701.20,4700.30,4701.10,51,37,88,14.00,15.00,-17.00,1.10,45.5,54,186,0.0714,4.0000,25.00,-37.00,4697.43,0.5460,UP,70.20,1.2536,1.6036
20260824 103252 229,4701.40,1,4701.10,4701.40,0.30,4701.10,2,4701.00,2,4700.90,2,4700.80,3,4700.70,5,4700.60,4,4700.50,4,4700.40,3,4700.30,4,4700.20,3,4701.70,4,4701.80,4,4701.90,5,4702.00,3,4702.10,3,4702.20,4,4702.30,4,4702.40,5,4702.50,4,4702.60,4,Buy,11,9,20,2.00,5.00,0.00,1.10,90.9,4700.40,4701.40,4700.30,4701.40,51,37,88,14.00,15.00,-17.00,1.10,45.5,54,186,0.0714,1.5000,26.00,-36.00,4697.46,0.5556,UP,70.20,1.2536,1.6179
20260824 103252 229,4701.50,1,4701.10,4701.40,0.30,4701.10,2,4701.00,2,4700.90,2,4700.80,3,4700.70,5,4700.60,4,4700.50,4,4700.40,3,4700.30,4,4700.20,3,4701.70,4,4701.80,4,4701.90,5,4702.00,3,4702.10,3,4702.20,4,4702.30,4,4702.40,5,4702.50,4,4702.60,4,Buy,12,9,21,3.00,5.00,0.00,1.20,91.7,4700.40,4701.50,4700.30,4701.50,51,37,88,14.00,15.00,-17.00,1.10,45.5,54,186,0.0714,0.6667,27.00,-35.00,4697.47,0.5587,UP,70.20,1.2536,1.6251
20260824 103252 229,4701.60,1,4701.10,4701.40,0.30,4701.10,2,4701.00,2,4700.90,2,4700.80,3,4700.70,5,4700.60,4,4700.50,4,4700.40,3,4700.30,4,4700.20,3,4701.70,4,4701.80,4,4701.90,5,4702.00,3,4702.10,3,4702.20,4,4702.30,4,4702.40,5,4702.50,4,4702.60,4,Buy,13,9,22,4.00,5.00,0.00,1.30,92.3,4700.40,4701.60,4700.30,4701.60,51,37,88,14.00,15.00,-17.00,1.10,45.5,54,186,0.0714,0.2500,28.00,-34.00,4697.48,0.5619,UP,70.20,1.2536,1.6322
20260824 103252 229,4701.60,1,4701.10,4701.40,0.30,4701.10,2,4701.00,2,4700.90,2,4700.80,3,4700.70,5,4700.60,4,4700.50,4,4700.40,3,4700.30,4,4700.20,3,4701.70,4,4701.80,4,4701.90,5,4702.00,3,4702.10,3,4702.20,4,4702.30,4,4702.40,5,4702.50,4,4702.60,4,Buy,14,9,23,5.00,5.00,0.00,1.30,92.3,4700.40,4701.60,4700.30,4701.60,51,37,88,14.00,15.00,-17.00,1.10,45.5,54,186,0.0714,0.0000,29.00,-33.00,4697.48,0.5619,UP,70.20,1.2536,1.6322
20260824 103252 229,4701.60,1,4701.10,4701.40,0.30,4701.10,2,4701.00,2,4700.90,2,4700.80,3,4700.70,5,4700.60,4,4700.50,4,4700.40,3,4700.30,4,4700.20,3,4701.70,4,4701.80,4,4701.90,5,4702.00,3,4702.10,3,4702.20,4,4702.30,4,4702.40,5,4702.50,4,4702.60,4,Buy,15,9,24,6.00,6.00,0.00,1.30,92.3,4700.40,4701.60,4700.30,4701.60,51,37,88,14.00,15.00,-17.00,1.10,45.5,54,186,0.0714,0.0000,30.00,-32.00,4697.48,0.5619,UP,70.20,1.2536,1.6322
20260824 103252 556,4701.30,1,4701.10,4701.40,0.30,4701.10,2,4701.00,1,4700.90,3,4700.80,4,4700.70,5,4700.60,4,4700.50,3,4700.40,4,4700.30,4,4700.20,3,4701.40,1,4701.50,2,4701.60,4,4701.70,2,4701.80,3,4701.90,5,4702.00,3,4702.10,3,4702.20,5,4702.30,4,Sell,15,10,25,5.00,6.00,0.00,1.30,69.2,4700.40,4701.60,4700.30,4701.30,51,37,88,14.00,15.00,-17.00,1.10,45.5,54,186,0.0714,0.2000,29.00,-33.00,4697.45,0.5524,UP,70.20,1.2536,1.6322
20260824 103301 623,4701.50,1,4701.20,4701.60,0.40,4701.20,2,4701.10,3,4701.00,1,4700.90,4,4700.80,4,4700.70,5,4700.60,4,4700.50,3,4700.40,4,4700.30,3,4701.60,2,4701.70,2,4701.80,3,4701.90,4,4702.00,4,4702.10,3,4702.20,5,4702.30,4,4702.40,6,4702.50,4,Sell,0,1,1,-1.00,-1.00,-1.00,0.00,0.0,4701.50,4701.50,4701.50,4701.50,15,10,25,5.00,6.00,0.00,1.30,69.2,15,33,0.2000,0.0000,22.00,-34.00,4697.47,0.5587,UP,66.20,0.3776,1.5299
20260824 103301 623,4701.50,1,4701.20,4701.60,0.40,4701.20,2,4701.10,3,4701.00,1,4700.90,4,4700.80,4,4700.70,5,4700.60,4,4700.50,3,4700.40,4,4700.30,3,4701.60,2,4701.70,2,4701.80,3,4701.90,4,4702.00,4,4702.10,3,4702.20,5,4702.30,4,4702.40,6,4702.50,4,Sell,0,2,2,-2.00,-1.00,-2.00,0.00,0.0,4701.50,4701.50,4701.50,4701.50,15,10,25,5.00,6.00,0.00,1.30,69.2,15,33,0.2000,0.0000,21.00,-35.00,4697.47,0.5587,UP,66.20,0.3776,1.5299
20260824 103301 624,4701.70,1,4701.20,4701.60,0.40,4701.20,2,4701.10,3,4701.00,1,4700.90,4,4700.80,4,4700.70,5,4700.60,4,4700.50,3,4700.40,4,4700.30,3,4701.60,2,4701.70,2,4701.80,3,4701.90,4,4702.00,4,4702.10,3,4702.20,5,4702.30,4,4702.40,6,4702.50,4,Buy,1,2,3,-1.00,-1.00,-2.00,0.20,100.0,4701.50,4701.70,4701.50,4701.70,15,10,25,5.00,6.00,0.00,1.30,69.2,15,33,0.2000,1.0000,22.00,-34.00,4697.49,0.5651,UP,66.20,0.3776,1.5442
20260824 103306 471,4701.70,1,4701.30,4701.70,0.40,4701.30,3,4701.20,3,4701.10,4,4701.00,3,4700.90,3,4700.80,4,4700.70,5,4700.60,3,4700.50,3,4700.40,4,4701.70,1,4701.80,1,4701.90,1,4702.00,4,4702.10,4,4702.20,5,4702.30,5,4702.40,5,4702.50,4,4702.60,3,Buy,2,2,4,0.00,0.00,-2.00,0.20,100.0,4701.50,4701.70,4701.50,4701.70,15,10,25,5.00,6.00,0.00,1.30,69.2,15,33,0.2000,0.0000,23.00,-33.00,4697.49,0.5651,UP,66.20,0.3776,1.5442
20260824 103306 877,4701.70,1,4701.70,4702.00,0.30,4701.70,1,4701.60,1,4701.50,1,4701.40,5,4701.30,3,4701.20,3,4701.10,7,4701.00,2,4700.90,3,4700.80,5,4702.00,1,4702.10,1,4702.20,5,4702.30,5,4702.40,4,4702.50,5,4702.60,3,4702.70,4,4702.80,4,4702.90,3,Sell,2,3,5,-1.00,0.00,-2.00,0.20,100.0,4701.50,4701.70,4701.50,4701.70,15,10,25,5.00,6.00,0.00,1.30,69.2,15,33,0.2000,1.0000,22.00,-34.00,4697.49,0.5651,UP,66.20,0.3776,1.5442
20260824 103313 020,4702.00,1,4701.90,4702.20,0.30,4701.90,2,4701.80,1,4701.70,1,4701.60,5,4701.50,3,4701.40,5,4701.30,4,4701.20,3,4701.10,6,4701.00,1,4702.20,1,4702.30,2,4702.40,1,4702.50,5,4702.60,4,4702.70,4,4702.80,4,4702.90,3,4703.00,3,4703.10,4,Sell,2,4,6,-2.00,0.00,-2.00,0.50,100.0,4701.50,4702.00,4701.50,4702.00,15,10,25,5.00,6.00,0.00,1.30,69.2,15,33,0.2000,0.0000,21.00,-35.00,4697.52,0.5746,UP,66.20,0.3776,1.5656
20260824 103313 034,4702.00,1,4701.90,4702.20,0.30,4701.90,2,4701.80,1,4701.70,1,4701.60,5,4701.50,3,4701.40,5,4701.30,4,4701.20,3,4701.10,6,4701.00,1,4702.20,1,4702.30,2,4702.40,1,4702.50,5,4702.60,4,4702.70,4,4702.80,4,4702.90,3,4703.00,3,4703.10,4,Buy,3,4,7,-1.00,0.00,-2.00,0.50,100.0,4701.50,4702.00,4701.50,4702.00,15,10,25,5.00,6.00,0.00,1.30,69.2,15,33,0.2000,1.0000,22.00,-34.00,4697.52,0.5746,UP,66.20,0.3776,1.5656
20260824 103317 003,4702.30,1,4702.30,4702.60,0.30,4702.30,2,4702.20,1,4702.10,4,4702.00,3,4701.90,5,4701.80,2,4701.70,2,4701.60,4,4701.50,5,4701.40,5,4702.60,1,4702.70,2,4702.80,2,4702.90,2,4703.00,3,4703.10,6,4703.20,3,4703.30,4,4703.40,4,4703.50,3,Sell,3,5,8,-2.00,0.00,-2.00,0.80,100.0,4701.50,4702.30,4701.50,4702.30,15,10,25,5.00,6.00,0.00,1.30,69.2,15,33,0.2000,0.0000,21.00,-35.00,4697.55,0.5841,UP,66.20,0.3776,1.5870
20260824 103317 218,4702.30,1,4702.10,4702.40,0.30,4702.10,2,4702.00,4,4701.90,3,4701.80,1,4701.70,3,4701.60,4,4701.50,4,4701.40,5,4701.30,4,4701.20,3,4702.40,2,4702.50,4,4702.60,3,4702.70,2,4702.80,4,4702.90,2,4703.00,3,4703.10,5,4703.20,4,4703.30,4,Sell,3,6,9,-3.00,0.00,-3.00,0.80,100.0,4701.50,4702.30,4701.50,4702.30,15,10,25,5.00,6.00,0.00,1.30,69.2,15,33,0.2000,0.0000,20.00,-36.00,4697.55,0.5841,UP,66.20,0.3776,1.5870
20260824 103320 719,4702.50,1,4702.30,4702.50,0.20,4702.30,1,4702.20,3,4702.10,2,4702.00,3,4701.90,5,4701.80,2,4701.70,3,4701.60,4,4701.50,4,4701.40,5,4702.50,1,4702.60,2,4702.70,2,4702.80,2,4702.90,1,4703.00,4,4703.10,5,4703.20,6,4703.30,5,4703.40,3,Sell,3,7,10,-4.00,0.00,-4.00,1.00,100.0,4701.50,4702.50,4701.50,4702.50,15,10,25,5.00,6.00,0.00,1.30,69.2,15,33,0.2000,0.0000,19.00,-37.00,4697.56,0.5905,UP,66.20,0.3776,1.6013
20260824 103320 918,4702.10,1,4701.90,4702.30,0.40,4701.90,3,4701.80,2,4701.70,2,4701.60,2,4701.50,4,4701.40,6,4701.30,3,4701.20,3,4701.10,5,4701.00,2,4702.30,1,4702.40,6,4702.50,3,4702.60,4,4702.70,3,4702.80,5,4702.90,2,4703.00,4,4703.10,6,4703.20,6,Sell,3,8,11,-5.00,0.00,-5.00,1.00,60.0,4701.50,4702.50,4701.50,4702.10,15,10,25,5.00,6.00,0.00,1.30,69.2,15,33,0.2000,0.0000,18.00,-38.00,4697.53,0.5778,UP,66.20,0.3776,1.6013
20260824 103321 414,4701.90,1,4701.90,4702.30,0.40,4701.90,2,4701.80,2,4701.70,2,4701.60,2,4701.50,4,4701.40,6,4701.30,3,4701.20,3,4701.10,5,4701.00,2,4702.30,1,4702.40,6,4702.50,3,4702.60,4,4702.70,3,4702.80,5,4702.90,2,4703.00,4,4703.10,6,4703.20,6,Sell,3,9,12,-6.00,0.00,-6.00,1.00,40.0,4701.50,4702.50,4701.50,4701.90,15,10,25,5.00,6.00,0.00,1.30,69.2,15,33,0.2000,0.0000,17.00,-39.00,4697.51,0.5714,UP,66.20,0.3776,1.6013
20260824 103322 472,4701.90,1,4701.90,4702.10,0.20,4701.90,1,4701.70,1,4701.60,3,4701.50,3,4701.40,5,4701.30,4,4701.20,2,4701.10,5,4701.00,2,4700.90,3,4702.10,2,4702.20,2,4702.30,2,4702.40,5,4702.50,4,4702.60,5,4702.70,4,4702.80,5,4702.90,2,4703.00,4,Sell,3,10,13,-7.00,0.00,-7.00,1.00,40.0,4701.50,4702.50,4701.50,4701.90,15,10,25,5.00,6.00,0.00,1.30,69.2,15,33,0.2000,0.0000,16.00,-40.00,4697.51,0.5714,UP,66.20,0.3776,1.6013
20260824 103326 802,4701.90,1,4701.80,4702.10,0.30,4701.80,1,4701.70,4,4701.60,1,4701.50,4,4701.40,4,4701.30,3,4701.20,3,4701.10,5,4701.00,2,4700.90,3,4702.10,2,4702.20,1,4702.30,2,4702.40,5,4702.50,5,4702.60,4,4702.70,4,4702.80,6,4702.90,2,4703.00,3,Sell,3,11,14,-8.00,0.00,-8.00,1.00,40.0,4701.50,4702.50,4701.50,4701.90,15,10,25,5.00,6.00,0.00,1.30,69.2,15,33,0.2000,0.0000,15.00,-41.00,4697.51,0.5714,UP,66.20,0.3776,1.6013
20260824 103330 055,4702.10,1,4701.70,4702.10,0.40,4701.70,2,4701.60,1,4701.50,3,4701.40,3,4701.30,3,4701.20,2,4701.10,6,4701.00,2,4700.90,3,4700.80,6,4702.10,2,4702.20,2,4702.30,3,4702.40,8,4702.50,5,4702.60,4,4702.70,4,4702.80,7,4702.90,2,4703.00,4,Buy,4,11,15,-7.00,0.00,-8.00,1.00,60.0,4701.50,4702.50,4701.50,4702.10,15,10,25,5.00,6.00,0.00,1.30,69.2,15,33,0.2000,0.1429,16.00,-40.00,4697.53,0.5778,UP,66.20,0.3776,1.6013
20260824 103331 663,4701.80,1,4701.70,4702.00,0.30,4701.70,1,4701.60,2,4701.50,4,4701.40,4,4701.30,3,4701.20,2,4701.10,6,4701.00,2,4700.90,3,4700.80,6,4702.00,1,4702.10,4,4702.20,4,4702.30,4,4702.40,7,4702.50,5,4702.60,4,4702.70,4,4702.80,7,4702.90,2,Sell,4,12,16,-8.00,0.00,-8.00,1.00,30.0,4701.50,4702.50,4701.50,4701.80,15,10,25,5.00,6.00,0.00,1.30,69.2,15,33,0.2000,0.0000,15.00,-41.00,4697.50,0.5683,UP,66.20,0.3776,1.6013
20260824 103342 959,4701.80,1,4701.80,4702.10,0.30,4701.70,1,4701.60,3,4701.50,4,4701.40,4,4701.30,3,4701.20,3,4701.10,5,4701.00,2,4700.90,3,4700.80,6,4702.00,1,4702.10,2,4702.20,3,4702.30,3,4702.40,6,4702.50,4,4702.60,4,4702.70,4,4702.80,7,4702.90,2,Sell,4,13,17,-9.00,0.00,-9.00,1.00,30.0,4701.50,4702.50,4701.50,4701.80,15,10,25,5.00,6.00,0.00,1.30,69.2,15,33,0.2000,0.0000,14.00,-42.00,4697.50,0.5683,UP,66.20,0.3776,1.6013
20260824 103355 832,4702.40,1,4702.30,4702.60,0.30,4702.20,1,4702.10,3,4702.00,2,4701.90,2,4701.80,2,4701.70,3,4701.60,2,4701.50,5,4701.40,5,4701.30,4,4702.40,1,4702.50,1,4702.60,2,4702.70,2,4702.80,6,4702.90,3,4703.00,3,4703.10,5,4703.20,6,4703.30,5,Buy,5,13,18,-8.00,0.00,-9.00,1.00,90.0,4701.50,4702.50,4701.50,4702.40,15,10,25,5.00,6.00,0.00,1.30,69.2,15,33,0.2000,0.1250,15.00,-41.00,4697.56,0.5873,UP,66.20,0.3776,1.6013
20260824 103355 845,4702.60,1,4702.30,4702.60,0.30,4702.20,1,4702.10,3,4702.00,2,4701.90,2,4701.80,2,4701.70,3,4701.60,2,4701.50,5,4701.40,5,4701.30,4,4702.40,1,4702.50,1,4702.60,2,4702.70,2,4702.80,6,4702.90,3,4703.00,3,4703.10,5,4703.20,6,4703.30,5,Buy,6,13,19,-7.00,0.00,-9.00,1.10,100.0,4701.50,4702.60,4701.50,4702.60,15,10,25,5.00,6.00,0.00,1.30,69.2,15,33,0.2000,0.2857,16.00,-40.00,4697.57,0.5937,UP,66.20,0.3776,1.6085
20260824 103357 914,4702.40,1,4702.10,4702.50,0.40,4702.10,2,4702.00,1,4701.90,4,4701.80,4,4701.70,4,4701.60,2,4701.50,5,4701.40,6,4701.30,4,4701.20,3,4702.50,1,4702.60,4,4702.70,2,4702.80,3,4702.90,2,4703.00,3,4703.10,5,4703.20,5,4703.30,6,4703.40,3,Sell,6,14,20,-8.00,0.00,-9.00,1.10,81.8,4701.50,4702.60,4701.50,4702.40,15,10,25,5.00,6.00,0.00,1.30,69.2,15,33,0.2000,0.1250,15.00,-41.00,4697.56,0.5873,UP,66.20,0.3776,1.6085
20260824 103357 914,4702.40,1,4702.10,4702.50,0.40,4702.10,2,4702.00,1,4701.90,4,4701.80,4,4701.70,4,4701.60,2,4701.50,5,4701.40,6,4701.30,4,4701.20,3,4702.50,1,4702.60,4,4702.70,2,4702.80,3,4702.90,2,4703.00,3,4703.10,5,4703.20,5,4703.30,6,4703.40,3,Sell,6,15,21,-9.00,0.00,-9.00,1.10,81.8,4701.50,4702.60,4701.50,4702.40,15,10,25,5.00,6.00,0.00,1.30,69.2,15,33,0.2000,0.0000,14.00,-42.00,4697.56,0.5873,UP,66.20,0.3776,1.6085
20260824 103402 077,4702.50,1,4702.40,4702.60,0.20,4702.40,2,4702.20,2,4702.10,4,4702.00,2,4701.90,3,4701.80,4,4701.70,3,4701.60,2,4701.50,6,4701.40,5,4702.60,1,4702.70,3,4702.80,2,4702.90,1,4703.00,3,4703.10,6,4703.20,4,4703.30,5,4703.40,3,4703.50,3,Buy,1,0,1,1.00,1.00,1.00,0.00,0.0,4702.50,4702.50,4702.50,4702.50,6,15,21,-9.00,0.00,-9.00,1.10,81.8,-3,15,0.0000,0.0000,5.00,-36.00,4697.56,0.5905,UP,64.55,0.3253,1.5007
20260824 103402 367,4702.40,1,4702.40,4702.60,0.20,4702.40,1,4702.20,2,4702.10,4,4702.00,2,4701.90,3,4701.80,4,4701.70,3,4701.60,2,4701.50,6,4701.40,5,4702.60,1,4702.70,3,4702.80,2,4702.90,1,4703.00,4,4703.10,5,4703.20,4,4703.30,5,4703.40,3,4703.50,3,Sell,1,1,2,0.00,1.00,0.00,0.10,100.0,4702.50,4702.50,4702.40,4702.40,6,15,21,-9.00,0.00,-9.00,1.10,81.8,-3,15,0.0000,1.0000,4.00,-37.00,4697.56,0.5873,UP,64.55,0.3253,1.5007
20260824 103402 367,4702.40,1,4702.40,4702.60,0.20,4702.40,1,4702.20,2,4702.10,4,4702.00,2,4701.90,3,4701.80,4,4701.70,3,4701.60,2,4701.50,6,4701.40,5,4702.60,1,4702.70,3,4702.80,2,4702.90,1,4703.00,4,4703.10,5,4703.20,4,4703.30,5,4703.40,3,4703.50,3,Sell,1,2,3,-1.00,1.00,-1.00,0.10,100.0,4702.50,4702.50,4702.40,4702.40,6,15,21,-9.00,0.00,-9.00,1.10,81.8,-3,15,0.0000,0.0000,3.00,-38.00,4697.56,0.5873,UP,64.55,0.3253,1.5007
20260824 103406 532,4702.30,1,4702.00,4702.40,0.40,4702.00,2,4701.90,1,4701.80,4,4701.70,2,4701.60,2,4701.50,7,4701.40,5,4701.30,3,4701.20,4,4701.10,5,4702.40,2,4702.50,2,4702.60,4,4702.70,2,4702.80,5,4702.90,2,4703.00,4,4703.10,5,4703.20,5,4703.30,5,Buy,2,2,4,0.00,1.00,-1.00,0.20,100.0,4702.50,4702.50,4702.30,4702.30,6,15,21,-9.00,0.00,-9.00,1.10,81.8,-3,15,0.0000,1.0000,4.00,-37.00,4697.55,0.5841,UP,64.55,0.3253,1.5079
20260824 103406 532,4702.30,1,4702.00,4702.40,0.40,4702.00,2,4701.90,1,4701.80,4,4701.70,2,4701.60,2,4701.50,7,4701.40,5,4701.30,3,4701.20,4,4701.10,5,4702.40,2,4702.50,2,4702.60,4,4702.70,2,4702.80,5,4702.90,2,4703.00,4,4703.10,5,4703.20,5,4703.30,5,Buy,3,2,5,1.00,1.00,-1.00,0.20,100.0,4702.50,4702.50,4702.30,4702.30,6,15,21,-9.00,0.00,-9.00,1.10,81.8,-3,15,0.0000,0.0000,5.00,-36.00,4697.55,0.5841,UP,64.55,0.3253,1.5079
20260824 103406 532,4702.40,1,4702.00,4702.40,0.40,4702.00,2,4701.90,1,4701.80,4,4701.70,2,4701.60,2,4701.50,7,4701.40,5,4701.30,3,4701.20,4,4701.10,5,4702.40,2,4702.50,2,4702.60,4,4702.70,2,4702.80,5,4702.90,2,4703.00,4,4703.10,5,4703.20,5,4703.30,5,Buy,4,2,6,2.00,2.00,-1.00,0.20,50.0,4702.50,4702.50,4702.30,4702.40,6,15,21,-9.00,0.00,-9.00,1.10,81.8,-3,15,0.0000,0.0000,6.00,-35.00,4697.56,0.5873,UP,64.55,0.3253,1.5079
20260824 103407 367,4702.40,1,4701.90,4702.40,0.50,4701.90,1,4701.80,4,4701.70,2,4701.60,2,4701.50,7,4701.40,5,4701.30,3,4701.20,4,4701.10,4,4701.00,2,4702.40,5,4702.50,4,4702.60,3,4702.70,3,4702.80,5,4702.90,2,4703.00,4,4703.10,5,4703.20,6,4703.30,5,Buy,5,2,7,3.00,3.00,-1.00,0.20,50.0,4702.50,4702.50,4702.30,4702.40,6,15,21,-9.00,0.00,-9.00,1.10,81.8,-3,15,0.0000,0.0000,7.00,-34.00,4697.56,0.5873,UP,64.55,0.3253,1.5079
20260824 103409 367,4702.20,1,4701.90,4702.30,0.40,4701.90,2,4701.80,2,4701.70,2,4701.60,2,4701.50,7,4701.40,5,4701.30,3,4701.20,4,4701.10,4,4701.00,2,4702.30,1,4702.40,3,4702.50,2,4702.60,4,4702.70,4,4702.80,4,4702.90,2,4703.00,4,4703.10,5,4703.20,5,Buy,6,2,8,4.00,4.00,-1.00,0.30,100.0,4702.50,4702.50,4702.20,4702.20,6,15,21,-9.00,0.00,-9.00,1.10,81.8,-3,15,0.0000,0.0000,8.00,-33.00,4697.54,0.5810,UP,64.55,0.3253,1.5150
20260824 103413 270,4702.40,1,4702.30,4702.70,0.40,4702.30,2,4702.20,2,4702.10,4,4702.00,3,4701.90,4,4701.80,5,4701.70,3,4701.60,2,4701.50,5,4701.40,5,4702.70,3,4702.80,3,4702.90,2,4703.00,3,4703.10,5,4703.20,5,4703.30,5,4703.40,3,4703.50,3,4703.60,7,Sell,6,3,9,3.00,4.00,-1.00,0.30,33.3,4702.50,4702.50,4702.20,4702.40,6,15,21,-9.00,0.00,-9.00,1.10,81.8,-3,15,0.0000,0.3333,7.00,-34.00,4697.56,0.5873,UP,64.55,0.3253,1.5150
20260824 103415 176,4702.50,1,4702.50,4702.70,0.20,4702.40,1,4702.30,4,4702.20,2,4702.10,3,4702.00,4,4701.90,6,4701.80,4,4701.70,3,4701.60,2,4701.50,5,4702.70,2,4702.80,2,4702.90,2,4703.00,3,4703.10,6,4703.20,5,4703.30,5,4703.40,3,4703.50,3,4703.60,6,Sell,6,4,10,2.00,4.00,-1.00,0.30,0.0,4702.50,4702.50,4702.20,4702.50,6,15,21,-9.00,0.00,-9.00,1.10,81.8,-3,15,0.0000,1.0000,6.00,-35.00,4697.56,0.5905,UP,64.55,0.3253,1.5150
20260824 103415 283,4702.50,1,4702.20,4702.60,0.40,4702.20,2,4702.10,4,4702.00,3,4701.90,5,4701.80,5,4701.70,3,4701.60,2,4701.50,5,4701.40,5,4701.30,3,4702.60,2,4702.70,4,4702.80,2,4702.90,2,4703.00,4,4703.10,5,4703.20,5,4703.30,5,4703.40,3,4703.50,4,Sell,6,5,11,1.00,4.00,-1.00,0.30,0.0,4702.50,4702.50,4702.20,4702.50,6,15,21,-9.00,0.00,-9.00,1.10,81.8,-3,15,0.0000,3.0000,5.00,-36.00,4697.56,0.5905,UP,64.55,0.3253,1.5150
20260824 103416 841,4702.10,1,4702.00,4702.40,0.40,4702.00,1,4701.90,3,4701.80,2,4701.70,3,4701.60,2,4701.50,6,4701.40,5,4701.30,3,4701.20,4,4701.10,4,4702.40,4,4702.50,2,4702.60,6,4702.70,3,4702.80,4,4702.90,2,4703.00,3,4703.10,5,4703.20,5,4703.30,5,Sell,6,6,12,0.00,4.00,-1.00,0.40,100.0,4702.50,4702.50,4702.10,4702.10,6,15,21,-9.00,0.00,-9.00,1.10,81.8,-3,15,0.0000,4.0000,4.00,-37.00,4697.53,0.5778,UP,64.55,0.3253,1.5222
20260824 103416 841,4702.10,1,4702.00,4702.40,0.40,4702.00,1,4701.90,3,4701.80,2,4701.70,3,4701.60,2,4701.50,6,4701.40,5,4701.30,3,4701.20,4,4701.10,4,4702.40,4,4702.50,2,4702.60,6,4702.70,3,4702.80,4,4702.90,2,4703.00,3,4703.10,5,4703.20,5,4703.30,5,Sell,6,7,13,-1.00,4.00,-1.00,0.40,100.0,4702.50,4702.50,4702.10,4702.10,6,15,21,-9.00,0.00,-9.00,1.10,81.8,-3,15,0.0000,0.0000,3.00,-38.00,4697.53,0.5778,UP,64.55,0.3253,1.5222
20260824 103416 843,4702.10,1,4702.00,4702.40,0.40,4702.00,1,4701.90,3,4701.80,2,4701.70,3,4701.60,2,4701.50,6,4701.40,5,4701.30,3,4701.20,4,4701.10,4,4702.40,4,4702.50,2,4702.60,6,4702.70,3,4702.80,4,4702.90,2,4703.00,3,4703.10,5,4703.20,5,4703.30,5,Sell,6,8,14,-2.00,4.00,-2.00,0.40,100.0,4702.50,4702.50,4702.10,4702.10,6,15,21,-9.00,0.00,-9.00,1.10,81.8,-3,15,0.0000,0.0000,2.00,-39.00,4697.53,0.5778,UP,64.55,0.3253,1.5222
20260824 103417 532,4702.10,1,4701.90,4702.30,0.40,4701.90,2,4701.80,3,4701.70,1,4701.60,2,4701.50,6,4701.40,5,4701.30,3,4701.20,4,4701.10,4,4701.00,3,4702.30,2,4702.40,3,4702.50,3,4702.60,4,4702.70,3,4702.80,5,4702.90,2,4703.00,3,4703.10,6,4703.20,5,Sell,6,9,15,-3.00,4.00,-3.00,0.40,100.0,4702.50,4702.50,4702.10,4702.10,6,15,21,-9.00,0.00,-9.00,1.10,81.8,-3,15,0.0000,0.0000,1.00,-40.00,4697.53,0.5778,UP,64.55,0.3253,1.5222
20260824 103418 412,4702.30,1,4702.20,4702.50,0.30,4702.20,3,4702.10,2,4702.00,1,4701.90,2,4701.80,3,4701.70,4,4701.60,2,4701.50,5,4701.40,5,4701.30,4,4702.50,2,4702.70,2,4702.80,4,4702.90,2,4703.00,4,4703.10,5,4703.20,4,4703.30,5,4703.40,3,4703.50,3,Buy,7,9,16,-2.00,4.00,-3.00,0.40,50.0,4702.50,4702.50,4702.10,4702.30,6,15,21,-9.00,0.00,-9.00,1.10,81.8,-3,15,0.0000,0.5000,2.00,-39.00,4697.55,0.5841,UP,64.55,0.3253,1.5222
20260824 103425 055,4702.70,1,4702.50,4702.80,0.30,4702.50,2,4702.40,2,4702.30,3,4702.20,4,4702.10,2,4702.00,3,4701.90,4,4701.80,4,4701.70,3,4701.60,3,4702.80,1,4703.00,3,4703.10,4,4703.20,4,4703.30,6,4703.40,3,4703.50,3,4703.60,6,4703.70,6,4703.80,6,Buy,8,9,17,-1.00,4.00,-3.00,0.60,33.3,4702.50,4702.70,4702.10,4702.70,6,15,21,-9.00,0.00,-9.00,1.10,81.8,-3,15,0.0000,2.0000,3.00,-38.00,4697.58,0.5968,UP,64.55,0.3253,1.5364
20260824 103425 269,4702.50,1,4702.50,4702.80,0.30,4702.40,2,4702.30,3,4702.20,3,4702.10,2,4702.00,3,4701.90,4,4701.80,4,4701.70,3,4701.60,3,4701.50,5,4702.70,1,4702.80,2,4702.90,1,4703.00,4,4703.10,5,4703.20,5,4703.30,5,4703.40,3,4703.50,3,4703.60,6,Sell,8,10,18,-2.00,4.00,-3.00,0.60,0.0,4702.50,4702.70,4702.10,4702.50,6,15,21,-9.00,0.00,-9.00,1.10,81.8,-3,15,0.0000,0.5000,2.00,-39.00,4697.56,0.5905,UP,64.55,0.3253,1.5364
20260824 103427 346,4702.60,1,4702.40,4702.70,0.30,4702.40,1,4702.30,2,4702.20,4,4702.10,2,4702.00,3,4701.90,4,4701.80,4,4701.70,3,4701.60,4,4701.50,5,4702.70,1,4702.80,4,4702.90,2,4703.00,2,4703.10,5,4703.20,5,4703.30,5,4703.40,4,4703.50,3,4703.60,6,Sell,8,11,19,-3.00,4.00,-3.00,0.60,16.7,4702.50,4702.70,4702.10,4702.60,6,15,21,-9.00,0.00,-9.00,1.10,81.8,-3,15,0.0000,0.0000,1.00,-40.00,4697.57,0.5937,UP,64.55,0.3253,1.5364
20260824 103428 842,4702.70,1,4702.40,4702.70,0.30,4702.40,1,4702.30,3,4702.20,3,4702.10,3,4702.00,3,4701.90,4,4701.80,4,4701.70,3,4701.60,4,4701.50,5,4702.70,1,4702.80,2,4702.90,2,4703.00,2,4703.10,6,4703.20,4,4703.30,5,4703.40,4,4703.50,3,4703.60,6,Buy,9,11,20,-2.00,4.00,-3.00,0.60,33.3,4702.50,4702.70,4702.10,4702.70,6,15,21,-9.00,0.00,-9.00,1.10,81.8,-3,15,0.0000,0.5000,2.00,-39.00,4697.58,0.5968,UP,64.55,0.3253,1.5364
20260824 103428 842,4702.80,1,4702.40,4702.70,0.30,4702.40,1,4702.30,3,4702.20,3,4702.10,3,4702.00,3,4701.90,4,4701.80,4,4701.70,3,4701.60,4,4701.50,5,4702.70,1,4702.80,2,4702.90,2,4703.00,2,4703.10,6,4703.20,4,4703.30,5,4703.40,4,4703.50,3,4703.60,6,Buy,10,11,21,-1.00,4.00,-3.00,0.70,42.9,4702.50,4702.80,4702.10,4702.80,6,15,21,-9.00,0.00,-9.00,1.10,81.8,-3,15,0.0000,2.0000,3.00,-38.00,4697.59,0.6000,UP,64.55,0.3253,1.5436
20260824 103433 035,4702.30,1,4701.90,4702.20,0.30,4702.10,1,4702.00,3,4701.90,4,4701.80,3,4701.70,3,4701.60,4,4701.50,5,4701.40,5,4701.30,3,4701.20,4,4702.50,2,4702.60,3,4702.70,4,4702.80,3,4702.90,5,4703.00,2,4703.10,5,4703.20,4,4703.30,5,4703.40,5,Sell,10,12,22,-2.00,4.00,-3.00,0.70,28.6,4702.50,4702.80,4702.10,4702.30,6,15,21,-9.00,0.00,-9.00,1.10,81.8,-3,15,0.0000,0.5000,2.00,-39.00,4697.55,0.5841,UP,64.55,0.3253,1.5436
20260824 103433 037,4702.20,1,4701.90,4702.20,0.30,4702.10,1,4702.00,3,4701.90,4,4701.80,3,4701.70,3,4701.60,4,4701.50,5,4701.40,5,4701.30,3,4701.20,4,4702.50,2,4702.60,3,4702.70,4,4702.80,3,4702.90,5,4703.00,2,4703.10,5,4703.20,4,4703.30,5,4703.40,5,Sell,10,13,23,-3.00,4.00,-3.00,0.70,42.9,4702.50,4702.80,4702.10,4702.20,6,15,21,-9.00,0.00,-9.00,1.10,81.8,-3,15,0.0000,0.0000,1.00,-40.00,4697.54,0.5810,UP,64.55,0.3253,1.5436
20260824 103433 037,4702.20,1,4701.90,4702.20,0.30,4702.10,1,4702.00,3,4701.90,4,4701.80,3,4701.70,3,4701.60,4,4701.50,5,4701.40,5,4701.30,3,4701.20,4,4702.50,2,4702.60,3,4702.70,4,4702.80,3,4702.90,5,4703.00,2,4703.10,5,4703.20,4,4703.30,5,4703.40,5,Sell,10,14,24,-4.00,4.00,-4.00,0.70,42.9,4702.50,4702.80,4702.10,4702.20,6,15,21,-9.00,0.00,-9.00,1.10,81.8,-3,15,0.0000,0.0000,0.00,-41.00,4697.54,0.5810,UP,64.55,0.3253,1.5436
20260824 103433 037,4702.20,1,4701.90,4702.20,0.30,4702.10,1,4702.00,3,4701.90,4,4701.80,3,4701.70,3,4701.60,4,4701.50,5,4701.40,5,4701.30,3,4701.20,4,4702.50,2,4702.60,3,4702.70,4,4702.80,3,4702.90,5,4703.00,2,4703.10,5,4703.20,4,4703.30,5,4703.40,5,Sell,10,15,25,-5.00,4.00,-5.00,0.70,42.9,4702.50,4702.80,4702.10,4702.20,6,15,21,-9.00,0.00,-9.00,1.10,81.8,-3,15,0.0000,0.0000,-1.00,-42.00,4697.54,0.5810,UP,64.55,0.3253,1.5436
20260824 103433 050,4701.90,1,4701.90,4702.20,0.30,4702.10,1,4702.00,3,4701.90,4,4701.80,3,4701.70,3,4701.60,4,4701.50,5,4701.40,5,4701.30,3,4701.20,4,4702.50,2,4702.60,3,4702.70,4,4702.80,3,4702.90,5,4703.00,2,4703.10,5,4703.20,4,4703.30,5,4703.40,5,Sell,10,16,26,-6.00,4.00,-6.00,0.90,66.7,4702.50,4702.80,4701.90,4701.90,6,15,21,-9.00,0.00,-9.00,1.10,81.8,-3,15,0.0000,0.0000,-2.00,-43.00,4697.51,0.5714,UP,64.55,0.3253,1.5579
20260824 103433 289,4701.80,1,4701.80,4702.10,0.30,4701.80,1,4701.70,3,4701.60,2,4701.50,3,4701.40,5,4701.30,3,4701.20,3,4701.10,3,4701.00,3,4700.90,2,4702.10,1,4702.20,2,4702.30,3,4702.40,6,4702.50,9,4702.60,6,4702.70,7,4702.80,6,4702.90,4,4703.00,3,Sell,10,17,27,-7.00,4.00,-7.00,1.00,70.0,4702.50,4702.80,4701.80,4701.80,6,15,21,-9.00,0.00,-9.00,1.10,81.8,-3,15,0.0000,0.0000,-3.00,-44.00,4697.50,0.5683,UP,64.55,0.3253,1.5650
20260824 103433 993,4701.80,1,4701.80,4702.00,0.20,4701.80,1,4701.70,2,4701.60,2,4701.50,3,4701.40,5,4701.30,3,4701.20,3,4701.10,3,4701.00,3,4700.90,2,4702.10,1,4702.20,2,4702.30,4,4702.40,7,4702.50,8,4702.60,5,4702.70,6,4702.80,4,4702.90,2,4703.00,3,Sell,10,18,28,-8.00,4.00,-8.00,1.00,70.0,4702.50,4702.80,4701.80,4701.80,6,15,21,-9.00,0.00,-9.00,1.10,81.8,-3,15,0.0000,0.0000,-4.00,-45.00,4697.50,0.5683,UP,64.55,0.3253,1.5650
20260824 103433 997,4702.00,1,4701.80,4702.00,0.20,4701.80,1,4701.70,2,4701.60,2,4701.50,3,4701.40,5,4701.30,3,4701.20,3,4701.10,3,4701.00,3,4700.90,2,4702.10,1,4702.20,2,4702.30,4,4702.40,7,4702.50,8,4702.60,5,4702.70,6,4702.80,4,4702.90,2,4703.00,3,Buy,11,18,29,-7.00,4.00,-8.00,1.00,50.0,4702.50,4702.80,4701.80,4702.00,6,15,21,-9.00,0.00,-9.00,1.10,81.8,-3,15,0.0000,0.1429,-3.00,-44.00,4697.52,0.5746,UP,64.55,0.3253,1.5650
20260824 103434 768,4702.00,1,4701.80,4702.10,0.30,4701.80,1,4701.70,2,4701.60,2,4701.50,3,4701.40,5,4701.30,3,4701.20,3,4701.10,3,4701.00,3,4700.90,2,4702.10,1,4702.20,3,4702.30,3,4702.40,6,4702.50,5,4702.60,5,4702.70,6,4702.80,5,4702.90,2,4703.00,3,Buy,12,18,30,-6.00,4.00,-8.00,1.00,50.0,4702.50,4702.80,4701.80,4702.00,6,15,21,-9.00,0.00,-9.00,1.10,81.8,-3,15,0.0000,0.3333,-2.00,-43.00,4697.52,0.5746,UP,64.55,0.3253,1.5650
20260824 103443 099,4701.60,1,4701.60,4701.90,0.30,4701.60,1,4701.50,2,4701.40,4,4701.30,1,4701.20,2,4701.10,4,4701.00,3,4700.90,2,4700.80,5,4700.70,4,4701.90,1,4702.00,2,4702.10,2,4702.20,3,4702.30,6,4702.40,8,4702.50,6,4702.60,5,4702.70,6,4702.80,5,Sell,12,19,31,-7.00,4.00,-8.00,1.20,75.0,4702.50,4702.80,4701.60,4701.60,6,15,21,-9.00,0.00,-9.00,1.10,81.8,-3,15,0.0000,0.1429,-3.00,-44.00,4697.48,0.5619,UP,64.55,0.3253,1.5793
20260824 103444 099,4701.60,1,4701.60,4701.90,0.30,4701.60,1,4701.50,2,4701.40,5,4701.30,1,4701.20,2,4701.10,3,4701.00,4,4700.90,2,4700.80,5,4700.70,4,4701.90,1,4702.00,4,4702.10,2,4702.20,3,4702.30,6,4702.40,8,4702.50,6,4702.60,5,4702.70,6,4702.80,5,Sell,12,20,32,-8.00,4.00,-8.00,1.20,75.0,4702.50,4702.80,4701.60,4701.60,6,15,21,-9.00,0.00,-9.00,1.10,81.8,-3,15,0.0000,0.0000,-4.00,-45.00,4697.48,0.5619,UP,64.55,0.3253,1.5793
20260824 103445 099,4701.50,1,4701.70,4701.90,0.20,4701.70,2,4701.60,1,4701.50,5,4701.40,4,4701.30,2,4701.20,2,4701.10,4,4701.00,3,4700.90,2,4700.80,7,4702.00,1,4702.10,2,4702.20,3,4702.30,4,4702.40,8,4702.50,6,4702.60,5,4702.70,6,4702.80,5,4702.90,2,Sell,12,21,33,-9.00,4.00,-9.00,1.30,76.9,4702.50,4702.80,4701.50,4701.50,6,15,21,-9.00,0.00,-9.00,1.10,81.8,-3,15,0.0000,0.0000,-5.00,-46.00,4697.47,0.5587,UP,64.55,0.3253,1.5864
20260824 103445 101,4701.80,1,4701.70,4701.90,0.20,4701.70,2,4701.60,1,4701.50,5,4701.40,4,4701.30,2,4701.20,2,4701.10,4,4701.00,3,4700.90,2,4700.80,7,4702.00,1,4702.10,2,4702.20,3,4702.30,4,4702.40,8,4702.50,6,4702.60,5,4702.70,6,4702.80,5,4702.90,2,Buy,13,21,34,-8.00,4.00,-9.00,1.30,53.8,4702.50,4702.80,4701.50,4701.80,6,15,21,-9.00,0.00,-9.00,1.10,81.8,-3,15,0.0000,0.1250,-4.00,-45.00,4697.50,0.5683,UP,64.55,0.3253,1.5864
20260824 103445 103,4701.90,1,4701.70,4701.90,0.20,4701.70,2,4701.60,1,4701.50,5,4701.40,4,4701.30,2,4701.20,2,4701.10,4,4701.00,3,4700.90,2,4700.80,7,4702.00,1,4702.10,2,4702.20,3,4702.30,4,4702.40,8,4702.50,6,4702.60,5,4702.70,6,4702.80,5,4702.90,2,Buy,14,21,35,-7.00,4.00,-9.00,1.30,46.2,4702.50,4702.80,4701.50,4701.90,6,15,21,-9.00,0.00,-9.00,1.10,81.8,-3,15,0.0000,0.2857,-3.00,-44.00,4697.51,0.5714,UP,64.55,0.3253,1.5864
20260824 103445 103,4701.90,1,4701.70,4701.90,0.20,4701.70,2,4701.60,1,4701.50,5,4701.40,4,4701.30,2,4701.20,2,4701.10,4,4701.00,3,4700.90,2,4700.80,7,4702.00,1,4702.10,2,4702.20,3,4702.30,4,4702.40,8,4702.50,6,4702.60,5,4702.70,6,4702.80,5,4702.90,2,Buy,15,21,36,-6.00,4.00,-9.00,1.30,46.2,4702.50,4702.80,4701.50,4701.90,6,15,21,-9.00,0.00,-9.00,1.10,81.8,-3,15,0.0000,0.5000,-2.00,-43.00,4697.51,0.5714,UP,64.55,0.3253,1.5864
20260824 103445 125,4701.90,1,4701.70,4701.90,0.20,4701.70,2,4701.60,1,4701.50,5,4701.40,4,4701.30,2,4701.20,2,4701.10,4,4701.00,3,4700.90,2,4700.80,7,4702.00,1,4702.10,2,4702.20,3,4702.30,4,4702.40,8,4702.50,6,4702.60,5,4702.70,6,4702.80,5,4702.90,2,Buy,16,21,37,-5.00,4.00,-9.00,1.30,46.2,4702.50,4702.80,4701.50,4701.90,6,15,21,-9.00,0.00,-9.00,1.10,81.8,-3,15,0.0000,0.8000,-1.00,-42.00,4697.51,0.5714,UP,64.55,0.3253,1.5864
20260824 103450 060,4702.00,1,4701.80,4702.00,0.20,4701.70,1,4701.60,3,4701.50,4,4701.40,3,4701.30,2,4701.20,2,4701.10,4,4701.00,3,4700.90,2,4700.80,6,4702.00,2,4702.10,2,4702.20,2,4702.30,6,4702.40,6,4702.50,6,4702.60,5,4702.70,6,4702.80,5,4702.90,2,Buy,17,21,38,-4.00,4.00,-9.00,1.30,38.5,4702.50,4702.80,4701.50,4702.00,6,15,21,-9.00,0.00,-9.00,1.10,81.8,-3,15,0.0000,1.2500,0.00,-41.00,4697.52,0.5746,UP,64.55,0.3253,1.5864
20260824 103450 073,4701.90,1,4701.80,4702.00,0.20,4701.80,1,4701.70,2,4701.60,2,4701.50,4,4701.40,3,4701.30,3,4701.20,3,4701.10,3,4701.00,3,4700.90,2,4702.00,1,4702.10,3,4702.20,3,4702.30,4,4702.40,7,4702.50,5,4702.60,5,4702.70,6,4702.80,5,4702.90,2,Sell,17,22,39,-5.00,4.00,-9.00,1.30,46.2,4702.50,4702.80,4701.50,4701.90,6,15,21,-9.00,0.00,-9.00,1.10,81.8,-3,15,0.0000,0.8000,-1.00,-42.00,4697.51,0.5714,UP,64.55,0.3253,1.5864
20260824 103451 072,4701.80,1,4701.80,4702.10,0.30,4701.80,2,4701.70,1,4701.60,1,4701.50,5,4701.40,5,4701.30,3,4701.20,2,4701.10,4,4701.00,3,4700.90,2,4702.10,1,4702.20,3,4702.30,4,4702.40,7,4702.50,5,4702.60,5,4702.70,6,4702.80,5,4702.90,2,4703.00,3,Sell,17,23,40,-6.00,4.00,-9.00,1.30,53.8,4702.50,4702.80,4701.50,4701.80,6,15,21,-9.00,0.00,-9.00,1.10,81.8,-3,15,0.0000,0.5000,-2.00,-43.00,4697.50,0.5683,UP,64.55,0.3253,1.5864
20260824 103452 053,4702.10,1,4701.90,4702.20,0.30,4701.90,2,4701.80,2,4701.70,2,4701.60,2,4701.50,4,4701.40,6,4701.30,3,4701.20,2,4701.10,4,4701.00,3,4702.20,1,4702.30,4,4702.40,5,4702.50,4,4702.60,5,4702.70,6,4702.80,4,4702.90,2,4703.00,3,4703.10,5,Buy,18,23,41,-5.00,4.00,-9.00,1.30,30.8,4702.50,4702.80,4701.50,4702.10,6,15,21,-9.00,0.00,-9.00,1.10,81.8,-3,15,0.0000,0.8000,-1.00,-42.00,4697.53,0.5778,UP,64.55,0.3253,1.5864
20260824 103452 073,4702.00,1,4701.90,4702.20,0.30,4701.90,2,4701.80,2,4701.70,2,4701.60,2,4701.50,4,4701.40,6,4701.30,3,4701.20,2,4701.10,4,4701.00,3,4702.20,1,4702.30,4,4702.40,5,4702.50,4,4702.60,5,4702.70,6,4702.80,4,4702.90,2,4703.00,3,4703.10,5,Sell,18,24,42,-6.00,4.00,-9.00,1.30,38.5,4702.50,4702.80,4701.50,4702.00,6,15,21,-9.00,0.00,-9.00,1.10,81.8,-3,15,0.0000,0.5000,-2.00,-43.00,4697.52,0.5746,UP,64.55,0.3253,1.5864
20260824 103454 873,4701.90,1,4701.90,4702.10,0.20,4701.80,1,4701.70,1,4701.60,2,4701.50,4,4701.40,5,4701.30,3,4701.20,2,4701.10,4,4701.00,3,4700.90,2,4702.10,2,4702.20,2,4702.30,3,4702.40,5,4702.50,4,4702.60,5,4702.70,6,4702.80,5,4702.90,2,4703.00,3,Sell,18,25,43,-7.00,4.00,-9.00,1.30,46.2,4702.50,4702.80,4701.50,4701.90,6,15,21,-9.00,0.00,-9.00,1.10,81.8,-3,15,0.0000,0.2857,-3.00,-44.00,4697.51,0.5714,UP,64.55,0.3253,1.5864
20260824 103455 488,4702.10,1,4701.90,4702.20,0.30,4701.90,1,4701.80,1,4701.70,3,4701.60,1,4701.50,4,4701.40,6,4701.30,3,4701.20,2,4701.10,4,4701.00,3,4702.20,2,4702.30,3,4702.40,5,4702.50,5,4702.60,4,4702.70,6,4702.80,5,4702.90,2,4703.00,3,4703.10,6,Buy,19,25,44,-6.00,4.00,-9.00,1.30,30.8,4702.50,4702.80,4701.50,4702.10,6,15,21,-9.00,0.00,-9.00,1.10,81.8,-3,15,0.0000,0.5000,-2.00,-43.00,4697.53,0.5778,UP,64.55,0.3253,1.5864
20260824 103455 488,4702.20,1,4701.90,4702.20,0.30,4701.90,1,4701.80,1,4701.70,3,4701.60,1,4701.50,4,4701.40,6,4701.30,3,4701.20,2,4701.10,4,4701.00,3,4702.20,2,4702.30,3,4702.40,5,4702.50,5,4702.60,4,4702.70,6,4702.80,5,4702.90,2,4703.00,3,4703.10,6,Buy,20,25,45,-5.00,4.00,-9.00,1.30,23.1,4702.50,4702.80,4701.50,4702.20,6,15,21,-9.00,0.00,-9.00,1.10,81.8,-3,15,0.0000,0.8000,-1.00,-42.00,4697.54,0.5810,UP,64.55,0.3253,1.5864
20260824 103455 525,4702.20,1,4701.90,4702.20,0.30,4701.90,1,4701.80,1,4701.70,3,4701.60,1,4701.50,4,4701.40,6,4701.30,3,4701.20,2,4701.10,4,4701.00,3,4702.20,2,4702.30,3,4702.40,5,4702.50,5,4702.60,4,4702.70,6,4702.80,5,4702.90,2,4703.00,3,4703.10,6,Buy,21,25,46,-4.00,4.00,-9.00,1.30,23.1,4702.50,4702.80,4701.50,4702.20,6,15,21,-9.00,0.00,-9.00,1.10,81.8,-3,15,0.0000,1.2500,0.00,-41.00,4697.54,0.5810,UP,64.55,0.3253,1.5864
20260824 103455 525,4702.20,1,4701.90,4702.20,0.30,4701.90,1,4701.80,1,4701.70,3,4701.60,1,4701.50,4,4701.40,6,4701.30,3,4701.20,2,4701.10,4,4701.00,3,4702.20,2,4702.30,3,4702.40,5,4702.50,5,4702.60,4,4702.70,6,4702.80,5,4702.90,2,4703.00,3,4703.10,6,Buy,22,25,47,-3.00,4.00,-9.00,1.30,23.1,4702.50,4702.80,4701.50,4702.20,6,15,21,-9.00,0.00,-9.00,1.10,81.8,-3,15,0.0000,2.0000,1.00,-40.00,4697.54,0.5810,UP,64.55,0.3253,1.5864
20260824 103455 525,4702.30,1,4701.90,4702.20,0.30,4701.90,1,4701.80,1,4701.70,3,4701.60,1,4701.50,4,4701.40,6,4701.30,3,4701.20,2,4701.10,4,4701.00,3,4702.20,2,4702.30,3,4702.40,5,4702.50,5,4702.60,4,4702.70,6,4702.80,5,4702.90,2,4703.00,3,4703.10,6,Buy,23,25,48,-2.00,4.00,-9.00,1.30,15.4,4702.50,4702.80,4701.50,4702.30,6,15,21,-9.00,0.00,-9.00,1.10,81.8,-3,15,0.0000,3.5000,2.00,-39.00,4697.55,0.5841,UP,64.55,0.3253,1.5864
20260824 103455 525,4702.30,1,4701.90,4702.20,0.30,4701.90,1,4701.80,1,4701.70,3,4701.60,1,4701.50,4,4701.40,6,4701.30,3,4701.20,2,4701.10,4,4701.00,3,4702.20,2,4702.30,3,4702.40,5,4702.50,5,4702.60,4,4702.70,6,4702.80,5,4702.90,2,4703.00,3,4703.10,6,Buy,24,25,49,-1.00,4.00,-9.00,1.30,15.4,4702.50,4702.80,4701.50,4702.30,6,15,21,-9.00,0.00,-9.00,1.10,81.8,-3,15,0.0000,8.0000,3.00,-38.00,4697.55,0.5841,UP,64.55,0.3253,1.5864
20260824 103455 525,4702.30,1,4701.90,4702.20,0.30,4701.90,1,4701.80,1,4701.70,3,4701.60,1,4701.50,4,4701.40,6,4701.30,3,4701.20,2,4701.10,4,4701.00,3,4702.20,2,4702.30,3,4702.40,5,4702.50,5,4702.60,4,4702.70,6,4702.80,5,4702.90,2,4703.00,3,4703.10,6,Buy,25,25,50,0.00,4.00,-9.00,1.30,15.4,4702.50,4702.80,4701.50,4702.30,6,15,21,-9.00,0.00,-9.00,1.10,81.8,-3,15,0.0000,4.0000,4.00,-37.00,4697.55,0.5841,UP,64.55,0.3253,1.5864
20260824 103455 525,4702.40,1,4701.90,4702.20,0.30,4701.90,1,4701.80,1,4701.70,3,4701.60,1,4701.50,4,4701.40,6,4701.30,3,4701.20,2,4701.10,4,4701.00,3,4702.20,2,4702.30,3,4702.40,5,4702.50,5,4702.60,4,4702.70,6,4702.80,5,4702.90,2,4703.00,3,4703.10,6,Buy,26,25,51,1.00,4.00,-9.00,1.30,7.7,4702.50,4702.80,4701.50,4702.40,6,15,21,-9.00,0.00,-9.00,1.10,81.8,-3,15,0.0000,3.0000,5.00,-36.00,4697.56,0.5873,UP,64.55,0.3253,1.5864
20260824 103455 525,4702.40,1,4701.90,4702.20,0.30,4701.90,1,4701.80,1,4701.70,3,4701.60,1,4701.50,4,4701.40,6,4701.30,3,4701.20,2,4701.10,4,4701.00,3,4702.20,2,4702.30,3,4702.40,5,4702.50,5,4702.60,4,4702.70,6,4702.80,5,4702.90,2,4703.00,3,4703.10,6,Buy,27,25,52,2.00,4.00,-9.00,1.30,7.7,4702.50,4702.80,4701.50,4702.40,6,15,21,-9.00,0.00,-9.00,1.10,81.8,-3,15,0.0000,1.0000,6.00,-35.00,4697.56,0.5873,UP,64.55,0.3253,1.5864
20260824 103455 525,4702.40,2,4701.90,4702.20,0.30,4701.90,1,4701.80,1,4701.70,3,4701.60,1,4701.50,4,4701.40,6,4701.30,3,4701.20,2,4701.10,4,4701.00,3,4702.20,2,4702.30,3,4702.40,5,4702.50,5,4702.60,4,4702.70,6,4702.80,5,4702.90,2,4703.00,3,4703.10,6,Buy,29,25,54,4.00,4.00,-9.00,1.30,7.7,4702.50,4702.80,4701.50,4702.40,6,15,21,-9.00,0.00,-9.00,1.10,81.8,-3,15,0.0000,0.0000,8.00,-33.00,4697.56,0.5873,UP,64.55,0.3253,1.5864
20260824 103455 525,4702.40,1,4701.90,4702.20,0.30,4701.90,1,4701.80,1,4701.70,3,4701.60,1,4701.50,4,4701.40,6,4701.30,3,4701.20,2,4701.10,4,4701.00,3,4702.20,2,4702.30,3,4702.40,5,4702.50,5,4702.60,4,4702.70,6,4702.80,5,4702.90,2,4703.00,3,4703.10,6,Buy,30,25,55,5.00,5.00,-9.00,1.30,7.7,4702.50,4702.80,4701.50,4702.40,6,15,21,-9.00,0.00,-9.00,1.10,81.8,-3,15,0.0000,0.0000,9.00,-32.00,4697.56,0.5873,UP,64.55,0.3253,1.5864
20260824 103455 525,4702.50,1,4701.90,4702.20,0.30,4701.90,1,4701.80,1,4701.70,3,4701.60,1,4701.50,4,4701.40,6,4701.30,3,4701.20,2,4701.10,4,4701.00,3,4702.20,2,4702.30,3,4702.40,5,4702.50,5,4702.60,4,4702.70,6,4702.80,5,4702.90,2,4703.00,3,4703.10,6,Buy,31,25,56,6.00,6.00,-9.00,1.30,0.0,4702.50,4702.80,4701.50,4702.50,6,15,21,-9.00,0.00,-9.00,1.10,81.8,-3,15,0.0000,0.0000,10.00,-31.00,4697.56,0.5905,UP,64.55,0.3253,1.5864
20260824 103455 525,4702.50,1,4701.90,4702.20,0.30,4701.90,1,4701.80,1,4701.70,3,4701.60,1,4701.50,4,4701.40,6,4701.30,3,4701.20,2,4701.10,4,4701.00,3,4702.20,2,4702.30,3,4702.40,5,4702.50,5,4702.60,4,4702.70,6,4702.80,5,4702.90,2,4703.00,3,4703.10,6,Buy,32,25,57,7.00,7.00,-9.00,1.30,0.0,4702.50,4702.80,4701.50,4702.50,6,15,21,-9.00,0.00,-9.00,1.10,81.8,-3,15,0.0000,0.0000,11.00,-30.00,4697.56,0.5905,UP,64.55,0.3253,1.5864
20260824 103455 525,4702.50,1,4701.90,4702.20,0.30,4701.90,1,4701.80,1,4701.70,3,4701.60,1,4701.50,4,4701.40,6,4701.30,3,4701.20,2,4701.10,4,4701.00,3,4702.20,2,4702.30,3,4702.40,5,4702.50,5,4702.60,4,4702.70,6,4702.80,5,4702.90,2,4703.00,3,4703.10,6,Buy,33,25,58,8.00,8.00,-9.00,1.30,0.0,4702.50,4702.80,4701.50,4702.50,6,15,21,-9.00,0.00,-9.00,1.10,81.8,-3,15,0.0000,0.0000,12.00,-29.00,4697.56,0.5905,UP,64.55,0.3253,1.5864
20260824 103455 525,4702.50,1,4701.90,4702.20,0.30,4701.90,1,4701.80,1,4701.70,3,4701.60,1,4701.50,4,4701.40,6,4701.30,3,4701.20,2,4701.10,4,4701.00,3,4702.20,2,4702.30,3,4702.40,5,4702.50,5,4702.60,4,4702.70,6,4702.80,5,4702.90,2,4703.00,3,4703.10,6,Buy,34,25,59,9.00,9.00,-9.00,1.30,0.0,4702.50,4702.80,4701.50,4702.50,6,15,21,-9.00,0.00,-9.00,1.10,81.8,-3,15,0.0000,0.0000,13.00,-28.00,4697.56,0.5905,UP,64.55,0.3253,1.5864
20260824 103455 525,4702.60,1,4701.90,4702.20,0.30,4701.90,1,4701.80,1,4701.70,3,4701.60,1,4701.50,4,4701.40,6,4701.30,3,4701.20,2,4701.10,4,4701.00,3,4702.20,2,4702.30,3,4702.40,5,4702.50,5,4702.60,4,4702.70,6,4702.80,5,4702.90,2,4703.00,3,4703.10,6,Buy,35,25,60,10.00,10.00,-9.00,1.30,7.7,4702.50,4702.80,4701.50,4702.60,6,15,21,-9.00,0.00,-9.00,1.10,81.8,-3,15,0.0000,0.0000,14.00,-27.00,4697.57,0.5937,UP,64.55,0.3253,1.5864
20260824 103455 601,4702.40,1,4702.10,4702.40,0.30,4702.20,1,4702.10,2,4702.00,5,4701.90,2,4701.80,3,4701.70,3,4701.60,2,4701.50,5,4701.40,6,4701.30,3,4702.60,1,4702.70,4,4702.80,4,4702.90,3,4703.00,4,4703.10,5,4703.20,4,4703.30,5,4703.40,5,4703.50,4,Buy,36,25,61,11.00,11.00,-9.00,1.30,7.7,4702.50,4702.80,4701.50,4702.40,6,15,21,-9.00,0.00,-9.00,1.10,81.8,-3,15,0.0000,0.0000,15.00,-26.00,4697.56,0.5873,UP,64.55,0.3253,1.5864
20260824 103457 962,4702.30,1,4702.30,4702.70,0.40,4702.30,2,4702.20,4,4702.10,4,4702.00,6,4701.90,4,4701.80,3,4701.70,3,4701.60,2,4701.50,5,4701.40,6,4702.70,1,4702.80,3,4702.90,4,4703.00,3,4703.10,6,4703.20,4,4703.30,5,4703.40,5,4703.50,4,4703.60,5,Sell,36,26,62,10.00,11.00,-9.00,1.30,15.4,4702.50,4702.80,4701.50,4702.30,6,15,21,-9.00,0.00,-9.00,1.10,81.8,-3,15,0.0000,0.1000,14.00,-27.00,4697.55,0.5841,UP,64.55,0.3253,1.5864
20260824 103457 963,4702.50,1,4702.30,4702.70,0.40,4702.30,2,4702.20,4,4702.10,4,4702.00,6,4701.90,4,4701.80,3,4701.70,3,4701.60,2,4701.50,5,4701.40,6,4702.70,1,4702.80,3,4702.90,4,4703.00,3,4703.10,6,4703.20,4,4703.30,5,4703.40,5,4703.50,4,4703.60,5,Buy,37,26,63,11.00,11.00,-9.00,1.30,0.0,4702.50,4702.80,4701.50,4702.50,6,15,21,-9.00,0.00,-9.00,1.10,81.8,-3,15,0.0000,0.0000,15.00,-26.00,4697.56,0.5905,UP,64.55,0.3253,1.5864
20260824 103458 034,4702.60,1,4702.20,4702.60,0.40,4702.20,3,4702.10,3,4702.00,5,4701.90,4,4701.80,3,4701.70,3,4701.60,2,4701.50,5,4701.40,6,4701.30,3,4702.60,2,4702.70,3,4702.80,3,4702.90,4,4703.00,3,4703.10,6,4703.20,5,4703.30,5,4703.40,5,4703.50,4,Sell,37,27,64,10.00,11.00,-9.00,1.30,7.7,4702.50,4702.80,4701.50,4702.60,6,15,21,-9.00,0.00,-9.00,1.10,81.8,-3,15,0.0000,0.1000,14.00,-27.00,4697.57,0.5937,UP,64.55,0.3253,1.5864
20260824 103459 536,4702.50,1,4702.40,4702.50,0.10,4702.40,1,4702.30,4,4702.20,4,4702.10,1,4702.00,5,4701.90,3,4701.80,3,4701.70,3,4701.60,2,4701.50,5,4702.60,1,4702.70,3,4702.80,3,4702.90,3,4703.00,3,4703.10,5,4703.20,4,4703.30,5,4703.40,5,4703.50,4,Buy,38,27,65,11.00,11.00,-9.00,1.30,0.0,4702.50,4702.80,4701.50,4702.50,6,15,21,-9.00,0.00,-9.00,1.10,81.8,-3,15,0.0000,0.0000,15.00,-26.00,4697.56,0.5905,UP,64.55,0.3253,1.5864
20260824 103500 238,4702.60,1,4702.80,4702.90,0.10,4702.80,1,4702.60,2,4702.50,1,4702.40,6,4702.30,3,4702.20,4,4702.10,4,4702.00,6,4701.90,3,4701.80,4,4702.90,1,4703.10,2,4703.20,4,4703.30,5,4703.40,4,4703.50,4,4703.60,5,4703.70,6,4703.80,6,4703.90,3,Buy,1,0,1,1.00,1.00,1.00,0.00,0.0,4702.60,4702.60,4702.60,4702.60,38,27,65,11.00,11.00,-9.00,1.30,0.0,36,129,0.0000,0.0000,22.00,-2.00,4697.57,0.5937,UP,63.45,1.0244,1.4803
20260824 103500 238,4702.60,1,4702.80,4702.90,0.10,4702.80,1,4702.60,2,4702.50,1,4702.40,6,4702.30,3,4702.20,4,4702.10,4,4702.00,6,4701.90,3,4701.80,4,4702.90,1,4703.10,2,4703.20,4,4703.30,5,4703.40,4,4703.50,4,4703.60,5,4703.70,6,4703.80,6,4703.90,3,Buy,2,0,2,2.00,2.00,1.00,0.00,0.0,4702.60,4702.60,4702.60,4702.60,38,27,65,11.00,11.00,-9.00,1.30,0.0,36,129,0.0000,0.0000,23.00,-1.00,4697.57,0.5937,UP,63.45,1.0244,1.4803
20260824 103500 254,4702.70,1,4702.80,4702.90,0.10,4702.80,1,4702.60,2,4702.50,1,4702.40,6,4702.30,3,4702.20,4,4702.10,4,4702.00,6,4701.90,3,4701.80,4,4702.90,1,4703.10,2,4703.20,4,4703.30,5,4703.40,4,4703.50,4,4703.60,5,4703.70,6,4703.80,6,4703.90,3,Buy,3,0,3,3.00,3.00,1.00,0.10,100.0,4702.60,4702.70,4702.60,4702.70,38,27,65,11.00,11.00,-9.00,1.30,0.0,36,129,0.0000,0.0000,24.00,0.00,4697.58,0.5968,UP,63.45,1.0244,1.4874
20260824 103500 266,4702.80,1,4702.80,4702.90,0.10,4702.80,1,4702.60,2,4702.50,1,4702.40,6,4702.30,3,4702.20,4,4702.10,4,4702.00,6,4701.90,3,4701.80,4,4702.90,1,4703.10,2,4703.20,4,4703.30,5,4703.40,4,4703.50,4,4703.60,5,4703.70,6,4703.80,6,4703.90,3,Buy,4,0,4,4.00,4.00,1.00,0.20,100.0,4702.60,4702.80,4702.60,4702.80,38,27,65,11.00,11.00,-9.00,1.30,0.0,36,129,0.0000,0.0000,25.00,1.00,4697.59,0.6000,UP,63.45,1.0244,1.4946
20260824 103500 266,4702.80,1,4702.80,4702.90,0.10,4702.80,1,4702.60,2,4702.50,1,4702.40,6,4702.30,3,4702.20,4,4702.10,4,4702.00,6,4701.90,3,4701.80,4,4702.90,1,4703.10,2,4703.20,4,4703.30,5,4703.40,4,4703.50,4,4703.60,5,4703.70,6,4703.80,6,4703.90,3,Buy,5,0,5,5.00,5.00,1.00,0.20,100.0,4702.60,4702.80,4702.60,4702.80,38,27,65,11.00,11.00,-9.00,1.30,0.0,36,129,0.0000,0.0000,26.00,2.00,4697.59,0.6000,UP,63.45,1.0244,1.4946
20260824 103500 311,4702.90,1,4702.60,4703.00,0.40,4702.60,2,4702.50,2,4702.40,6,4702.30,3,4702.20,4,4702.10,4,4702.00,6,4701.90,3,4701.80,3,4701.70,3,4703.00,2,4703.10,1,4703.20,5,4703.30,4,4703.40,4,4703.50,3,4703.60,4,4703.70,6,4703.80,5,4703.90,3,Buy,6,0,6,6.00,6.00,1.00,0.30,100.0,4702.60,4702.90,4702.60,4702.90,38,27,65,11.00,11.00,-9.00,1.30,0.0,36,129,0.0000,0.0000,27.00,3.00,4697.60,0.6032,UP,63.45,1.0244,1.5017
20260824 103502 956,4703.10,1,4703.00,4703.30,0.30,4702.80,2,4702.70,2,4702.60,3,4702.50,3,4702.40,7,4702.30,3,4702.20,4,4702.10,3,4702.00,8,4701.90,3,4703.20,2,4703.30,3,4703.40,2,4703.50,3,4703.60,5,4703.70,6,4703.80,5,4703.90,4,4704.00,6,4704.10,4,Sell,6,1,7,5.00,6.00,1.00,0.50,100.0,4702.60,4703.10,4702.60,4703.10,38,27,65,11.00,11.00,-9.00,1.30,0.0,36,129,0.0000,0.2000,26.00,2.00,4697.62,0.6095,UP,63.45,1.0244,1.5160
20260824 103502 997,4703.00,1,4703.00,4703.30,0.30,4702.80,2,4702.70,2,4702.60,3,4702.50,3,4702.40,7,4702.30,3,4702.20,4,4702.10,3,4702.00,8,4701.90,3,4703.20,2,4703.30,3,4703.40,2,4703.50,3,4703.60,5,4703.70,6,4703.80,5,4703.90,4,4704.00,6,4704.10,4,Sell,6,2,8,4.00,6.00,1.00,0.50,80.0,4702.60,4703.10,4702.60,4703.00,38,27,65,11.00,11.00,-9.00,1.30,0.0,36,129,0.0000,0.5000,25.00,1.00,4697.61,0.6064,UP,63.45,1.0244,1.5160
20260824 103504 655,4703.00,1,4702.50,4702.80,0.30,4702.50,2,4702.40,3,4702.30,2,4702.20,4,4702.10,4,4702.00,6,4701.90,3,4701.80,3,4701.70,3,4701.60,3,4702.80,1,4703.00,4,4703.10,4,4703.20,4,4703.30,6,4703.40,5,4703.50,3,4703.60,5,4703.70,6,4703.80,6,Sell,6,3,9,3.00,6.00,1.00,0.50,80.0,4702.60,4703.10,4702.60,4703.00,38,27,65,11.00,11.00,-9.00,1.30,0.0,36,129,0.0000,1.0000,24.00,0.00,4697.61,0.6064,UP,63.45,1.0244,1.5160
20260824 103504 676,4703.00,1,4702.50,4702.80,0.30,4702.50,2,4702.40,3,4702.30,2,4702.20,4,4702.10,4,4702.00,6,4701.90,3,4701.80,3,4701.70,3,4701.60,3,4702.80,1,4703.00,4,4703.10,4,4703.20,4,4703.30,6,4703.40,5,4703.50,3,4703.60,5,4703.70,6,4703.80,6,Sell,6,4,10,2.00,6.00,1.00,0.50,80.0,4702.60,4703.10,4702.60,4703.00,38,27,65,11.00,11.00,-9.00,1.30,0.0,36,129,0.0000,2.0000,23.00,-1.00,4697.61,0.6064,UP,63.45,1.0244,1.5160
20260824 103504 697,4703.00,1,4702.50,4702.80,0.30,4702.50,2,4702.40,3,4702.30,2,4702.20,4,4702.10,4,4702.00,6,4701.90,3,4701.80,3,4701.70,3,4701.60,3,4702.80,1,4703.00,4,4703.10,4,4703.20,4,4703.30,6,4703.40,5,4703.50,3,4703.60,5,4703.70,6,4703.80,6,Sell,6,5,11,1.00,6.00,1.00,0.50,80.0,4702.60,4703.10,4702.60,4703.00,38,27,65,11.00,11.00,-9.00,1.30,0.0,36,129,0.0000,5.0000,22.00,-2.00,4697.61,0.6064,UP,63.45,1.0244,1.5160
20260824 103504 718,4703.00,1,4702.50,4702.80,0.30,4702.50,2,4702.40,3,4702.30,2,4702.20,4,4702.10,4,4702.00,6,4701.90,3,4701.80,3,4701.70,3,4701.60,3,4702.80,1,4703.00,4,4703.10,4,4703.20,4,4703.30,6,4703.40,5,4703.50,3,4703.60,5,4703.70,6,4703.80,6,Sell,6,6,12,0.00,6.00,0.00,0.50,80.0,4702.60,4703.10,4702.60,4703.00,38,27,65,11.00,11.00,-9.00,1.30,0.0,36,129,0.0000,6.0000,21.00,-3.00,4697.61,0.6064,UP,63.45,1.0244,1.5160
20260824 103504 719,4702.80,1,4702.50,4702.80,0.30,4702.50,2,4702.40,3,4702.30,2,4702.20,4,4702.10,4,4702.00,6,4701.90,3,4701.80,3,4701.70,3,4701.60,3,4702.80,1,4703.00,4,4703.10,4,4703.20,4,4703.30,6,4703.40,5,4703.50,3,4703.60,5,4703.70,6,4703.80,6,Sell,6,7,13,-1.00,6.00,-1.00,0.50,40.0,4702.60,4703.10,4702.60,4702.80,38,27,65,11.00,11.00,-9.00,1.30,0.0,36,129,0.0000,0.0000,20.00,-4.00,4697.59,0.6000,UP,63.45,1.0244,1.5160
20260824 103504 719,4702.80,1,4702.50,4702.80,0.30,4702.50,2,4702.40,3,4702.30,2,4702.20,4,4702.10,4,4702.00,6,4701.90,3,4701.80,3,4701.70,3,4701.60,3,4702.80,1,4703.00,4,4703.10,4,4703.20,4,4703.30,6,4703.40,5,4703.50,3,4703.60,5,4703.70,6,4703.80,6,Sell,6,8,14,-2.00,6.00,-2.00,0.50,40.0,4702.60,4703.10,4702.60,4702.80,38,27,65,11.00,11.00,-9.00,1.30,0.0,36,129,0.0000,0.0000,19.00,-5.00,4697.59,0.6000,UP,63.45,1.0244,1.5160
20260824 103504 721,4702.70,1,4702.50,4702.80,0.30,4702.50,2,4702.40,3,4702.30,2,4702.20,4,4702.10,4,4702.00,6,4701.90,3,4701.80,3,4701.70,3,4701.60,3,4702.80,1,4703.00,4,4703.10,4,4703.20,4,4703.30,6,4703.40,5,4703.50,3,4703.60,5,4703.70,6,4703.80,6,Sell,6,9,15,-3.00,6.00,-3.00,0.50,20.0,4702.60,4703.10,4702.60,4702.70,38,27,65,11.00,11.00,-9.00,1.30,0.0,36,129,0.0000,0.0000,18.00,-6.00,4697.58,0.5968,UP,63.45,1.0244,1.5160
20260824 103504 739,4702.90,1,4702.50,4702.80,0.30,4702.50,2,4702.40,3,4702.30,2,4702.20,4,4702.10,4,4702.00,6,4701.90,3,4701.80,3,4701.70,3,4701.60,3,4702.80,1,4703.00,4,4703.10,4,4703.20,4,4703.30,6,4703.40,5,4703.50,3,4703.60,5,4703.70,6,4703.80,6,Buy,7,9,16,-2.00,6.00,-3.00,0.50,60.0,4702.60,4703.10,4702.60,4702.90,38,27,65,11.00,11.00,-9.00,1.30,0.0,36,129,0.0000,0.5000,19.00,-5.00,4697.60,0.6032,UP,63.45,1.0244,1.5160
20260824 103504 760,4702.80,1,4702.50,4702.80,0.30,4702.50,2,4702.40,3,4702.30,2,4702.20,4,4702.10,4,4702.00,6,4701.90,3,4701.80,3,4701.70,3,4701.60,3,4702.80,1,4703.00,4,4703.10,4,4703.20,4,4703.30,6,4703.40,5,4703.50,3,4703.60,5,4703.70,6,4703.80,6,Buy,8,9,17,-1.00,6.00,-3.00,0.50,40.0,4702.60,4703.10,4702.60,4702.80,38,27,65,11.00,11.00,-9.00,1.30,0.0,36,129,0.0000,2.0000,20.00,-4.00,4697.59,0.6000,UP,63.45,1.0244,1.5160
20260824 103504 781,4702.90,1,4702.40,4702.80,0.40,4702.40,2,4702.30,4,4702.20,1,4702.10,3,4702.00,7,4701.90,3,4701.80,3,4701.70,3,4701.60,3,4701.50,5,4702.80,1,4702.90,4,4703.00,4,4703.10,5,4703.20,3,4703.30,5,4703.40,5,4703.50,2,4703.60,5,4703.70,7,Buy,9,9,18,0.00,6.00,-3.00,0.50,60.0,4702.60,4703.10,4702.60,4702.90,38,27,65,11.00,11.00,-9.00,1.30,0.0,36,129,0.0000,6.0000,21.00,-3.00,4697.60,0.6032,UP,63.45,1.0244,1.5160
20260824 103504 802,4702.90,1,4702.40,4702.80,0.40,4702.40,2,4702.30,4,4702.20,1,4702.10,3,4702.00,7,4701.90,3,4701.80,3,4701.70,3,4701.60,3,4701.50,5,4702.80,1,4702.90,4,4703.00,4,4703.10,5,4703.20,3,4703.30,5,4703.40,5,4703.50,2,4703.60,5,4703.70,7,Buy,10,9,19,1.00,6.00,-3.00,0.50,60.0,4702.60,4703.10,4702.60,4702.90,38,27,65,11.00,11.00,-9.00,1.30,0.0,36,129,0.0000,5.0000,22.00,-2.00,4697.60,0.6032,UP,63.45,1.0244,1.5160
20260824 103504 803,4702.70,1,4702.40,4702.80,0.40,4702.40,2,4702.30,4,4702.20,1,4702.10,3,4702.00,7,4701.90,3,4701.80,3,4701.70,3,4701.60,3,4701.50,5,4702.80,1,4702.90,4,4703.00,4,4703.10,5,4703.20,3,4703.30,5,4703.40,5,4703.50,2,4703.60,5,4703.70,7,Sell,10,10,20,0.00,6.00,-3.00,0.50,20.0,4702.60,4703.10,4702.60,4702.70,38,27,65,11.00,11.00,-9.00,1.30,0.0,36,129,0.0000,6.0000,21.00,-3.00,4697.58,0.5968,UP,63.45,1.0244,1.5160
20260824 103504 804,4702.60,1,4702.40,4702.80,0.40,4702.40,2,4702.30,4,4702.20,1,4702.10,3,4702.00,7,4701.90,3,4701.80,3,4701.70,3,4701.60,3,4701.50,5,4702.80,1,4702.90,4,4703.00,4,4703.10,5,4703.20,3,4703.30,5,4703.40,5,4703.50,2,4703.60,5,4703.70,7,Sell,10,11,21,-1.00,6.00,-3.00,0.50,0.0,4702.60,4703.10,4702.60,4702.60,38,27,65,11.00,11.00,-9.00,1.30,0.0,36,129,0.0000,2.0000,20.00,-4.00,4697.57,0.5937,UP,63.45,1.0244,1.5160
20260824 103504 823,4702.80,1,4702.40,4702.80,0.40,4702.40,2,4702.30,4,4702.20,1,4702.10,3,4702.00,7,4701.90,3,4701.80,3,4701.70,3,4701.60,3,4701.50,5,4702.80,1,4702.90,4,4703.00,4,4703.10,5,4703.20,3,4703.30,5,4703.40,5,4703.50,2,4703.60,5,4703.70,7,Buy,11,11,22,0.00,6.00,-3.00,0.50,40.0,4702.60,4703.10,4702.60,4702.80,38,27,65,11.00,11.00,-9.00,1.30,0.0,36,129,0.0000,6.0000,21.00,-3.00,4697.59,0.6000,UP,63.45,1.0244,1.5160
20260824 103504 824,4702.60,1,4702.40,4702.80,0.40,4702.40,2,4702.30,4,4702.20,1,4702.10,3,4702.00,7,4701.90,3,4701.80,3,4701.70,3,4701.60,3,4701.50,5,4702.80,1,4702.90,4,4703.00,4,4703.10,5,4703.20,3,4703.30,5,4703.40,5,4703.50,2,4703.60,5,4703.70,7,Sell,11,12,23,-1.00,6.00,-3.00,0.50,0.0,4702.60,4703.10,4702.60,4702.60,38,27,65,11.00,11.00,-9.00,1.30,0.0,36,129,0.0000,2.0000,20.00,-4.00,4697.57,0.5937,UP,63.45,1.0244,1.5160
20260824 103504 843,4702.80,1,4702.50,4702.80,0.30,4702.50,1,4702.40,2,4702.30,4,4702.20,1,4702.10,3,4702.00,7,4701.90,3,4701.80,3,4701.70,3,4701.60,3,4702.80,2,4702.90,3,4703.00,4,4703.10,5,4703.20,2,4703.30,5,4703.40,6,4703.50,2,4703.60,5,4703.70,7,Buy,12,12,24,0.00,6.00,-3.00,0.50,40.0,4702.60,4703.10,4702.60,4702.80,38,27,65,11.00,11.00,-9.00,1.30,0.0,36,129,0.0000,6.0000,21.00,-3.00,4697.59,0.6000,UP,63.45,1.0244,1.5160
20260824 103504 865,4702.80,1,4702.50,4702.80,0.30,4702.50,1,4702.40,2,4702.30,4,4702.20,1,4702.10,3,4702.00,7,4701.90,3,4701.80,3,4701.70,3,4701.60,3,4702.80,2,4702.90,3,4703.00,4,4703.10,5,4703.20,2,4703.30,5,4703.40,6,4703.50,2,4703.60,5,4703.70,7,Buy,13,12,25,1.00,6.00,-3.00,0.50,40.0,4702.60,4703.10,4702.60,4702.80,38,27,65,11.00,11.00,-9.00,1.30,0.0,36,129,0.0000,5.0000,22.00,-2.00,4697.59,0.6000,UP,63.45,1.0244,1.5160
20260824 103504 885,4702.80,1,4702.50,4702.80,0.30,4702.50,1,4702.40,2,4702.30,4,4702.20,1,4702.10,3,4702.00,7,4701.90,3,4701.80,3,4701.70,3,4701.60,3,4702.80,2,4702.90,3,4703.00,4,4703.10,5,4703.20,2,4703.30,5,4703.40,6,4703.50,2,4703.60,5,4703.70,7,Buy,14,12,26,2.00,6.00,-3.00,0.50,40.0,4702.60,4703.10,4702.60,4702.80,38,27,65,11.00,11.00,-9.00,1.30,0.0,36,129,0.0000,2.0000,23.00,-1.00,4697.59,0.6000,UP,63.45,1.0244,1.5160
20260824 103504 887,4702.60,1,4702.50,4702.80,0.30,4702.50,1,4702.40,2,4702.30,4,4702.20,1,4702.10,3,4702.00,7,4701.90,3,4701.80,3,4701.70,3,4701.60,3,4702.80,2,4702.90,3,4703.00,4,4703.10,5,4703.20,2,4703.30,5,4703.40,6,4703.50,2,4703.60,5,4703.70,7,Sell,14,13,27,1.00,6.00,-3.00,0.50,0.0,4702.60,4703.10,4702.60,4702.60,38,27,65,11.00,11.00,-9.00,1.30,0.0,36,129,0.0000,5.0000,22.00,-2.00,4697.57,0.5937,UP,63.45,1.0244,1.5160
20260824 103504 906,4702.80,1,4702.70,4703.00,0.30,4702.60,1,4702.50,2,4702.40,2,4702.30,4,4702.20,1,4702.10,4,4702.00,6,4701.90,3,4701.80,3,4701.70,3,4702.90,2,4703.00,4,4703.10,5,4703.20,3,4703.30,5,4703.40,5,4703.50,2,4703.60,5,4703.70,6,4703.80,5,Buy,15,13,28,2.00,6.00,-3.00,0.50,40.0,4702.60,4703.10,4702.60,4702.80,38,27,65,11.00,11.00,-9.00,1.30,0.0,36,129,0.0000,2.0000,23.00,-1.00,4697.59,0.6000,UP,63.45,1.0244,1.5160
20260824 103504 927,4702.80,1,4702.70,4703.00,0.30,4702.60,1,4702.50,2,4702.40,2,4702.30,4,4702.20,1,4702.10,4,4702.00,6,4701.90,3,4701.80,3,4701.70,3,4702.90,2,4703.00,4,4703.10,5,4703.20,3,4703.30,5,4703.40,5,4703.50,2,4703.60,5,4703.70,6,4703.80,5,Buy,16,13,29,3.00,6.00,-3.00,0.50,40.0,4702.60,4703.10,4702.60,4702.80,38,27,65,11.00,11.00,-9.00,1.30,0.0,36,129,0.0000,1.0000,24.00,0.00,4697.59,0.6000,UP,63.45,1.0244,1.5160
20260824 103504 948,4702.90,1,4702.70,4703.00,0.30,4702.60,1,4702.50,2,4702.40,2,4702.30,4,4702.20,1,4702.10,4,4702.00,6,4701.90,3,4701.80,3,4701.70,3,4702.90,2,4703.00,4,4703.10,5,4703.20,3,4703.30,5,4703.40,5,4703.50,2,4703.60,5,4703.70,6,4703.80,5,Buy,17,13,30,4.00,6.00,-3.00,0.50,60.0,4702.60,4703.10,4702.60,4702.90,38,27,65,11.00,11.00,-9.00,1.30,0.0,36,129,0.0000,0.5000,25.00,1.00,4697.60,0.6032,UP,63.45,1.0244,1.5160
20260824 103504 968,4702.90,1,4702.70,4703.00,0.30,4702.60,1,4702.50,2,4702.40,2,4702.30,4,4702.20,1,4702.10,4,4702.00,6,4701.90,3,4701.80,3,4701.70,3,4702.90,2,4703.00,4,4703.10,5,4703.20,3,4703.30,5,4703.40,5,4703.50,2,4703.60,5,4703.70,6,4703.80,5,Buy,18,13,31,5.00,6.00,-3.00,0.50,60.0,4702.60,4703.10,4702.60,4702.90,38,27,65,11.00,11.00,-9.00,1.30,0.0,36,129,0.0000,0.2000,26.00,2.00,4697.60,0.6032,UP,63.45,1.0244,1.5160
20260824 103504 970,4702.70,1,4702.70,4703.00,0.30,4702.60,1,4702.50,2,4702.40,2,4702.30,4,4702.20,1,4702.10,4,4702.00,6,4701.90,3,4701.80,3,4701.70,3,4702.90,2,4703.00,4,4703.10,5,4703.20,3,4703.30,5,4703.40,5,4703.50,2,4703.60,5,4703.70,6,4703.80,5,Sell,18,14,32,4.00,6.00,-3.00,0.50,20.0,4702.60,4703.10,4702.60,4702.70,38,27,65,11.00,11.00,-9.00,1.30,0.0,36,129,0.0000,0.5000,25.00,1.00,4697.58,0.5968,UP,63.45,1.0244,1.5160
20260824 103504 990,4702.80,1,4702.40,4702.70,0.30,4702.40,2,4702.30,3,4702.20,1,4702.10,3,4702.00,6,4701.90,3,4701.80,3,4701.70,3,4701.60,3,4701.50,5,4702.70,1,4702.80,2,4702.90,2,4703.00,4,4703.10,6,4703.20,4,4703.30,4,4703.40,5,4703.50,2,4703.60,5,Buy,19,14,33,5.00,6.00,-3.00,0.50,40.0,4702.60,4703.10,4702.60,4702.80,38,27,65,11.00,11.00,-9.00,1.30,0.0,36,129,0.0000,0.2000,26.00,2.00,4697.59,0.6000,UP,63.45,1.0244,1.5160
20260824 103505 011,4702.80,1,4702.40,4702.70,0.30,4702.40,2,4702.30,3,4702.20,1,4702.10,3,4702.00,6,4701.90,3,4701.80,3,4701.70,3,4701.60,3,4701.50,5,4702.70,1,4702.80,2,4702.90,2,4703.00,4,4703.10,6,4703.20,4,4703.30,4,4703.40,5,4703.50,2,4703.60,5,Buy,20,14,34,6.00,6.00,-3.00,0.50,40.0,4702.60,4703.10,4702.60,4702.80,38,27,65,11.00,11.00,-9.00,1.30,0.0,36,129,0.0000,0.0000,27.00,3.00,4697.59,0.6000,UP,63.45,1.0244,1.5160
20260824 103505 032,4702.80,1,4702.40,4702.70,0.30,4702.40,2,4702.30,3,4702.20,1,4702.10,3,4702.00,6,4701.90,3,4701.80,3,4701.70,3,4701.60,3,4701.50,5,4702.70,1,4702.80,2,4702.90,2,4703.00,4,4703.10,6,4703.20,4,4703.30,4,4703.40,5,4703.50,2,4703.60,5,Buy,21,14,35,7.00,7.00,-3.00,0.50,40.0,4702.60,4703.10,4702.60,4702.80,38,27,65,11.00,11.00,-9.00,1.30,0.0,36,129,0.0000,0.0000,28.00,4.00,4697.59,0.6000,UP,63.45,1.0244,1.5160
20260824 103505 037,4702.60,1,4702.40,4702.70,0.30,4702.40,2,4702.30,3,4702.20,1,4702.10,3,4702.00,6,4701.90,3,4701.80,3,4701.70,3,4701.60,3,4701.50,5,4702.70,1,4702.80,2,4702.90,2,4703.00,4,4703.10,6,4703.20,4,4703.30,4,4703.40,5,4703.50,2,4703.60,5,Sell,21,15,36,6.00,7.00,-3.00,0.50,0.0,4702.60,4703.10,4702.60,4702.60,38,27,65,11.00,11.00,-9.00,1.30,0.0,36,129,0.0000,0.1667,27.00,3.00,4697.57,0.5937,UP,63.45,1.0244,1.5160
20260824 103505 052,4702.70,1,4702.50,4702.90,0.40,4702.50,2,4702.40,1,4702.30,5,4702.20,2,4702.10,4,4702.00,6,4701.90,3,4701.80,3,4701.70,2,4701.60,3,4702.90,2,4703.00,4,4703.10,5,4703.20,4,4703.30,4,4703.40,4,4703.50,2,4703.60,5,4703.70,6,4703.80,5,Buy,22,15,37,7.00,7.00,-3.00,0.50,20.0,4702.60,4703.10,4702.60,4702.70,38,27,65,11.00,11.00,-9.00,1.30,0.0,36,129,0.0000,0.0000,28.00,4.00,4697.58,0.5968,UP,63.45,1.0244,1.5160
20260824 103505 074,4702.80,1,4702.50,4702.90,0.40,4702.50,2,4702.40,1,4702.30,5,4702.20,2,4702.10,4,4702.00,6,4701.90,3,4701.80,3,4701.70,2,4701.60,3,4702.90,2,4703.00,4,4703.10,5,4703.20,4,4703.30,4,4703.40,4,4703.50,2,4703.60,5,4703.70,6,4703.80,5,Buy,23,15,38,8.00,8.00,-3.00,0.50,40.0,4702.60,4703.10,4702.60,4702.80,38,27,65,11.00,11.00,-9.00,1.30,0.0,36,129,0.0000,0.0000,29.00,5.00,4697.59,0.6000,UP,63.45,1.0244,1.5160
20260824 103505 094,4702.90,1,4702.50,4702.90,0.40,4702.50,2,4702.40,1,4702.30,5,4702.20,2,4702.10,4,4702.00,6,4701.90,3,4701.80,3,4701.70,2,4701.60,3,4702.90,2,4703.00,4,4703.10,5,4703.20,4,4703.30,4,4703.40,4,4703.50,2,4703.60,5,4703.70,6,4703.80,5,Buy,24,15,39,9.00,9.00,-3.00,0.50,60.0,4702.60,4703.10,4702.60,4702.90,38,27,65,11.00,11.00,-9.00,1.30,0.0,36,129,0.0000,0.0000,30.00,6.00,4697.60,0.6032,UP,63.45,1.0244,1.5160
20260824 103505 116,4702.90,1,4702.50,4702.90,0.40,4702.50,2,4702.40,1,4702.30,5,4702.20,2,4702.10,4,4702.00,6,4701.90,3,4701.80,3,4701.70,2,4701.60,3,4702.90,2,4703.00,4,4703.10,5,4703.20,4,4703.30,4,4703.40,4,4703.50,2,4703.60,5,4703.70,6,4703.80,5,Buy,25,15,40,10.00,10.00,-3.00,0.50,60.0,4702.60,4703.10,4702.60,4702.90,38,27,65,11.00,11.00,-9.00,1.30,0.0,36,129,0.0000,0.0000,31.00,7.00,4697.60,0.6032,UP,63.45,1.0244,1.5160
20260824 103505 136,4702.90,1,4702.60,4702.90,0.30,4702.60,2,4702.50,2,4702.40,2,4702.30,5,4702.20,2,4702.10,4,4702.00,6,4701.90,3,4701.80,3,4701.70,2,4702.90,1,4703.00,4,4703.10,5,4703.20,3,4703.30,5,4703.40,4,4703.50,2,4703.60,4,4703.70,6,4703.80,5,Buy,26,15,41,11.00,11.00,-3.00,0.50,60.0,4702.60,4703.10,4702.60,4702.90,38,27,65,11.00,11.00,-9.00,1.30,0.0,36,129,0.0000,0.0000,32.00,8.00,4697.60,0.6032,UP,63.45,1.0244,1.5160
20260824 103505 158,4702.90,1,4702.60,4702.90,0.30,4702.60,2,4702.50,2,4702.40,2,4702.30,5,4702.20,2,4702.10,4,4702.00,6,4701.90,3,4701.80,3,4701.70,2,4702.90,1,4703.00,4,4703.10,5,4703.20,3,4703.30,5,4703.40,4,4703.50,2,4703.60,4,4703.70,6,4703.80,5,Buy,27,15,42,12.00,12.00,-3.00,0.50,60.0,4702.60,4703.10,4702.60,4702.90,38,27,65,11.00,11.00,-9.00,1.30,0.0,36,129,0.0000,0.0000,33.00,9.00,4697.60,0.6032,UP,63.45,1.0244,1.5160
20260824 103505 178,4702.90,1,4702.60,4702.90,0.30,4702.60,2,4702.50,2,4702.40,2,4702.30,5,4702.20,2,4702.10,4,4702.00,6,4701.90,3,4701.80,3,4701.70,2,4702.90,1,4703.00,4,4703.10,5,4703.20,3,4703.30,5,4703.40,4,4703.50,2,4703.60,4,4703.70,6,4703.80,5,Buy,28,15,43,13.00,13.00,-3.00,0.50,60.0,4702.60,4703.10,4702.60,4702.90,38,27,65,11.00,11.00,-9.00,1.30,0.0,36,129,0.0000,0.0000,34.00,10.00,4697.60,0.6032,UP,63.45,1.0244,1.5160
20260824 103505 199,4702.90,1,4702.70,4703.00,0.30,4702.70,2,4702.60,4,4702.50,2,4702.40,3,4702.30,4,4702.20,3,4702.10,3,4702.00,6,4701.90,3,4701.80,3,4703.00,1,4703.10,3,4703.20,2,4703.30,4,4703.40,4,4703.50,3,4703.60,4,4703.70,6,4703.80,5,4703.90,5,Buy,29,15,44,14.00,14.00,-3.00,0.50,60.0,4702.60,4703.10,4702.60,4702.90,38,27,65,11.00,11.00,-9.00,1.30,0.0,36,129,0.0000,0.0000,35.00,11.00,4697.60,0.6032,UP,63.45,1.0244,1.5160
20260824 103505 221,4703.00,1,4702.70,4703.00,0.30,4702.70,2,4702.60,4,4702.50,2,4702.40,3,4702.30,4,4702.20,3,4702.10,3,4702.00,6,4701.90,3,4701.80,3,4703.00,1,4703.10,3,4703.20,2,4703.30,4,4703.40,4,4703.50,3,4703.60,4,4703.70,6,4703.80,5,4703.90,5,Buy,30,15,45,15.00,15.00,-3.00,0.50,80.0,4702.60,4703.10,4702.60,4703.00,38,27,65,11.00,11.00,-9.00,1.30,0.0,36,129,0.0000,0.0000,36.00,12.00,4697.61,0.6064,UP,63.45,1.0244,1.5160
20260824 103505 241,4703.00,1,4702.70,4703.00,0.30,4702.70,2,4702.60,4,4702.50,2,4702.40,3,4702.30,4,4702.20,3,4702.10,3,4702.00,6,4701.90,3,4701.80,3,4703.00,1,4703.10,3,4703.20,2,4703.30,4,4703.40,4,4703.50,3,4703.60,4,4703.70,6,4703.80,5,4703.90,5,Buy,31,15,46,16.00,16.00,-3.00,0.50,80.0,4702.60,4703.10,4702.60,4703.00,38,27,65,11.00,11.00,-9.00,1.30,0.0,36,129,0.0000,0.0000,37.00,13.00,4697.61,0.6064,UP,63.45,1.0244,1.5160
20260824 103505 262,4703.00,1,4702.80,4703.20,0.40,4702.80,1,4702.70,4,4702.60,3,4702.40,3,4702.30,4,4702.20,4,4702.10,3,4702.00,6,4701.90,4,4701.80,3,4703.20,4,4703.30,5,4703.40,3,4703.50,4,4703.60,4,4703.70,6,4703.80,5,4703.90,5,4704.00,6,4704.10,4,Buy,32,15,47,17.00,17.00,-3.00,0.50,80.0,4702.60,4703.10,4702.60,4703.00,38,27,65,11.00,11.00,-9.00,1.30,0.0,36,129,0.0000,0.0000,38.00,14.00,4697.61,0.6064,UP,63.45,1.0244,1.5160
20260824 103505 283,4703.00,1,4702.80,4703.20,0.40,4702.80,1,4702.70,4,4702.60,3,4702.40,3,4702.30,4,4702.20,4,4702.10,3,4702.00,6,4701.90,4,4701.80,3,4703.20,4,4703.30,5,4703.40,3,4703.50,4,4703.60,4,4703.70,6,4703.80,5,4703.90,5,4704.00,6,4704.10,4,Buy,33,15,48,18.00,18.00,-3.00,0.50,80.0,4702.60,4703.10,4702.60,4703.00,38,27,65,11.00,11.00,-9.00,1.30,0.0,36,129,0.0000,0.0000,39.00,15.00,4697.61,0.6064,UP,63.45,1.0244,1.5160
20260824 103505 304,4703.00,1,4702.80,4703.20,0.40,4702.80,1,4702.70,4,4702.60,3,4702.40,3,4702.30,4,4702.20,4,4702.10,3,4702.00,6,4701.90,4,4701.80,3,4703.20,4,4703.30,5,4703.40,3,4703.50,4,4703.60,4,4703.70,6,4703.80,5,4703.90,5,4704.00,6,4704.10,4,Buy,34,15,49,19.00,19.00,-3.00,0.50,80.0,4702.60,4703.10,4702.60,4703.00,38,27,65,11.00,11.00,-9.00,1.30,0.0,36,129,0.0000,0.0000,40.00,16.00,4697.61,0.6064,UP,63.45,1.0244,1.5160
20260824 103505 325,4703.00,1,4702.80,4703.20,0.40,4702.80,1,4702.70,4,4702.60,3,4702.40,3,4702.30,4,4702.20,4,4702.10,3,4702.00,6,4701.90,4,4701.80,3,4703.20,4,4703.30,5,4703.40,3,4703.50,4,4703.60,4,4703.70,6,4703.80,5,4703.90,5,4704.00,6,4704.10,4,Sell,34,16,50,18.00,19.00,-3.00,0.50,80.0,4702.60,4703.10,4702.60,4703.00,38,27,65,11.00,11.00,-9.00,1.30,0.0,36,129,0.0000,0.0556,39.00,15.00,4697.61,0.6064,UP,63.45,1.0244,1.5160
20260824 103505 347,4703.00,1,4702.80,4703.10,0.30,4702.80,1,4702.70,2,4702.60,3,4702.50,1,4702.40,3,4702.30,5,4702.20,3,4702.10,3,4702.00,7,4701.90,3,4703.10,1,4703.20,4,4703.30,4,4703.40,3,4703.50,4,4703.60,4,4703.70,6,4703.80,5,4703.90,5,4704.00,6,Sell,34,17,51,17.00,19.00,-3.00,0.50,80.0,4702.60,4703.10,4702.60,4703.00,38,27,65,11.00,11.00,-9.00,1.30,0.0,36,129,0.0000,0.1176,38.00,14.00,4697.61,0.6064,UP,63.45,1.0244,1.5160
20260824 103505 367,4703.00,1,4702.80,4703.10,0.30,4702.80,1,4702.70,2,4702.60,3,4702.50,1,4702.40,3,4702.30,5,4702.20,3,4702.10,3,4702.00,7,4701.90,3,4703.10,1,4703.20,4,4703.30,4,4703.40,3,4703.50,4,4703.60,4,4703.70,6,4703.80,5,4703.90,5,4704.00,6,Sell,34,18,52,16.00,19.00,-3.00,0.50,80.0,4702.60,4703.10,4702.60,4703.00,38,27,65,11.00,11.00,-9.00,1.30,0.0,36,129,0.0000,0.1875,37.00,13.00,4697.61,0.6064,UP,63.45,1.0244,1.5160
20260824 103505 388,4703.00,1,4702.80,4703.10,0.30,4702.80,1,4702.70,2,4702.60,3,4702.50,1,4702.40,3,4702.30,5,4702.20,3,4702.10,3,4702.00,7,4701.90,3,4703.10,1,4703.20,4,4703.30,4,4703.40,3,4703.50,4,4703.60,4,4703.70,6,4703.80,5,4703.90,5,4704.00,6,Sell,34,19,53,15.00,19.00,-3.00,0.50,80.0,4702.60,4703.10,4702.60,4703.00,38,27,65,11.00,11.00,-9.00,1.30,0.0,36,129,0.0000,0.2667,36.00,12.00,4697.61,0.6064,UP,63.45,1.0244,1.5160
20260824 103505 409,4703.00,1,4702.80,4703.10,0.30,4702.80,2,4702.70,2,4702.60,3,4702.50,1,4702.40,3,4702.30,5,4702.20,3,4702.10,3,4702.00,7,4701.90,3,4703.10,1,4703.20,5,4703.30,4,4703.40,3,4703.50,4,4703.60,5,4703.70,6,4703.80,5,4703.90,4,4704.00,6,Sell,34,20,54,14.00,19.00,-3.00,0.50,80.0,4702.60,4703.10,4702.60,4703.00,38,27,65,11.00,11.00,-9.00,1.30,0.0,36,129,0.0000,0.3571,35.00,11.00,4697.61,0.6064,UP,63.45,1.0244,1.5160
20260824 103505 430,4703.00,1,4702.80,4703.10,0.30,4702.80,2,4702.70,2,4702.60,3,4702.50,1,4702.40,3,4702.30,5,4702.20,3,4702.10,3,4702.00,7,4701.90,3,4703.10,1,4703.20,5,4703.30,4,4703.40,3,4703.50,4,4703.60,5,4703.70,6,4703.80,5,4703.90,4,4704.00,6,Sell,34,21,55,13.00,19.00,-3.00,0.50,80.0,4702.60,4703.10,4702.60,4703.00,38,27,65,11.00,11.00,-9.00,1.30,0.0,36,129,0.0000,0.4615,34.00,10.00,4697.61,0.6064,UP,63.45,1.0244,1.5160
20260824 103505 451,4703.00,1,4702.80,4703.10,0.30,4702.80,2,4702.70,2,4702.60,3,4702.50,1,4702.40,3,4702.30,5,4702.20,3,4702.10,3,4702.00,7,4701.90,3,4703.10,1,4703.20,5,4703.30,4,4703.40,3,4703.50,4,4703.60,5,4703.70,6,4703.80,5,4703.90,4,4704.00,6,Sell,34,22,56,12.00,19.00,-3.00,0.50,80.0,4702.60,4703.10,4702.60,4703.00,38,27,65,11.00,11.00,-9.00,1.30,0.0,36,129,0.0000,0.5833,33.00,9.00,4697.61,0.6064,UP,63.45,1.0244,1.5160
20260824 103505 451,4703.00,1,4702.80,4703.10,0.30,4702.80,2,4702.70,2,4702.60,3,4702.50,1,4702.40,3,4702.30,5,4702.20,3,4702.10,3,4702.00,7,4701.90,3,4703.10,1,4703.20,5,4703.30,4,4703.40,3,4703.50,4,4703.60,5,4703.70,6,4703.80,5,4703.90,4,4704.00,6,Buy,35,22,57,13.00,19.00,-3.00,0.50,80.0,4702.60,4703.10,4702.60,4703.00,38,27,65,11.00,11.00,-9.00,1.30,0.0,36,129,0.0000,0.4615,34.00,10.00,4697.61,0.6064,UP,63.45,1.0244,1.5160
20260824 103505 472,4703.00,1,4702.70,4703.10,0.40,4702.70,2,4702.60,3,4702.50,1,4702.40,3,4702.30,5,4702.20,3,4702.10,3,4702.00,6,4701.90,3,4701.80,3,4703.10,2,4703.20,4,4703.30,4,4703.40,3,4703.50,4,4703.60,5,4703.70,6,4703.80,5,4703.90,4,4704.00,6,Sell,35,23,58,12.00,19.00,-3.00,0.50,80.0,4702.60,4703.10,4702.60,4703.00,38,27,65,11.00,11.00,-9.00,1.30,0.0,36,129,0.0000,0.5833,33.00,9.00,4697.61,0.6064,UP,63.45,1.0244,1.5160
20260824 103505 492,4703.00,1,4702.70,4703.10,0.40,4702.70,2,4702.60,3,4702.50,1,4702.40,3,4702.30,5,4702.20,3,4702.10,3,4702.00,6,4701.90,3,4701.80,3,4703.10,2,4703.20,4,4703.30,4,4703.40,3,4703.50,4,4703.60,5,4703.70,6,4703.80,5,4703.90,4,4704.00,6,Sell,35,24,59,11.00,19.00,-3.00,0.50,80.0,4702.60,4703.10,4702.60,4703.00,38,27,65,11.00,11.00,-9.00,1.30,0.0,36,129,0.0000,0.7273,32.00,8.00,4697.61,0.6064,UP,63.45,1.0244,1.5160
20260824 103505 515,4703.00,1,4702.70,4703.10,0.40,4702.70,2,4702.60,3,4702.50,1,4702.40,3,4702.30,5,4702.20,3,4702.10,3,4702.00,6,4701.90,3,4701.80,3,4703.10,2,4703.20,4,4703.30,4,4703.40,3,4703.50,4,4703.60,5,4703.70,6,4703.80,5,4703.90,4,4704.00,6,Sell,35,25,60,10.00,19.00,-3.00,0.50,80.0,4702.60,4703.10,4702.60,4703.00,38,27,65,11.00,11.00,-9.00,1.30,0.0,36,129,0.0000,0.9000,31.00,7.00,4697.61,0.6064,UP,63.45,1.0244,1.5160
20260824 103505 536,4703.00,1,4702.70,4703.10,0.40,4702.70,2,4702.60,3,4702.50,1,4702.40,3,4702.30,5,4702.20,3,4702.10,3,4702.00,6,4701.90,3,4701.80,3,4703.10,2,4703.20,4,4703.30,4,4703.40,3,4703.50,4,4703.60,5,4703.70,6,4703.80,5,4703.90,4,4704.00,6,Sell,35,26,61,9.00,19.00,-3.00,0.50,80.0,4702.60,4703.10,4702.60,4703.00,38,27,65,11.00,11.00,-9.00,1.30,0.0,36,129,0.0000,1.1111,30.00,6.00,4697.61,0.6064,UP,63.45,1.0244,1.5160
20260824 103505 577,4702.70,1,4702.50,4702.90,0.40,4702.50,1,4702.40,2,4702.30,3,4702.20,3,4702.10,3,4702.00,7,4701.90,3,4701.80,3,4701.70,2,4701.60,3,4702.90,2,4703.00,4,4703.10,6,4703.20,4,4703.30,6,4703.40,4,4703.50,3,4703.60,5,4703.70,7,4703.80,5,Sell,35,27,62,8.00,19.00,-3.00,0.50,20.0,4702.60,4703.10,4702.60,4702.70,38,27,65,11.00,11.00,-9.00,1.30,0.0,36,129,0.0000,1.3750,29.00,5.00,4697.58,0.5968,UP,63.45,1.0244,1.5160
20260824 103505 757,4702.80,1,4702.50,4702.80,0.30,4702.50,2,4702.40,2,4702.30,3,4702.20,2,4702.10,4,4702.00,6,4701.90,3,4701.80,3,4701.70,2,4701.60,3,4702.80,1,4702.90,3,4703.00,4,4703.10,6,4703.20,2,4703.30,6,4703.40,4,4703.50,3,4703.60,5,4703.70,8,Buy,36,27,63,9.00,19.00,-3.00,0.50,40.0,4702.60,4703.10,4702.60,4702.80,38,27,65,11.00,11.00,-9.00,1.30,0.0,36,129,0.0000,1.1111,30.00,6.00,4697.59,0.6000,UP,63.45,1.0244,1.5160
20260824 103508 040,4702.10,1,4702.00,4702.40,0.40,4702.00,1,4701.90,3,4701.80,2,4701.70,2,4701.60,2,4701.50,6,4701.40,4,4701.30,3,4701.20,2,4701.10,4,4702.40,1,4702.50,5,4702.60,4,4702.70,4,4702.80,4,4702.90,3,4703.00,4,4703.10,7,4703.20,5,4703.30,6,Sell,36,28,64,8.00,19.00,-3.00,1.00,50.0,4702.60,4703.10,4702.10,4702.10,38,27,65,11.00,11.00,-9.00,1.30,0.0,36,129,0.0000,1.3750,29.00,5.00,4697.53,0.5778,UP,63.45,1.0244,1.5446
20260824 103508 047,4702.10,1,4702.00,4702.40,0.40,4702.00,1,4701.90,3,4701.80,2,4701.70,2,4701.60,2,4701.50,6,4701.40,4,4701.30,3,4701.20,2,4701.10,4,4702.40,1,4702.50,5,4702.60,4,4702.70,4,4702.80,4,4702.90,3,4703.00,4,4703.10,7,4703.20,5,4703.30,6,Sell,36,29,65,7.00,19.00,-3.00,1.00,50.0,4702.60,4703.10,4702.10,4702.10,38,27,65,11.00,11.00,-9.00,1.30,0.0,36,129,0.0000,1.7143,28.00,4.00,4697.53,0.5778,UP,63.45,1.0244,1.5446
20260824 103511 806,4702.10,1,4702.00,4702.30,0.30,4702.00,2,4701.90,2,4701.80,2,4701.70,2,4701.60,2,4701.50,6,4701.40,4,4701.30,3,4701.20,3,4701.10,4,4702.30,1,4702.40,1,4702.50,4,4702.60,3,4702.70,5,4702.80,4,4702.90,2,4703.00,4,4703.10,7,4703.20,6,Buy,37,29,66,8.00,19.00,-3.00,1.00,50.0,4702.60,4703.10,4702.10,4702.10,38,27,65,11.00,11.00,-9.00,1.30,0.0,36,129,0.0000,1.3750,29.00,5.00,4697.53,0.5778,UP,63.45,1.0244,1.5446
20260824 103513 390,4702.00,1,4702.20,4702.50,0.30,4702.20,2,4702.10,3,4702.00,3,4701.90,3,4701.80,4,4701.70,2,4701.60,2,4701.50,5,4701.40,4,4701.30,3,4702.50,1,4702.60,3,4702.70,3,4702.90,2,4703.00,4,4703.10,7,4703.20,3,4703.30,5,4703.40,5,4703.50,2,Sell,37,30,67,7.00,19.00,-3.00,1.10,54.5,4702.60,4703.10,4702.00,4702.00,38,27,65,11.00,11.00,-9.00,1.30,0.0,36,129,0.0000,1.7143,28.00,4.00,4697.52,0.5746,UP,63.45,1.0244,1.5517
20260824 103513 391,4702.00,1,4702.20,4702.50,0.30,4702.20,2,4702.10,3,4702.00,3,4701.90,3,4701.80,4,4701.70,2,4701.60,2,4701.50,5,4701.40,4,4701.30,3,4702.50,1,4702.60,3,4702.70,3,4702.90,2,4703.00,4,4703.10,7,4703.20,3,4703.30,5,4703.40,5,4703.50,2,Sell,37,31,68,6.00,19.00,-3.00,1.10,54.5,4702.60,4703.10,4702.00,4702.00,38,27,65,11.00,11.00,-9.00,1.30,0.0,36,129,0.0000,2.1667,27.00,3.00,4697.52,0.5746,UP,63.45,1.0244,1.5517
20260824 103513 397,4702.20,1,4702.20,4702.50,0.30,4702.20,2,4702.10,3,4702.00,3,4701.90,3,4701.80,4,4701.70,2,4701.60,2,4701.50,5,4701.40,4,4701.30,3,4702.50,1,4702.60,3,4702.70,3,4702.90,2,4703.00,4,4703.10,7,4703.20,3,4703.30,5,4703.40,5,4703.50,2,Buy,38,31,69,7.00,19.00,-3.00,1.10,36.4,4702.60,4703.10,4702.00,4702.20,38,27,65,11.00,11.00,-9.00,1.30,0.0,36,129,0.0000,1.7143,28.00,4.00,4697.54,0.5810,UP,63.45,1.0244,1.5517
20260824 103513 398,4702.30,1,4702.20,4702.50,0.30,4702.20,2,4702.10,3,4702.00,3,4701.90,3,4701.80,4,4701.70,2,4701.60,2,4701.50,5,4701.40,4,4701.30,3,4702.50,1,4702.60,3,4702.70,3,4702.90,2,4703.00,4,4703.10,7,4703.20,3,4703.30,5,4703.40,5,4703.50,2,Buy,39,31,70,8.00,19.00,-3.00,1.10,27.3,4702.60,4703.10,4702.00,4702.30,38,27,65,11.00,11.00,-9.00,1.30,0.0,36,129,0.0000,1.3750,29.00,5.00,4697.55,0.5841,UP,63.45,1.0244,1.5517
20260824 103513 401,4702.40,1,4702.20,4702.50,0.30,4702.20,2,4702.10,3,4702.00,3,4701.90,3,4701.80,4,4701.70,2,4701.60,2,4701.50,5,4701.40,4,4701.30,3,4702.50,1,4702.60,3,4702.70,3,4702.90,2,4703.00,4,4703.10,7,4703.20,3,4703.30,5,4703.40,5,4703.50,2,Buy,40,31,71,9.00,19.00,-3.00,1.10,18.2,4702.60,4703.10,4702.00,4702.40,38,27,65,11.00,11.00,-9.00,1.30,0.0,36,129,0.0000,1.1111,30.00,6.00,4697.56,0.5873,UP,63.45,1.0244,1.5517
20260824 103513 402,4702.50,1,4702.20,4702.50,0.30,4702.20,2,4702.10,3,4702.00,3,4701.90,3,4701.80,4,4701.70,2,4701.60,2,4701.50,5,4701.40,4,4701.30,3,4702.50,1,4702.60,3,4702.70,3,4702.90,2,4703.00,4,4703.10,7,4703.20,3,4703.30,5,4703.40,5,4703.50,2,Buy,41,31,72,10.00,19.00,-3.00,1.10,9.1,4702.60,4703.10,4702.00,4702.50,38,27,65,11.00,11.00,-9.00,1.30,0.0,36,129,0.0000,0.9000,31.00,7.00,4697.56,0.5905,UP,63.45,1.0244,1.5517
20260824 103513 402,4702.50,1,4702.20,4702.50,0.30,4702.20,2,4702.10,3,4702.00,3,4701.90,3,4701.80,4,4701.70,2,4701.60,2,4701.50,5,4701.40,4,4701.30,3,4702.50,1,4702.60,3,4702.70,3,4702.90,2,4703.00,4,4703.10,7,4703.20,3,4703.30,5,4703.40,5,4703.50,2,Buy,42,31,73,11.00,19.00,-3.00,1.10,9.1,4702.60,4703.10,4702.00,4702.50,38,27,65,11.00,11.00,-9.00,1.30,0.0,36,129,0.0000,0.7273,32.00,8.00,4697.56,0.5905,UP,63.45,1.0244,1.5517
20260824 103513 402,4702.50,1,4702.20,4702.50,0.30,4702.20,2,4702.10,3,4702.00,3,4701.90,3,4701.80,4,4701.70,2,4701.60,2,4701.50,5,4701.40,4,4701.30,3,4702.50,1,4702.60,3,4702.70,3,4702.90,2,4703.00,4,4703.10,7,4703.20,3,4703.30,5,4703.40,5,4703.50,2,Buy,43,31,74,12.00,19.00,-3.00,1.10,9.1,4702.60,4703.10,4702.00,4702.50,38,27,65,11.00,11.00,-9.00,1.30,0.0,36,129,0.0000,0.5833,33.00,9.00,4697.56,0.5905,UP,63.45,1.0244,1.5517
20260824 103513 552,4702.20,1,4702.10,4702.40,0.30,4702.10,2,4702.00,2,4701.90,2,4701.80,2,4701.70,3,4701.60,2,4701.50,5,4701.40,4,4701.30,3,4701.20,3,4702.40,1,4702.50,2,4702.60,3,4702.70,3,4702.90,3,4703.00,4,4703.10,7,4703.20,3,4703.30,5,4703.40,5,Sell,43,32,75,11.00,19.00,-3.00,1.10,36.4,4702.60,4703.10,4702.00,4702.20,38,27,65,11.00,11.00,-9.00,1.30,0.0,36,129,0.0000,0.7273,32.00,8.00,4697.54,0.5810,UP,63.45,1.0244,1.5517
20260824 103515 885,4702.20,1,4702.30,4702.60,0.30,4702.10,2,4702.00,1,4701.90,2,4701.80,2,4701.70,3,4701.60,2,4701.50,5,4701.40,4,4701.30,3,4701.20,3,4702.40,1,4702.50,2,4702.60,3,4702.70,3,4702.90,3,4703.00,4,4703.10,7,4703.20,3,4703.30,5,4703.40,5,Sell,43,33,76,10.00,19.00,-3.00,1.10,36.4,4702.60,4703.10,4702.00,4702.20,38,27,65,11.00,11.00,-9.00,1.30,0.0,36,129,0.0000,0.9000,31.00,7.00,4697.54,0.5810,UP,63.45,1.0244,1.5517
20260824 103515 887,4702.20,1,4702.30,4702.60,0.30,4702.10,2,4702.00,1,4701.90,2,4701.80,2,4701.70,3,4701.60,2,4701.50,5,4701.40,4,4701.30,3,4701.20,3,4702.40,1,4702.50,2,4702.60,3,4702.70,3,4702.90,3,4703.00,4,4703.10,7,4703.20,3,4703.30,5,4703.40,5,Buy,44,33,77,11.00,19.00,-3.00,1.10,36.4,4702.60,4703.10,4702.00,4702.20,38,27,65,11.00,11.00,-9.00,1.30,0.0,36,129,0.0000,0.7273,32.00,8.00,4697.54,0.5810,UP,63.45,1.0244,1.5517
20260824 103515 892,4702.30,1,4702.30,4702.60,0.30,4702.10,2,4702.00,1,4701.90,2,4701.80,2,4701.70,3,4701.60,2,4701.50,5,4701.40,4,4701.30,3,4701.20,3,4702.40,1,4702.50,2,4702.60,3,4702.70,3,4702.90,3,4703.00,4,4703.10,7,4703.20,3,4703.30,5,4703.40,5,Sell,44,34,78,10.00,19.00,-3.00,1.10,27.3,4702.60,4703.10,4702.00,4702.30,38,27,65,11.00,11.00,-9.00,1.30,0.0,36,129,0.0000,0.9000,31.00,7.00,4697.55,0.5841,UP,63.45,1.0244,1.5517
20260824 103515 999,4702.20,1,4702.10,4702.40,0.30,4702.10,1,4702.00,2,4701.90,3,4701.80,2,4701.70,3,4701.60,2,4701.50,5,4701.40,5,4701.30,3,4701.20,3,4702.40,1,4702.50,3,4702.60,4,4702.70,2,4702.80,1,4702.90,3,4703.00,4,4703.10,7,4703.20,4,4703.30,5,Sell,44,35,79,9.00,19.00,-3.00,1.10,36.4,4702.60,4703.10,4702.00,4702.20,38,27,65,11.00,11.00,-9.00,1.30,0.0,36,129,0.0000,1.1111,30.00,6.00,4697.54,0.5810,UP,63.45,1.0244,1.5517
20260824 103520 041,4702.30,1,4702.20,4702.40,0.20,4702.20,1,4702.10,2,4702.00,1,4701.90,4,4701.80,2,4701.70,3,4701.60,2,4701.50,5,4701.40,5,4701.30,3,4702.40,1,4702.50,2,4702.60,4,4702.70,2,4702.80,1,4702.90,3,4703.00,4,4703.10,7,4703.20,4,4703.30,5,Buy,45,35,80,10.00,19.00,-3.00,1.10,27.3,4702.60,4703.10,4702.00,4702.30,38,27,65,11.00,11.00,-9.00,1.30,0.0,36,129,0.0000,0.9000,31.00,7.00,4697.55,0.5841,UP,63.45,1.0244,1.5517
20260824 103520 413,4702.40,1,4702.40,4702.60,0.20,4702.20,3,4702.10,2,4702.00,1,4701.90,4,4701.80,2,4701.70,3,4701.60,2,4701.50,5,4701.40,5,4701.30,3,4702.40,1,4702.50,2,4702.60,4,4702.70,2,4702.80,1,4702.90,3,4703.00,4,4703.10,7,4703.20,4,4703.30,5,Buy,46,35,81,11.00,19.00,-3.00,1.10,18.2,4702.60,4703.10,4702.00,4702.40,38,27,65,11.00,11.00,-9.00,1.30,0.0,36,129,0.0000,0.7273,32.00,8.00,4697.56,0.5873,UP,63.45,1.0244,1.5517
20260824 103520 416,4702.50,1,4702.40,4702.60,0.20,4702.20,3,4702.10,2,4702.00,1,4701.90,4,4701.80,2,4701.70,3,4701.60,2,4701.50,5,4701.40,5,4701.30,3,4702.40,1,4702.50,2,4702.60,4,4702.70,2,4702.80,1,4702.90,3,4703.00,4,4703.10,7,4703.20,4,4703.30,5,Buy,47,35,82,12.00,19.00,-3.00,1.10,9.1,4702.60,4703.10,4702.00,4702.50,38,27,65,11.00,11.00,-9.00,1.30,0.0,36,129,0.0000,0.5833,33.00,9.00,4697.56,0.5905,UP,63.45,1.0244,1.5517
20260824 103520 421,4702.40,1,4702.40,4702.60,0.20,4702.20,3,4702.10,2,4702.00,1,4701.90,4,4701.80,2,4701.70,3,4701.60,2,4701.50,5,4701.40,5,4701.30,3,4702.40,1,4702.50,2,4702.60,4,4702.70,2,4702.80,1,4702.90,3,4703.00,4,4703.10,7,4703.20,4,4703.30,5,Sell,47,36,83,11.00,19.00,-3.00,1.10,18.2,4702.60,4703.10,4702.00,4702.40,38,27,65,11.00,11.00,-9.00,1.30,0.0,36,129,0.0000,0.7273,32.00,8.00,4697.56,0.5873,UP,63.45,1.0244,1.5517
20260824 103522 149,4702.30,1,4702.00,4702.40,0.40,4702.00,2,4701.90,2,4701.80,3,4701.70,2,4701.60,3,4701.50,5,4701.40,4,4701.30,3,4701.20,3,4701.10,4,4702.40,2,4702.50,1,4702.60,5,4702.70,3,4702.80,1,4702.90,3,4703.00,4,4703.10,7,4703.20,4,4703.30,5,Sell,47,37,84,10.00,19.00,-3.00,1.10,27.3,4702.60,4703.10,4702.00,4702.30,38,27,65,11.00,11.00,-9.00,1.30,0.0,36,129,0.0000,0.9000,31.00,7.00,4697.55,0.5841,UP,63.45,1.0244,1.5517
20260824 103522 149,4702.30,1,4702.00,4702.40,0.40,4702.00,2,4701.90,2,4701.80,3,4701.70,2,4701.60,3,4701.50,5,4701.40,4,4701.30,3,4701.20,3,4701.10,4,4702.40,2,4702.50,1,4702.60,5,4702.70,3,4702.80,1,4702.90,3,4703.00,4,4703.10,7,4703.20,4,4703.30,5,Sell,47,38,85,9.00,19.00,-3.00,1.10,27.3,4702.60,4703.10,4702.00,4702.30,38,27,65,11.00,11.00,-9.00,1.30,0.0,36,129,0.0000,1.1111,30.00,6.00,4697.55,0.5841,UP,63.45,1.0244,1.5517
20260824 103522 149,4702.20,1,4702.00,4702.40,0.40,4702.00,2,4701.90,2,4701.80,3,4701.70,2,4701.60,3,4701.50,5,4701.40,4,4701.30,3,4701.20,3,4701.10,4,4702.40,2,4702.50,1,4702.60,5,4702.70,3,4702.80,1,4702.90,3,4703.00,4,4703.10,7,4703.20,4,4703.30,5,Sell,47,39,86,8.00,19.00,-3.00,1.10,36.4,4702.60,4703.10,4702.00,4702.20,38,27,65,11.00,11.00,-9.00,1.30,0.0,36,129,0.0000,1.3750,29.00,5.00,4697.54,0.5810,UP,63.45,1.0244,1.5517
20260824 103522 937,4702.50,1,4702.30,4702.60,0.30,4702.30,2,4702.20,4,4702.10,3,4702.00,1,4701.90,4,4701.80,3,4701.70,2,4701.60,2,4701.50,5,4701.40,5,4702.60,2,4702.70,3,4702.80,1,4702.90,2,4703.00,4,4703.10,7,4703.20,3,4703.30,5,4703.40,5,4703.50,2,Buy,48,39,87,9.00,19.00,-3.00,1.10,9.1,4702.60,4703.10,4702.00,4702.50,38,27,65,11.00,11.00,-9.00,1.30,0.0,36,129,0.0000,1.1111,30.00,6.00,4697.56,0.5905,UP,63.45,1.0244,1.5517
20260824 103528 032,4702.50,1,4702.40,4702.70,0.30,4702.40,2,4702.30,3,4702.20,2,4702.10,2,4702.00,3,4701.90,3,4701.80,3,4701.70,3,4701.60,3,4701.50,6,4702.70,2,4702.80,1,4702.90,3,4703.00,2,4703.10,8,4703.20,3,4703.30,5,4703.40,5,4703.50,2,4703.60,5,Buy,49,39,88,10.00,19.00,-3.00,1.10,9.1,4702.60,4703.10,4702.00,4702.50,38,27,65,11.00,11.00,-9.00,1.30,0.0,36,129,0.0000,0.9000,31.00,7.00,4697.56,0.5905,UP,63.45,1.0244,1.5517
20260824 103528 032,4702.50,1,4702.40,4702.70,0.30,4702.40,2,4702.30,3,4702.20,2,4702.10,2,4702.00,3,4701.90,3,4701.80,3,4701.70,3,4701.60,3,4701.50,6,4702.70,2,4702.80,1,4702.90,3,4703.00,2,4703.10,8,4703.20,3,4703.30,5,4703.40,5,4703.50,2,4703.60,5,Buy,50,39,89,11.00,19.00,-3.00,1.10,9.1,4702.60,4703.10,4702.00,4702.50,38,27,65,11.00,11.00,-9.00,1.30,0.0,36,129,0.0000,0.7273,32.00,8.00,4697.56,0.5905,UP,63.45,1.0244,1.5517
20260824 103528 032,4702.50,1,4702.40,4702.70,0.30,4702.40,2,4702.30,3,4702.20,2,4702.10,2,4702.00,3,4701.90,3,4701.80,3,4701.70,3,4701.60,3,4701.50,6,4702.70,2,4702.80,1,4702.90,3,4703.00,2,4703.10,8,4703.20,3,4703.30,5,4703.40,5,4703.50,2,4703.60,5,Buy,51,39,90,12.00,19.00,-3.00,1.10,9.1,4702.60,4703.10,4702.00,4702.50,38,27,65,11.00,11.00,-9.00,1.30,0.0,36,129,0.0000,0.5833,33.00,9.00,4697.56,0.5905,UP,63.45,1.0244,1.5517
20260824 103528 034,4702.60,1,4702.40,4702.70,0.30,4702.40,2,4702.30,3,4702.20,2,4702.10,2,4702.00,3,4701.90,3,4701.80,3,4701.70,3,4701.60,3,4701.50,6,4702.70,2,4702.80,1,4702.90,3,4703.00,2,4703.10,8,4703.20,3,4703.30,5,4703.40,5,4703.50,2,4703.60,5,Buy,52,39,91,13.00,19.00,-3.00,1.10,0.0,4702.60,4703.10,4702.00,4702.60,38,27,65,11.00,11.00,-9.00,1.30,0.0,36,129,0.0000,0.4615,34.00,10.00,4697.57,0.5937,UP,63.45,1.0244,1.5517
20260824 103528 034,4702.60,1,4702.40,4702.70,0.30,4702.40,2,4702.30,3,4702.20,2,4702.10,2,4702.00,3,4701.90,3,4701.80,3,4701.70,3,4701.60,3,4701.50,6,4702.70,2,4702.80,1,4702.90,3,4703.00,2,4703.10,8,4703.20,3,4703.30,5,4703.40,5,4703.50,2,4703.60,5,Buy,53,39,92,14.00,19.00,-3.00,1.10,0.0,4702.60,4703.10,4702.00,4702.60,38,27,65,11.00,11.00,-9.00,1.30,0.0,36,129,0.0000,0.3571,35.00,11.00,4697.57,0.5937,UP,63.45,1.0244,1.5517
20260824 103528 034,4702.60,1,4702.40,4702.70,0.30,4702.40,2,4702.30,3,4702.20,2,4702.10,2,4702.00,3,4701.90,3,4701.80,3,4701.70,3,4701.60,3,4701.50,6,4702.70,2,4702.80,1,4702.90,3,4703.00,2,4703.10,8,4703.20,3,4703.30,5,4703.40,5,4703.50,2,4703.60,5,Buy,54,39,93,15.00,19.00,-3.00,1.10,0.0,4702.60,4703.10,4702.00,4702.60,38,27,65,11.00,11.00,-9.00,1.30,0.0,36,129,0.0000,0.2667,36.00,12.00,4697.57,0.5937,UP,63.45,1.0244,1.5517
20260824 103533 420,4702.40,1,4702.10,4702.40,0.30,4702.10,1,4702.00,3,4701.90,2,4701.80,2,4701.70,1,4701.60,3,4701.50,5,4701.40,4,4701.30,3,4701.20,3,4702.40,1,4702.50,1,4702.60,3,4702.70,2,4702.80,4,4702.90,3,4703.00,4,4703.10,7,4703.20,4,4703.30,5,Buy,55,39,94,16.00,19.00,-3.00,1.10,18.2,4702.60,4703.10,4702.00,4702.40,38,27,65,11.00,11.00,-9.00,1.30,0.0,36,129,0.0000,0.1875,37.00,13.00,4697.56,0.5873,UP,63.45,1.0244,1.5517
20260824 103538 769,4702.30,1,4702.30,4702.40,0.10,4702.10,3,4702.00,2,4701.90,2,4701.80,3,4701.70,1,4701.60,3,4701.50,5,4701.40,4,4701.30,3,4701.20,3,4702.30,1,4702.40,2,4702.50,4,4702.60,5,4702.70,2,4702.80,3,4702.90,2,4703.00,4,4703.10,7,4703.20,4,Buy,56,39,95,17.00,19.00,-3.00,1.10,27.3,4702.60,4703.10,4702.00,4702.30,38,27,65,11.00,11.00,-9.00,1.30,0.0,36,129,0.0000,0.1176,38.00,14.00,4697.55,0.5841,UP,63.45,1.0244,1.5517
20260824 103538 769,4702.40,1,4702.30,4702.40,0.10,4702.10,3,4702.00,2,4701.90,2,4701.80,3,4701.70,1,4701.60,3,4701.50,5,4701.40,4,4701.30,3,4701.20,3,4702.30,1,4702.40,2,4702.50,4,4702.60,5,4702.70,2,4702.80,3,4702.90,2,4703.00,4,4703.10,7,4703.20,4,Buy,57,39,96,18.00,19.00,-3.00,1.10,18.2,4702.60,4703.10,4702.00,4702.40,38,27,65,11.00,11.00,-9.00,1.30,0.0,36,129,0.0000,0.0556,39.00,15.00,4697.56,0.5873,UP,63.45,1.0244,1.5517
20260824 103538 899,4702.20,1,4702.10,4702.20,0.10,4702.10,2,4702.00,1,4701.90,2,4701.80,2,4701.70,3,4701.60,2,4701.50,5,4701.40,4,4701.30,3,4701.20,3,4702.40,2,4702.50,1,4702.60,6,4702.70,2,4702.80,3,4702.90,3,4703.00,4,4703.10,7,4703.20,5,4703.30,5,Buy,58,39,97,19.00,19.00,-3.00,1.10,36.4,4702.60,4703.10,4702.00,4702.20,38,27,65,11.00,11.00,-9.00,1.30,0.0,36,129,0.0000,0.0000,40.00,16.00,4697.54,0.5810,UP,63.45,1.0244,1.5517
20260824 103545 385,4702.10,1,4702.10,4702.40,0.30,4702.10,1,4702.00,1,4701.90,2,4701.80,2,4701.70,3,4701.60,2,4701.50,5,4701.40,4,4701.30,3,4701.20,3,4702.40,2,4702.50,1,4702.60,7,4702.70,3,4702.80,4,4702.90,2,4703.00,4,4703.10,7,4703.20,5,4703.30,5,Sell,58,40,98,18.00,19.00,-3.00,1.10,45.5,4702.60,4703.10,4702.00,4702.10,38,27,65,11.00,11.00,-9.00,1.30,0.0,36,129,0.0000,0.0556,39.00,15.00,4697.53,0.5778,UP,63.45,1.0244,1.5517
20260824 103549 527,4702.10,1,4702.10,4702.40,0.30,4702.10,1,4702.00,1,4701.90,2,4701.80,3,4701.70,3,4701.60,2,4701.50,5,4701.40,4,4701.30,3,4701.20,3,4702.40,1,4702.50,1,4702.60,6,4702.70,2,4702.80,4,4702.90,2,4703.00,4,4703.10,7,4703.20,4,4703.30,6,Sell,58,41,99,17.00,19.00,-3.00,1.10,45.5,4702.60,4703.10,4702.00,4702.10,38,27,65,11.00,11.00,-9.00,1.30,0.0,36,129,0.0000,0.1176,38.00,14.00,4697.53,0.5778,UP,63.45,1.0244,1.5517
20260824 103550 530,4702.10,1,4702.00,4702.40,0.40,4702.00,2,4701.90,2,4701.80,2,4701.70,3,4701.60,2,4701.50,5,4701.40,4,4701.30,3,4701.20,3,4701.10,4,4702.40,2,4702.50,1,4702.60,7,4702.70,3,4702.80,4,4702.90,2,4703.00,4,4703.10,7,4703.20,4,4703.30,7,Sell,58,42,100,16.00,19.00,-3.00,1.10,45.5,4702.60,4703.10,4702.00,4702.10,38,27,65,11.00,11.00,-9.00,1.30,0.0,36,129,0.0000,0.1875,37.00,13.00,4697.53,0.5778,UP,63.45,1.0244,1.5517
20260824 103558 816,4702.00,1,4702.00,4702.30,0.30,4702.00,1,4701.90,2,4701.80,2,4701.70,1,4701.60,4,4701.50,5,4701.40,4,4701.30,3,4701.20,3,4701.10,4,4702.30,2,4702.40,2,4702.50,3,4702.60,5,4702.70,4,4702.80,3,4702.90,2,4703.00,4,4703.10,7,4703.20,4,Sell,58,43,101,15.00,19.00,-3.00,1.10,54.5,4702.60,4703.10,4702.00,4702.00,38,27,65,11.00,11.00,-9.00,1.30,0.0,36,129,0.0000,0.2667,36.00,12.00,4697.52,0.5746,UP,63.45,1.0244,1.5517
20260824 103559 731,4702.00,1,4701.70,4702.00,0.30,4701.70,1,4701.60,1,4701.50,5,4701.40,2,4701.30,3,4701.20,2,4701.10,4,4701.00,3,4700.90,2,4700.80,6,4702.00,2,4702.10,4,4702.20,2,4702.30,3,4702.40,5,4702.50,4,4702.60,6,4702.70,5,4702.80,4,4702.90,2,Sell,58,44,102,14.00,19.00,-3.00,1.10,54.5,4702.60,4703.10,4702.00,4702.00,38,27,65,11.00,11.00,-9.00,1.30,0.0,36,129,0.0000,0.3571,35.00,11.00,4697.52,0.5746,UP,63.45,1.0244,1.5517
20260824 103559 746,4701.90,1,4701.70,4702.00,0.30,4701.70,1,4701.60,1,4701.50,5,4701.40,2,4701.30,3,4701.20,2,4701.10,4,4701.00,3,4700.90,2,4700.80,6,4702.00,2,4702.10,4,4702.20,2,4702.30,3,4702.40,5,4702.50,4,4702.60,6,4702.70,5,4702.80,4,4702.90,2,Sell,58,45,103,13.00,19.00,-3.00,1.20,58.3,4702.60,4703.10,4701.90,4701.90,38,27,65,11.00,11.00,-9.00,1.30,0.0,36,129,0.0000,0.4615,34.00,10.00,4697.51,0.5714,UP,63.45,1.0244,1.5588
20260824 103600 730,4701.80,1,4701.70,4702.00,0.30,4701.70,1,4701.60,1,4701.50,4,4701.40,2,4701.30,3,4701.20,3,4701.10,3,4701.00,3,4700.90,3,4700.80,6,4702.00,3,4702.10,3,4702.20,1,4702.30,4,4702.40,5,4702.50,4,4702.60,6,4702.70,5,4702.80,4,4702.90,3,Sell,0,1,1,-1.00,-1.00,-1.00,0.00,0.0,4701.80,4701.80,4701.80,4701.80,58,45,103,13.00,19.00,-3.00,1.20,58.3,-6,30,0.4615,0.0000,19.00,3.00,4697.50,0.5683,UP,64.80,1.5895,1.4546
20260824 103601 731,4701.60,1,4701.60,4701.90,0.30,4701.60,2,4701.50,4,4701.40,2,4701.30,3,4701.20,2,4701.10,4,4701.00,3,4700.90,2,4700.80,6,4700.70,3,4702.00,4,4702.10,3,4702.20,1,4702.30,4,4702.40,6,4702.50,4,4702.60,6,4702.70,5,4702.80,4,4702.90,3,Sell,0,2,2,-2.00,-1.00,-2.00,0.20,100.0,4701.80,4701.80,4701.60,4701.60,58,45,103,13.00,19.00,-3.00,1.20,58.3,-6,30,0.4615,0.0000,18.00,2.00,4697.48,0.5619,UP,64.80,1.5895,1.4689
20260824 103603 451,4701.10,1,4701.00,4701.30,0.30,4701.00,1,4700.90,1,4700.80,5,4700.70,2,4700.60,4,4700.50,3,4700.40,3,4700.30,2,4700.20,3,4700.10,4,4701.30,2,4701.40,1,4701.50,3,4701.70,2,4701.80,3,4701.90,3,4702.00,4,4702.10,3,4702.20,3,4702.30,6,Sell,0,3,3,-3.00,-1.00,-3.00,0.70,100.0,4701.80,4701.80,4701.10,4701.10,58,45,103,13.00,19.00,-3.00,1.20,58.3,-6,30,0.4615,0.0000,17.00,1.00,4697.43,0.5460,UP,64.80,1.5895,1.5046
20260824 103603 810,4701.00,1,4700.90,4701.20,0.30,4700.90,1,4700.80,4,4700.70,3,4700.60,2,4700.50,4,4700.40,3,4700.30,2,4700.20,3,4700.10,3,4700.00,6,4701.20,2,4701.30,1,4701.40,1,4701.50,4,4701.60,2,4701.70,3,4701.80,2,4701.90,3,4702.00,4,4702.10,3,Sell,0,4,4,-4.00,-1.00,-4.00,0.80,100.0,4701.80,4701.80,4701.00,4701.00,58,45,103,13.00,19.00,-3.00,1.20,58.3,-6,30,0.4615,0.0000,16.00,0.00,4697.42,0.5429,UP,64.80,1.5895,1.5118
20260824 103604 550,4700.80,1,4700.70,4701.00,0.30,4700.70,1,4700.60,2,4700.50,2,4700.40,4,4700.30,2,4700.20,4,4700.10,2,4700.00,6,4699.90,6,4699.80,4,4701.00,2,4701.10,3,4701.30,3,4701.40,2,4701.50,3,4701.60,3,4701.70,3,4701.80,2,4701.90,3,4702.00,4,Sell,0,5,5,-5.00,-1.00,-5.00,1.00,100.0,4701.80,4701.80,4700.80,4700.80,58,45,103,13.00,19.00,-3.00,1.20,58.3,-6,30,0.4615,0.0000,15.00,-1.00,4697.40,0.5365,UP,64.80,1.5895,1.5261
20260824 103604 638,4700.80,1,4700.60,4701.00,0.40,4700.60,2,4700.50,2,4700.40,4,4700.30,2,4700.20,4,4700.10,2,4700.00,5,4699.90,6,4699.80,4,4699.70,6,4701.00,3,4701.10,2,4701.30,3,4701.40,2,4701.50,3,4701.60,3,4701.70,4,4701.80,2,4701.90,3,4702.00,4,Sell,0,6,6,-6.00,-1.00,-6.00,1.00,100.0,4701.80,4701.80,4700.80,4700.80,58,45,103,13.00,19.00,-3.00,1.20,58.3,-6,30,0.4615,0.0000,14.00,-2.00,4697.40,0.5365,UP,64.80,1.5895,1.5261
20260824 103606 179,4700.40,1,4700.40,4700.50,0.10,4700.40,2,4700.30,3,4700.20,3,4700.10,1,4700.00,6,4699.90,5,4699.80,4,4699.70,5,4699.60,5,4699.50,4,4700.70,2,4700.80,1,4700.90,5,4701.00,2,4701.10,3,4701.20,3,4701.30,4,4701.40,2,4701.50,3,4701.60,3,Sell,0,7,7,-7.00,-1.00,-7.00,1.40,100.0,4701.80,4701.80,4700.40,4700.40,58,45,103,13.00,19.00,-3.00,1.20,58.3,-6,30,0.4615,0.0000,13.00,-3.00,4697.36,0.5238,UP,64.80,1.5895,1.5546
20260824 103606 181,4700.50,1,4700.40,4700.50,0.10,4700.40,2,4700.30,3,4700.20,3,4700.10,1,4700.00,6,4699.90,5,4699.80,4,4699.70,5,4699.60,5,4699.50,4,4700.70,2,4700.80,1,4700.90,5,4701.00,2,4701.10,3,4701.20,3,4701.30,4,4701.40,2,4701.50,3,4701.60,3,Buy,1,7,8,-6.00,-1.00,-7.00,1.40,92.9,4701.80,4701.80,4700.40,4700.50,58,45,103,13.00,19.00,-3.00,1.20,58.3,-6,30,0.4615,0.1667,14.00,-2.00,4697.37,0.5270,UP,64.80,1.5895,1.5546
20260824 103606 181,4700.50,1,4700.40,4700.50,0.10,4700.40,2,4700.30,3,4700.20,3,4700.10,1,4700.00,6,4699.90,5,4699.80,4,4699.70,5,4699.60,5,4699.50,4,4700.70,2,4700.80,1,4700.90,5,4701.00,2,4701.10,3,4701.20,3,4701.30,4,4701.40,2,4701.50,3,4701.60,3,Buy,2,7,9,-5.00,-1.00,-7.00,1.40,92.9,4701.80,4701.80,4700.40,4700.50,58,45,103,13.00,19.00,-3.00,1.20,58.3,-6,30,0.4615,0.4000,15.00,-1.00,4697.37,0.5270,UP,64.80,1.5895,1.5546
20260824 103606 184,4700.50,1,4700.40,4700.50,0.10,4700.40,2,4700.30,3,4700.20,3,4700.10,1,4700.00,6,4699.90,5,4699.80,4,4699.70,5,4699.60,5,4699.50,4,4700.70,2,4700.80,1,4700.90,5,4701.00,2,4701.10,3,4701.20,3,4701.30,4,4701.40,2,4701.50,3,4701.60,3,Buy,3,7,10,-4.00,-1.00,-7.00,1.40,92.9,4701.80,4701.80,4700.40,4700.50,58,45,103,13.00,19.00,-3.00,1.20,58.3,-6,30,0.4615,0.7500,16.00,0.00,4697.37,0.5270,UP,64.80,1.5895,1.5546
20260824 103606 723,4700.50,1,4700.40,4700.70,0.30,4700.40,1,4700.30,2,4700.20,5,4700.10,1,4700.00,6,4699.90,5,4699.80,4,4699.70,5,4699.60,5,4699.50,4,4700.70,2,4700.80,1,4700.90,5,4701.00,1,4701.10,4,4701.20,3,4701.30,3,4701.40,2,4701.50,3,4701.60,3,Sell,3,8,11,-5.00,-1.00,-7.00,1.40,92.9,4701.80,4701.80,4700.40,4700.50,58,45,103,13.00,19.00,-3.00,1.20,58.3,-6,30,0.4615,0.4000,15.00,-1.00,4697.37,0.5270,UP,64.80,1.5895,1.5546
20260824 103606 808,4700.40,1,4700.30,4700.70,0.40,4700.30,2,4700.20,4,4700.10,1,4700.00,6,4699.90,5,4699.80,4,4699.70,5,4699.60,5,4699.50,4,4699.40,5,4700.70,2,4700.80,1,4700.90,5,4701.00,1,4701.10,4,4701.20,3,4701.30,3,4701.40,2,4701.50,3,4701.60,3,Sell,3,9,12,-6.00,-1.00,-7.00,1.40,100.0,4701.80,4701.80,4700.40,4700.40,58,45,103,13.00,19.00,-3.00,1.20,58.3,-6,30,0.4615,0.1667,14.00,-2.00,4697.36,0.5238,UP,64.80,1.5895,1.5546
20260824 103607 555,4700.20,1,4700.10,4700.50,0.40,4700.10,2,4700.00,4,4699.90,4,4699.80,3,4699.70,6,4699.60,4,4699.50,3,4699.40,5,4699.30,4,4699.20,7,4700.50,2,4700.60,2,4700.70,4,4700.80,3,4700.90,6,4701.00,3,4701.10,4,4701.20,4,4701.30,3,4701.40,3,Sell,3,10,13,-7.00,-1.00,-7.00,1.60,100.0,4701.80,4701.80,4700.20,4700.20,58,45,103,13.00,19.00,-3.00,1.20,58.3,-6,30,0.4615,0.0000,13.00,-3.00,4697.35,0.5175,UP,64.80,1.5895,1.5689
20260824 103607 668,4700.10,1,4700.10,4700.50,0.40,4700.10,2,4700.00,4,4699.90,4,4699.80,3,4699.70,6,4699.60,4,4699.50,3,4699.40,5,4699.30,4,4699.20,7,4700.50,2,4700.60,2,4700.70,4,4700.80,3,4700.90,6,4701.00,3,4701.10,4,4701.20,4,4701.30,3,4701.40,3,Sell,3,11,14,-8.00,-1.00,-8.00,1.70,100.0,4701.80,4701.80,4700.10,4700.10,58,45,103,13.00,19.00,-3.00,1.20,58.3,-6,30,0.4615,0.0000,12.00,-4.00,4697.34,0.5143,UP,64.80,1.5895,1.5761
20260824 103611 160,4700.30,1,4700.60,4700.70,0.10,4700.10,1,4700.00,1,4699.90,3,4699.80,3,4699.70,3,4699.60,5,4699.50,3,4699.40,4,4699.30,4,4699.20,7,4700.30,2,4700.40,3,4700.50,4,4700.60,2,4700.70,6,4700.80,3,4700.90,5,4701.00,3,4701.10,4,4701.20,4,Buy,4,11,15,-7.00,-1.00,-8.00,1.70,88.2,4701.80,4701.80,4700.10,4700.30,58,45,103,13.00,19.00,-3.00,1.20,58.3,-6,30,0.4615,0.1429,13.00,-3.00,4697.36,0.5206,UP,64.80,1.5895,1.5761
20260824 103611 162,4700.40,1,4700.60,4700.70,0.10,4700.10,1,4700.00,1,4699.90,3,4699.80,3,4699.70,3,4699.60,5,4699.50,3,4699.40,4,4699.30,4,4699.20,7,4700.30,2,4700.40,3,4700.50,4,4700.60,2,4700.70,6,4700.80,3,4700.90,5,4701.00,3,4701.10,4,4701.20,4,Buy,5,11,16,-6.00,-1.00,-8.00,1.70,82.4,4701.80,4701.80,4700.10,4700.40,58,45,103,13.00,19.00,-3.00,1.20,58.3,-6,30,0.4615,0.3333,14.00,-2.00,4697.36,0.5238,UP,64.80,1.5895,1.5761
20260824 103611 164,4700.50,1,4700.60,4700.70,0.10,4700.10,1,4700.00,1,4699.90,3,4699.80,3,4699.70,3,4699.60,5,4699.50,3,4699.40,4,4699.30,4,4699.20,7,4700.30,2,4700.40,3,4700.50,4,4700.60,2,4700.70,6,4700.80,3,4700.90,5,4701.00,3,4701.10,4,4701.20,4,Buy,6,11,17,-5.00,-1.00,-8.00,1.70,76.5,4701.80,4701.80,4700.10,4700.50,58,45,103,13.00,19.00,-3.00,1.20,58.3,-6,30,0.4615,0.6000,15.00,-1.00,4697.37,0.5270,UP,64.80,1.5895,1.5761
20260824 103611 164,4700.50,1,4700.60,4700.70,0.10,4700.10,1,4700.00,1,4699.90,3,4699.80,3,4699.70,3,4699.60,5,4699.50,3,4699.40,4,4699.30,4,4699.20,7,4700.30,2,4700.40,3,4700.50,4,4700.60,2,4700.70,6,4700.80,3,4700.90,5,4701.00,3,4701.10,4,4701.20,4,Buy,7,11,18,-4.00,-1.00,-8.00,1.70,76.5,4701.80,4701.80,4700.10,4700.50,58,45,103,13.00,19.00,-3.00,1.20,58.3,-6,30,0.4615,1.0000,16.00,0.00,4697.37,0.5270,UP,64.80,1.5895,1.5761
20260824 103611 173,4700.70,1,4700.60,4700.70,0.10,4700.10,1,4700.00,1,4699.90,3,4699.80,3,4699.70,3,4699.60,5,4699.50,3,4699.40,4,4699.30,4,4699.20,7,4700.30,2,4700.40,3,4700.50,4,4700.60,2,4700.70,6,4700.80,3,4700.90,5,4701.00,3,4701.10,4,4701.20,4,Buy,8,11,19,-3.00,-1.00,-8.00,1.70,64.7,4701.80,4701.80,4700.10,4700.70,58,45,103,13.00,19.00,-3.00,1.20,58.3,-6,30,0.4615,1.6667,17.00,1.00,4697.39,0.5333,UP,64.80,1.5895,1.5761
20260824 103611 177,4700.90,3,4700.80,4701.10,0.30,4700.80,1,4700.70,3,4700.60,6,4700.50,2,4700.40,4,4700.30,2,4700.20,3,4700.10,3,4700.00,7,4699.90,6,4701.10,1,4701.20,2,4701.30,6,4701.40,2,4701.50,3,4701.60,3,4701.70,3,4701.80,3,4701.90,3,4702.00,4,Buy,11,11,22,0.00,0.00,-8.00,1.70,52.9,4701.80,4701.80,4700.10,4700.90,58,45,103,13.00,19.00,-3.00,1.20,58.3,-6,30,0.4615,0.0000,20.00,4.00,4697.41,0.5397,UP,64.80,1.5895,1.5761
20260824 103611 177,4700.90,3,4700.80,4701.10,0.30,4700.80,1,4700.70,3,4700.60,6,4700.50,2,4700.40,4,4700.30,2,4700.20,3,4700.10,3,4700.00,7,4699.90,6,4701.10,1,4701.20,2,4701.30,6,4701.40,2,4701.50,3,4701.60,3,4701.70,3,4701.80,3,4701.90,3,4702.00,4,Buy,14,11,25,3.00,3.00,-8.00,1.70,52.9,4701.80,4701.80,4700.10,4700.90,58,45,103,13.00,19.00,-3.00,1.20,58.3,-6,30,0.4615,0.0000,23.00,7.00,4697.41,0.5397,UP,64.80,1.5895,1.5761
20260824 103611 177,4700.90,3,4700.80,4701.10,0.30,4700.80,1,4700.70,3,4700.60,6,4700.50,2,4700.40,4,4700.30,2,4700.20,3,4700.10,3,4700.00,7,4699.90,6,4701.10,1,4701.20,2,4701.30,6,4701.40,2,4701.50,3,4701.60,3,4701.70,3,4701.80,3,4701.90,3,4702.00,4,Buy,17,11,28,6.00,6.00,-8.00,1.70,52.9,4701.80,4701.80,4700.10,4700.90,58,45,103,13.00,19.00,-3.00,1.20,58.3,-6,30,0.4615,0.0000,26.00,10.00,4697.41,0.5397,UP,64.80,1.5895,1.5761
20260824 103611 180,4700.80,1,4700.70,4701.10,0.40,4700.70,1,4700.60,6,4700.50,2,4700.40,4,4700.30,2,4700.20,3,4700.10,3,4700.00,7,4699.90,6,4699.80,4,4701.10,1,4701.20,2,4701.30,6,4701.40,2,4701.50,3,4701.60,3,4701.70,3,4701.80,3,4701.90,3,4702.00,4,Sell,17,12,29,5.00,6.00,-8.00,1.70,58.8,4701.80,4701.80,4700.10,4700.80,58,45,103,13.00,19.00,-3.00,1.20,58.3,-6,30,0.4615,0.2000,25.00,9.00,4697.40,0.5365,UP,64.80,1.5895,1.5761
20260824 103611 181,4700.90,1,4700.70,4701.10,0.40,4700.70,1,4700.60,6,4700.50,2,4700.40,4,4700.30,2,4700.20,3,4700.10,3,4700.00,7,4699.90,6,4699.80,4,4701.10,1,4701.20,2,4701.30,6,4701.40,2,4701.50,3,4701.60,3,4701.70,3,4701.80,3,4701.90,3,4702.00,4,Buy,18,12,30,6.00,6.00,-8.00,1.70,52.9,4701.80,4701.80,4700.10,4700.90,58,45,103,13.00,19.00,-3.00,1.20,58.3,-6,30,0.4615,0.0000,26.00,10.00,4697.41,0.5397,UP,64.80,1.5895,1.5761
20260824 103614 188,4701.00,1,4701.00,4701.30,0.30,4701.00,2,4700.90,4,4700.80,1,4700.70,3,4700.60,5,4700.50,4,4700.40,4,4700.30,3,4700.20,3,4700.10,3,4701.30,1,4701.40,2,4701.50,2,4701.60,3,4701.70,3,4701.80,3,4701.90,3,4702.00,4,4702.10,2,4702.20,4,Sell,18,13,31,5.00,6.00,-8.00,1.70,47.1,4701.80,4701.80,4700.10,4701.00,58,45,103,13.00,19.00,-3.00,1.20,58.3,-6,30,0.4615,0.2000,25.00,9.00,4697.42,0.5429,UP,64.80,1.5895,1.5761
20260824 103614 942,4701.40,1,4701.10,4701.40,0.30,4701.00,2,4700.90,5,4700.80,1,4700.70,3,4700.60,5,4700.50,4,4700.40,4,4700.30,3,4700.20,3,4700.10,3,4701.40,2,4701.50,1,4701.60,3,4701.70,3,4701.80,3,4701.90,3,4702.00,3,4702.10,2,4702.20,4,4702.30,4,Buy,19,13,32,6.00,6.00,-8.00,1.70,23.5,4701.80,4701.80,4700.10,4701.40,58,45,103,13.00,19.00,-3.00,1.20,58.3,-6,30,0.4615,0.0000,26.00,10.00,4697.46,0.5556,UP,64.80,1.5895,1.5761
20260824 103614 944,4701.40,1,4701.10,4701.40,0.30,4701.00,2,4700.90,5,4700.80,1,4700.70,3,4700.60,5,4700.50,4,4700.40,4,4700.30,3,4700.20,3,4700.10,3,4701.40,2,4701.50,1,4701.60,3,4701.70,3,4701.80,3,4701.90,3,4702.00,3,4702.10,2,4702.20,4,4702.30,4,Buy,20,13,33,7.00,7.00,-8.00,1.70,23.5,4701.80,4701.80,4700.10,4701.40,58,45,103,13.00,19.00,-3.00,1.20,58.3,-6,30,0.4615,0.0000,27.00,11.00,4697.46,0.5556,UP,64.80,1.5895,1.5761
20260824 103615 164,4701.30,1,4701.30,4701.50,0.20,4701.20,1,4701.10,2,4701.00,3,4700.90,3,4700.80,3,4700.70,4,4700.60,5,4700.50,4,4700.40,5,4700.30,3,4701.50,1,4701.60,3,4701.70,4,4701.80,3,4701.90,4,4702.00,4,4702.10,2,4702.20,3,4702.30,4,4702.40,4,Sell,20,14,34,6.00,7.00,-8.00,1.70,29.4,4701.80,4701.80,4700.10,4701.30,58,45,103,13.00,19.00,-3.00,1.20,58.3,-6,30,0.4615,0.1667,26.00,10.00,4697.45,0.5524,UP,64.80,1.5895,1.5761
20260824 103629 736,4701.00,1,4700.90,4701.20,0.30,4700.90,2,4700.80,3,4700.70,5,4700.60,2,4700.50,3,4700.40,4,4700.30,3,4700.20,3,4700.10,2,4700.00,5,4701.20,1,4701.30,3,4701.40,1,4701.50,5,4701.60,5,4701.70,5,4701.80,2,4701.90,5,4702.00,3,4702.10,2,Buy,21,14,35,7.00,7.00,-8.00,1.70,47.1,4701.80,4701.80,4700.10,4701.00,58,45,103,13.00,19.00,-3.00,1.20,58.3,-6,30,0.4615,0.0000,27.00,11.00,4697.42,0.5429,UP,64.80,1.5895,1.5761
20260824 103630 101,4701.00,1,4701.00,4701.30,0.30,4700.90,2,4700.80,3,4700.70,3,4700.60,2,4700.50,5,4700.40,4,4700.30,3,4700.20,3,4700.10,3,4700.00,7,4701.30,2,4701.40,2,4701.50,3,4701.60,2,4701.70,6,4701.80,2,4701.90,4,4702.00,3,4702.10,2,4702.20,4,Sell,21,15,36,6.00,7.00,-8.00,1.70,47.1,4701.80,4701.80,4700.10,4701.00,58,45,103,13.00,19.00,-3.00,1.20,58.3,-6,30,0.4615,0.1667,26.00,10.00,4697.42,0.5429,UP,64.80,1.5895,1.5761
20260824 103635 416,4701.30,1,4701.30,4701.60,0.30,4701.30,2,4701.20,3,4701.10,3,4701.00,2,4700.90,2,4700.80,3,4700.70,5,4700.60,3,4700.50,5,4700.40,4,4701.60,1,4701.70,1,4701.80,2,4701.90,1,4702.00,2,4702.10,2,4702.20,3,4702.30,4,4702.40,4,4702.50,3,Buy,22,15,37,7.00,7.00,-8.00,1.70,29.4,4701.80,4701.80,4700.10,4701.30,58,45,103,13.00,19.00,-3.00,1.20,58.3,-6,30,0.4615,0.0000,27.00,11.00,4697.45,0.5524,UP,64.80,1.5895,1.5761
20260824 103635 416,4701.30,1,4701.30,4701.60,0.30,4701.30,2,4701.20,3,4701.10,3,4701.00,2,4700.90,2,4700.80,3,4700.70,5,4700.60,3,4700.50,5,4700.40,4,4701.60,1,4701.70,1,4701.80,2,4701.90,1,4702.00,2,4702.10,2,4702.20,3,4702.30,4,4702.40,4,4702.50,3,Buy,23,15,38,8.00,8.00,-8.00,1.70,29.4,4701.80,4701.80,4700.10,4701.30,58,45,103,13.00,19.00,-3.00,1.20,58.3,-6,30,0.4615,0.0000,28.00,12.00,4697.45,0.5524,UP,64.80,1.5895,1.5761
20260824 103635 416,4701.30,1,4701.30,4701.60,0.30,4701.30,2,4701.20,3,4701.10,3,4701.00,2,4700.90,2,4700.80,3,4700.70,5,4700.60,3,4700.50,5,4700.40,4,4701.60,1,4701.70,1,4701.80,2,4701.90,1,4702.00,2,4702.10,2,4702.20,3,4702.30,4,4702.40,4,4702.50,3,Buy,24,15,39,9.00,9.00,-8.00,1.70,29.4,4701.80,4701.80,4700.10,4701.30,58,45,103,13.00,19.00,-3.00,1.20,58.3,-6,30,0.4615,0.0000,29.00,13.00,4697.45,0.5524,UP,64.80,1.5895,1.5761
20260824 103635 419,4701.40,1,4701.30,4701.60,0.30,4701.30,2,4701.20,3,4701.10,3,4701.00,2,4700.90,2,4700.80,3,4700.70,5,4700.60,3,4700.50,5,4700.40,4,4701.60,1,4701.70,1,4701.80,2,4701.90,1,4702.00,2,4702.10,2,4702.20,3,4702.30,4,4702.40,4,4702.50,3,Buy,25,15,40,10.00,10.00,-8.00,1.70,23.5,4701.80,4701.80,4700.10,4701.40,58,45,103,13.00,19.00,-3.00,1.20,58.3,-6,30,0.4615,0.0000,30.00,14.00,4697.46,0.5556,UP,64.80,1.5895,1.5761
20260824 103635 421,4701.50,1,4701.30,4701.60,0.30,4701.30,2,4701.20,3,4701.10,3,4701.00,2,4700.90,2,4700.80,3,4700.70,5,4700.60,3,4700.50,5,4700.40,4,4701.60,1,4701.70,1,4701.80,2,4701.90,1,4702.00,2,4702.10,2,4702.20,3,4702.30,4,4702.40,4,4702.50,3,Buy,26,15,41,11.00,11.00,-8.00,1.70,17.6,4701.80,4701.80,4700.10,4701.50,58,45,103,13.00,19.00,-3.00,1.20,58.3,-6,30,0.4615,0.0000,31.00,15.00,4697.47,0.5587,UP,64.80,1.5895,1.5761
20260824 103635 421,4701.50,1,4701.30,4701.60,0.30,4701.30,2,4701.20,3,4701.10,3,4701.00,2,4700.90,2,4700.80,3,4700.70,5,4700.60,3,4700.50,5,4700.40,4,4701.60,1,4701.70,1,4701.80,2,4701.90,1,4702.00,2,4702.10,2,4702.20,3,4702.30,4,4702.40,4,4702.50,3,Buy,27,15,42,12.00,12.00,-8.00,1.70,17.6,4701.80,4701.80,4700.10,4701.50,58,45,103,13.00,19.00,-3.00,1.20,58.3,-6,30,0.4615,0.0000,32.00,16.00,4697.47,0.5587,UP,64.80,1.5895,1.5761
20260824 103637 064,4701.60,1,4701.60,4701.80,0.20,4701.60,1,4701.50,2,4701.40,2,4701.20,1,4701.10,3,4701.00,2,4700.90,3,4700.80,3,4700.70,5,4700.60,4,4701.80,2,4701.90,2,4702.00,1,4702.10,3,4702.20,3,4702.30,4,4702.40,4,4702.50,3,4702.60,3,4702.70,3,Buy,28,15,43,13.00,13.00,-8.00,1.70,11.8,4701.80,4701.80,4700.10,4701.60,58,45,103,13.00,19.00,-3.00,1.20,58.3,-6,30,0.4615,0.0000,33.00,17.00,4697.48,0.5619,UP,64.80,1.5895,1.5761
20260824 103637 072,4701.70,1,4701.60,4701.80,0.20,4701.60,1,4701.50,2,4701.40,2,4701.20,1,4701.10,3,4701.00,2,4700.90,3,4700.80,3,4700.70,5,4700.60,4,4701.80,2,4701.90,2,4702.00,1,4702.10,3,4702.20,3,4702.30,4,4702.40,4,4702.50,3,4702.60,3,4702.70,3,Buy,29,15,44,14.00,14.00,-8.00,1.70,5.9,4701.80,4701.80,4700.10,4701.70,58,45,103,13.00,19.00,-3.00,1.20,58.3,-6,30,0.4615,0.0000,34.00,18.00,4697.49,0.5651,UP,64.80,1.5895,1.5761
20260824 103637 116,4701.80,1,4702.00,4702.20,0.20,4702.00,1,4701.90,1,4701.80,2,4701.70,4,4701.60,3,4701.50,5,4701.40,3,4701.30,2,4701.20,2,4701.10,4,4702.20,2,4702.30,1,4702.40,4,4702.50,2,4702.60,3,4702.70,3,4702.80,3,4702.90,3,4703.00,5,4703.10,6,Buy,30,15,45,15.00,15.00,-8.00,1.70,0.0,4701.80,4701.80,4700.10,4701.80,58,45,103,13.00,19.00,-3.00,1.20,58.3,-6,30,0.4615,0.0000,35.00,19.00,4697.50,0.5683,UP,64.80,1.5895,1.5761
20260824 103637 118,4701.90,1,4702.00,4702.20,0.20,4702.00,1,4701.90,1,4701.80,2,4701.70,4,4701.60,3,4701.50,5,4701.40,3,4701.30,2,4701.20,2,4701.10,4,4702.20,2,4702.30,1,4702.40,4,4702.50,2,4702.60,3,4702.70,3,4702.80,3,4702.90,3,4703.00,5,4703.10,6,Buy,31,15,46,16.00,16.00,-8.00,1.80,5.6,4701.80,4701.90,4700.10,4701.90,58,45,103,13.00,19.00,-3.00,1.20,58.3,-6,30,0.4615,0.0000,36.00,20.00,4697.51,0.5714,UP,64.80,1.5895,1.5761
20260824 103638 050,4702.20,1,4702.00,4702.20,0.20,4702.00,1,4701.90,1,4701.80,2,4701.70,4,4701.60,3,4701.50,5,4701.40,4,4701.30,2,4701.20,2,4701.10,4,4702.20,2,4702.40,8,4702.50,3,4702.60,4,4702.70,3,4702.80,2,4702.90,3,4703.00,5,4703.10,6,4703.20,4,Buy,32,15,47,17.00,17.00,-8.00,2.10,19.0,4701.80,4702.20,4700.10,4702.20,58,45,103,13.00,19.00,-3.00,1.20,58.3,-6,30,0.4615,0.0000,37.00,21.00,4697.54,0.5810,UP,64.80,1.5895,1.5975
20260824 103638 244,4702.20,1,4702.10,4702.50,0.40,4702.10,3,4702.00,2,4701.90,1,4701.80,2,4701.70,5,4701.60,3,4701.50,6,4701.40,4,4701.30,2,4701.20,2,4702.50,1,4702.60,2,4702.70,1,4702.80,2,4702.90,3,4703.00,4,4703.10,6,4703.20,4,4703.30,5,4703.40,5,Sell,32,16,48,16.00,17.00,-8.00,2.10,19.0,4701.80,4702.20,4700.10,4702.20,58,45,103,13.00,19.00,-3.00,1.20,58.3,-6,30,0.4615,0.0625,36.00,20.00,4697.54,0.5810,UP,64.80,1.5895,1.5975
20260824 103639 664,4702.20,1,4702.10,4702.40,0.30,4702.10,3,4702.00,3,4701.90,1,4701.80,2,4701.70,4,4701.60,4,4701.50,6,4701.40,3,4701.30,2,4701.20,3,4702.40,1,4702.50,2,4702.60,3,4702.70,1,4702.80,3,4702.90,2,4703.00,4,4703.10,6,4703.20,4,4703.30,5,Sell,32,17,49,15.00,17.00,-8.00,2.10,19.0,4701.80,4702.20,4700.10,4702.20,58,45,103,13.00,19.00,-3.00,1.20,58.3,-6,30,0.4615,0.1333,35.00,19.00,4697.54,0.5810,UP,64.80,1.5895,1.5975
20260824 103641 683,4702.40,1,4702.40,4702.70,0.30,4702.40,1,4702.30,2,4702.20,3,4702.10,4,4702.00,2,4701.90,3,4701.80,3,4701.70,5,4701.60,4,4701.50,6,4702.70,2,4702.90,3,4703.00,4,4703.10,7,4703.20,3,4703.30,4,4703.40,5,4703.50,3,4703.60,5,4703.70,7,Buy,33,17,50,16.00,17.00,-8.00,2.30,26.1,4701.80,4702.40,4700.10,4702.40,58,45,103,13.00,19.00,-3.00,1.20,58.3,-6,30,0.4615,0.0625,36.00,20.00,4697.56,0.5873,UP,64.80,1.5895,1.6118
20260824 103641 749,4702.70,1,4702.60,4703.00,0.40,4702.60,3,4702.50,7,4702.40,3,4702.30,3,4702.20,4,4702.10,5,4702.00,5,4701.90,4,4701.80,3,4701.70,5,4703.00,2,4703.10,3,4703.20,1,4703.30,5,4703.40,5,4703.50,4,4703.60,4,4703.70,7,4703.80,6,4703.90,4,Buy,34,17,51,17.00,17.00,-8.00,2.60,34.6,4701.80,4702.70,4700.10,4702.70,58,45,103,13.00,19.00,-3.00,1.20,58.3,-6,30,0.4615,0.0000,37.00,21.00,4697.58,0.5968,UP,64.80,1.5895,1.6332
20260824 103641 749,4702.70,1,4702.60,4703.00,0.40,4702.60,3,4702.50,7,4702.40,3,4702.30,3,4702.20,4,4702.10,5,4702.00,5,4701.90,4,4701.80,3,4701.70,5,4703.00,2,4703.10,3,4703.20,1,4703.30,5,4703.40,5,4703.50,4,4703.60,4,4703.70,7,4703.80,6,4703.90,4,Buy,35,17,52,18.00,18.00,-8.00,2.60,34.6,4701.80,4702.70,4700.10,4702.70,58,45,103,13.00,19.00,-3.00,1.20,58.3,-6,30,0.4615,0.0000,38.00,22.00,4697.58,0.5968,UP,64.80,1.5895,1.6332
20260824 103645 189,4702.80,1,4702.60,4702.80,0.20,4702.60,1,4702.50,3,4702.40,2,4702.30,3,4702.20,2,4702.10,3,4702.00,4,4701.90,3,4701.80,3,4701.70,5,4702.90,1,4703.00,2,4703.10,3,4703.20,3,4703.30,4,4703.40,5,4703.50,4,4703.60,5,4703.70,7,4703.80,6,Buy,36,17,53,19.00,19.00,-8.00,2.70,37.0,4701.80,4702.80,4700.10,4702.80,58,45,103,13.00,19.00,-3.00,1.20,58.3,-6,30,0.4615,0.0000,39.00,23.00,4697.59,0.6000,UP,64.80,1.5895,1.6404
20260824 103646 791,4702.90,1,4702.90,4703.10,0.20,4702.60,1,4702.50,3,4702.40,2,4702.30,4,4702.20,3,4702.10,5,4702.00,4,4701.90,3,4701.80,3,4701.70,5,4703.00,4,4703.10,3,4703.30,5,4703.40,5,4703.50,4,4703.60,4,4703.70,7,4703.80,6,4703.90,4,4704.00,6,Buy,37,17,54,20.00,20.00,-8.00,2.80,39.3,4701.80,4702.90,4700.10,4702.90,58,45,103,13.00,19.00,-3.00,1.20,58.3,-6,30,0.4615,0.0000,40.00,24.00,4697.60,0.6032,UP,64.80,1.5895,1.6475
20260824 103646 791,4702.90,1,4702.90,4703.10,0.20,4702.60,1,4702.50,3,4702.40,2,4702.30,4,4702.20,3,4702.10,5,4702.00,4,4701.90,3,4701.80,3,4701.70,5,4703.00,4,4703.10,3,4703.30,5,4703.40,5,4703.50,4,4703.60,4,4703.70,7,4703.80,6,4703.90,4,4704.00,6,Buy,38,17,55,21.00,21.00,-8.00,2.80,39.3,4701.80,4702.90,4700.10,4702.90,58,45,103,13.00,19.00,-3.00,1.20,58.3,-6,30,0.4615,0.0000,41.00,25.00,4697.60,0.6032,UP,64.80,1.5895,1.6475
20260824 103646 799,4703.00,1,4702.90,4703.10,0.20,4702.60,1,4702.50,3,4702.40,2,4702.30,4,4702.20,3,4702.10,5,4702.00,4,4701.90,3,4701.80,3,4701.70,5,4703.00,4,4703.10,3,4703.30,5,4703.40,5,4703.50,4,4703.60,4,4703.70,7,4703.80,6,4703.90,4,4704.00,6,Buy,39,17,56,22.00,22.00,-8.00,2.90,41.4,4701.80,4703.00,4700.10,4703.00,58,45,103,13.00,19.00,-3.00,1.20,58.3,-6,30,0.4615,0.0000,42.00,26.00,4697.61,0.6064,UP,64.80,1.5895,1.6546
20260824 103646 801,4703.10,1,4702.90,4703.10,0.20,4702.60,1,4702.50,3,4702.40,2,4702.30,4,4702.20,3,4702.10,5,4702.00,4,4701.90,3,4701.80,3,4701.70,5,4703.00,4,4703.10,3,4703.30,5,4703.40,5,4703.50,4,4703.60,4,4703.70,7,4703.80,6,4703.90,4,4704.00,6,Buy,40,17,57,23.00,23.00,-8.00,3.00,43.3,4701.80,4703.10,4700.10,4703.10,58,45,103,13.00,19.00,-3.00,1.20,58.3,-6,30,0.4615,0.0000,43.00,27.00,4697.62,0.6095,UP,64.80,1.5895,1.6618
20260824 103646 801,4703.10,1,4702.90,4703.10,0.20,4702.60,1,4702.50,3,4702.40,2,4702.30,4,4702.20,3,4702.10,5,4702.00,4,4701.90,3,4701.80,3,4701.70,5,4703.00,4,4703.10,3,4703.30,5,4703.40,5,4703.50,4,4703.60,4,4703.70,7,4703.80,6,4703.90,4,4704.00,6,Buy,41,17,58,24.00,24.00,-8.00,3.00,43.3,4701.80,4703.10,4700.10,4703.10,58,45,103,13.00,19.00,-3.00,1.20,58.3,-6,30,0.4615,0.0000,44.00,28.00,4697.62,0.6095,UP,64.80,1.5895,1.6618
20260824 103647 022,4703.00,1,4702.80,4703.20,0.40,4702.80,2,4702.70,1,4702.60,5,4702.50,4,4702.40,5,4702.30,4,4702.20,4,4702.10,5,4702.00,6,4701.90,2,4703.20,3,4703.30,5,4703.40,2,4703.50,1,4703.60,5,4703.70,6,4703.80,5,4703.90,4,4704.00,6,4704.10,5,Sell,41,18,59,23.00,24.00,-8.00,3.00,40.0,4701.80,4703.10,4700.10,4703.00,58,45,103,13.00,19.00,-3.00,1.20,58.3,-6,30,0.4615,0.0435,43.00,27.00,4697.61,0.6064,UP,64.80,1.5895,1.6618
20260824 103647 238,4702.80,1,4702.70,4703.00,0.30,4702.70,1,4702.60,2,4702.50,3,4702.40,3,4702.30,4,4702.20,5,4702.10,4,4702.00,5,4701.90,2,4701.80,3,4703.00,1,4703.10,3,4703.20,3,4703.30,4,4703.40,3,4703.50,3,4703.60,5,4703.70,6,4703.80,5,4703.90,4,Sell,41,19,60,22.00,24.00,-8.00,3.00,33.3,4701.80,4703.10,4700.10,4702.80,58,45,103,13.00,19.00,-3.00,1.20,58.3,-6,30,0.4615,0.0909,42.00,26.00,4697.59,0.6000,UP,64.80,1.5895,1.6618
20260824 103647 381,4702.80,1,4702.70,4702.80,0.10,4702.60,2,4702.50,3,4702.40,2,4702.30,4,4702.20,5,4702.10,4,4702.00,5,4701.90,2,4701.80,3,4701.70,5,4703.00,1,4703.10,3,4703.20,3,4703.30,4,4703.40,3,4703.50,3,4703.60,5,4703.70,6,4703.80,5,4703.90,4,Buy,42,19,61,23.00,24.00,-8.00,3.00,33.3,4701.80,4703.10,4700.10,4702.80,58,45,103,13.00,19.00,-3.00,1.20,58.3,-6,30,0.4615,0.0435,43.00,27.00,4697.59,0.6000,UP,64.80,1.5895,1.6618
20260824 103648 409,4703.10,1,4702.90,4703.20,0.30,4702.90,1,4702.80,2,4702.70,3,4702.60,2,4702.50,3,4702.40,4,4702.30,4,4702.20,4,4702.10,4,4702.00,6,4703.20,1,4703.30,3,4703.40,3,4703.50,3,4703.60,4,4703.70,6,4703.80,5,4703.90,4,4704.00,6,4704.10,5,Buy,43,19,62,24.00,24.00,-8.00,3.00,43.3,4701.80,4703.10,4700.10,4703.10,58,45,103,13.00,19.00,-3.00,1.20,58.3,-6,30,0.4615,0.0000,44.00,28.00,4697.62,0.6095,UP,64.80,1.5895,1.6618
20260824 103655 076,4703.10,1,4702.70,4703.10,0.40,4702.70,2,4702.60,2,4702.50,3,4702.40,3,4702.30,4,4702.20,5,4702.10,4,4702.00,4,4701.90,3,4701.80,3,4703.00,1,4703.10,2,4703.20,2,4703.30,3,4703.40,4,4703.50,2,4703.60,5,4703.70,7,4703.80,5,4703.90,4,Buy,44,19,63,25.00,25.00,-8.00,3.00,43.3,4701.80,4703.10,4700.10,4703.10,58,45,103,13.00,19.00,-3.00,1.20,58.3,-6,30,0.4615,0.0000,45.00,29.00,4697.62,0.6095,UP,64.80,1.5895,1.6618
20260824 103700 691,4703.10,1,4703.00,4703.40,0.40,4703.00,4,4702.90,3,4702.80,1,4702.70,2,4702.60,4,4702.50,4,4702.40,4,4702.30,4,4702.20,4,4702.10,4,4703.40,2,4703.60,5,4703.70,5,4703.80,6,4703.90,4,4704.00,5,4704.10,5,4704.20,4,4704.30,5,4704.40,5,Buy,1,0,1,1.00,1.00,1.00,0.00,0.0,4703.10,4703.10,4703.10,4703.10,44,19,63,25.00,25.00,-8.00,3.00,43.3,57,81,0.0000,0.0000,41.00,70.00,4697.62,0.6095,UP,66.75,0.9438,1.5431
20260824 103702 802,4703.00,1,4703.00,4703.30,0.30,4703.00,2,4702.90,3,4702.80,1,4702.70,2,4702.60,4,4702.50,5,4702.40,4,4702.30,4,4702.20,4,4702.10,4,4703.30,1,4703.40,3,4703.50,7,4703.60,5,4703.70,6,4703.80,4,4703.90,4,4704.00,6,4704.10,5,4704.20,4,Sell,1,1,2,0.00,1.00,0.00,0.10,100.0,4703.10,4703.10,4703.00,4703.00,44,19,63,25.00,25.00,-8.00,3.00,43.3,57,81,0.0000,1.0000,40.00,69.00,4697.61,0.6064,UP,66.75,0.9438,1.5502
20260824 103702 802,4703.00,1,4703.00,4703.30,0.30,4703.00,2,4702.90,3,4702.80,1,4702.70,2,4702.60,4,4702.50,5,4702.40,4,4702.30,4,4702.20,4,4702.10,4,4703.30,1,4703.40,3,4703.50,7,4703.60,5,4703.70,6,4703.80,4,4703.90,4,4704.00,6,4704.10,5,4704.20,4,Sell,1,2,3,-1.00,1.00,-1.00,0.10,100.0,4703.10,4703.10,4703.00,4703.00,44,19,63,25.00,25.00,-8.00,3.00,43.3,57,81,0.0000,0.0000,39.00,68.00,4697.61,0.6064,UP,66.75,0.9438,1.5502
20260824 103706 709,4703.20,1,4703.00,4703.40,0.40,4703.00,2,4702.90,2,4702.80,1,4702.70,1,4702.60,4,4702.50,5,4702.40,4,4702.30,4,4702.20,4,4702.10,5,4703.40,1,4703.50,2,4703.60,4,4703.70,7,4703.80,4,4703.90,4,4704.00,6,4704.10,5,4704.20,4,4704.30,5,Sell,1,3,4,-2.00,1.00,-2.00,0.20,50.0,4703.10,4703.20,4703.00,4703.20,44,19,63,25.00,25.00,-8.00,3.00,43.3,57,81,0.0000,0.0000,38.00,67.00,4697.63,0.6127,UP,66.75,0.9438,1.5574
20260824 103713 204,4703.00,3,4702.90,4703.10,0.20,4702.90,1,4702.70,2,4702.60,3,4702.50,4,4702.40,5,4702.30,4,4702.20,4,4702.10,6,4702.00,5,4701.90,2,4703.10,1,4703.20,4,4703.30,2,4703.40,2,4703.50,2,4703.60,5,4703.70,7,4703.80,5,4703.90,4,4704.00,6,Sell,1,6,7,-5.00,1.00,-5.00,0.20,50.0,4703.10,4703.20,4703.00,4703.00,44,19,63,25.00,25.00,-8.00,3.00,43.3,57,81,0.0000,0.0000,35.00,64.00,4697.61,0.6064,UP,66.75,0.9438,1.5574
20260824 103713 204,4703.00,3,4702.90,4703.10,0.20,4702.90,1,4702.70,2,4702.60,3,4702.50,4,4702.40,5,4702.30,4,4702.20,4,4702.10,6,4702.00,5,4701.90,2,4703.10,1,4703.20,4,4703.30,2,4703.40,2,4703.50,2,4703.60,5,4703.70,7,4703.80,5,4703.90,4,4704.00,6,Sell,1,9,10,-8.00,1.00,-8.00,0.20,50.0,4703.10,4703.20,4703.00,4703.00,44,19,63,25.00,25.00,-8.00,3.00,43.3,57,81,0.0000,0.0000,32.00,61.00,4697.61,0.6064,UP,66.75,0.9438,1.5574
20260824 103713 205,4703.00,1,4702.90,4703.10,0.20,4702.90,1,4702.70,2,4702.60,3,4702.50,4,4702.40,5,4702.30,4,4702.20,4,4702.10,6,4702.00,5,4701.90,2,4703.10,1,4703.20,4,4703.30,2,4703.40,2,4703.50,2,4703.60,5,4703.70,7,4703.80,5,4703.90,4,4704.00,6,Sell,1,10,11,-9.00,1.00,-9.00,0.20,50.0,4703.10,4703.20,4703.00,4703.00,44,19,63,25.00,25.00,-8.00,3.00,43.3,57,81,0.0000,0.0000,31.00,60.00,4697.61,0.6064,UP,66.75,0.9438,1.5574
20260824 103713 205,4703.00,1,4702.90,4703.10,0.20,4702.90,1,4702.70,2,4702.60,3,4702.50,4,4702.40,5,4702.30,4,4702.20,4,4702.10,6,4702.00,5,4701.90,2,4703.10,1,4703.20,4,4703.30,2,4703.40,2,4703.50,2,4703.60,5,4703.70,7,4703.80,5,4703.90,4,4704.00,6,Sell,1,11,12,-10.00,1.00,-10.00,0.20,50.0,4703.10,4703.20,4703.00,4703.00,44,19,63,25.00,25.00,-8.00,3.00,43.3,57,81,0.0000,0.0000,30.00,59.00,4697.61,0.6064,UP,66.75,0.9438,1.5574
20260824 103713 205,4703.00,2,4702.90,4703.10,0.20,4702.90,1,4702.70,2,4702.60,3,4702.50,4,4702.40,5,4702.30,4,4702.20,4,4702.10,6,4702.00,5,4701.90,2,4703.10,1,4703.20,4,4703.30,2,4703.40,2,4703.50,2,4703.60,5,4703.70,7,4703.80,5,4703.90,4,4704.00,6,Sell,1,13,14,-12.00,1.00,-12.00,0.20,50.0,4703.10,4703.20,4703.00,4703.00,44,19,63,25.00,25.00,-8.00,3.00,43.3,57,81,0.0000,0.0000,28.00,57.00,4697.61,0.6064,UP,66.75,0.9438,1.5574
20260824 103713 208,4703.10,1,4702.90,4703.10,0.20,4702.90,1,4702.70,2,4702.60,3,4702.50,4,4702.40,5,4702.30,4,4702.20,4,4702.10,6,4702.00,5,4701.90,2,4703.10,1,4703.20,4,4703.30,2,4703.40,2,4703.50,2,4703.60,5,4703.70,7,4703.80,5,4703.90,4,4704.00,6,Buy,2,13,15,-11.00,1.00,-12.00,0.20,0.0,4703.10,4703.20,4703.00,4703.10,44,19,63,25.00,25.00,-8.00,3.00,43.3,57,81,0.0000,0.0909,29.00,58.00,4697.62,0.6095,UP,66.75,0.9438,1.5574
20260824 103713 209,4703.10,1,4702.90,4703.10,0.20,4702.90,1,4702.70,2,4702.60,3,4702.50,4,4702.40,5,4702.30,4,4702.20,4,4702.10,6,4702.00,5,4701.90,2,4703.10,1,4703.20,4,4703.30,2,4703.40,2,4703.50,2,4703.60,5,4703.70,7,4703.80,5,4703.90,4,4704.00,6,Buy,3,13,16,-10.00,1.00,-12.00,0.20,0.0,4703.10,4703.20,4703.00,4703.10,44,19,63,25.00,25.00,-8.00,3.00,43.3,57,81,0.0000,0.2000,30.00,59.00,4697.62,0.6095,UP,66.75,0.9438,1.5574
20260824 103713 209,4703.20,1,4702.90,4703.10,0.20,4702.90,1,4702.70,2,4702.60,3,4702.50,4,4702.40,5,4702.30,4,4702.20,4,4702.10,6,4702.00,5,4701.90,2,4703.10,1,4703.20,4,4703.30,2,4703.40,2,4703.50,2,4703.60,5,4703.70,7,4703.80,5,4703.90,4,4704.00,6,Buy,4,13,17,-9.00,1.00,-12.00,0.20,50.0,4703.10,4703.20,4703.00,4703.20,44,19,63,25.00,25.00,-8.00,3.00,43.3,57,81,0.0000,0.3333,31.00,60.00,4697.63,0.6127,UP,66.75,0.9438,1.5574
20260824 103713 209,4703.20,1,4702.90,4703.10,0.20,4702.90,1,4702.70,2,4702.60,3,4702.50,4,4702.40,5,4702.30,4,4702.20,4,4702.10,6,4702.00,5,4701.90,2,4703.10,1,4703.20,4,4703.30,2,4703.40,2,4703.50,2,4703.60,5,4703.70,7,4703.80,5,4703.90,4,4704.00,6,Buy,5,13,18,-8.00,1.00,-12.00,0.20,50.0,4703.10,4703.20,4703.00,4703.20,44,19,63,25.00,25.00,-8.00,3.00,43.3,57,81,0.0000,0.5000,32.00,61.00,4697.63,0.6127,UP,66.75,0.9438,1.5574
20260824 103713 209,4703.20,1,4702.90,4703.10,0.20,4702.90,1,4702.70,2,4702.60,3,4702.50,4,4702.40,5,4702.30,4,4702.20,4,4702.10,6,4702.00,5,4701.90,2,4703.10,1,4703.20,4,4703.30,2,4703.40,2,4703.50,2,4703.60,5,4703.70,7,4703.80,5,4703.90,4,4704.00,6,Buy,6,13,19,-7.00,1.00,-12.00,0.20,50.0,4703.10,4703.20,4703.00,4703.20,44,19,63,25.00,25.00,-8.00,3.00,43.3,57,81,0.0000,0.7143,33.00,62.00,4697.63,0.6127,UP,66.75,0.9438,1.5574
20260824 103713 213,4703.10,1,4702.90,4703.10,0.20,4702.90,1,4702.70,2,4702.60,3,4702.50,4,4702.40,5,4702.30,4,4702.20,4,4702.10,6,4702.00,5,4701.90,2,4703.10,1,4703.20,4,4703.30,2,4703.40,2,4703.50,2,4703.60,5,4703.70,7,4703.80,5,4703.90,4,4704.00,6,Buy,7,13,20,-6.00,1.00,-12.00,0.20,0.0,4703.10,4703.20,4703.00,4703.10,44,19,63,25.00,25.00,-8.00,3.00,43.3,57,81,0.0000,1.0000,34.00,63.00,4697.62,0.6095,UP,66.75,0.9438,1.5574
20260824 103713 213,4703.20,1,4702.90,4703.10,0.20,4702.90,1,4702.70,2,4702.60,3,4702.50,4,4702.40,5,4702.30,4,4702.20,4,4702.10,6,4702.00,5,4701.90,2,4703.10,1,4703.20,4,4703.30,2,4703.40,2,4703.50,2,4703.60,5,4703.70,7,4703.80,5,4703.90,4,4704.00,6,Buy,8,13,21,-5.00,1.00,-12.00,0.20,50.0,4703.10,4703.20,4703.00,4703.20,44,19,63,25.00,25.00,-8.00,3.00,43.3,57,81,0.0000,1.4000,35.00,64.00,4697.63,0.6127,UP,66.75,0.9438,1.5574
20260824 103713 394,4702.90,1,4702.70,4703.10,0.40,4702.70,2,4702.60,3,4702.50,4,4702.40,5,4702.30,4,4702.20,4,4702.10,6,4702.00,5,4701.90,2,4701.80,3,4703.10,1,4703.20,4,4703.30,2,4703.40,2,4703.50,2,4703.60,5,4703.70,7,4703.80,5,4703.90,4,4704.00,6,Sell,8,14,22,-6.00,1.00,-12.00,0.30,66.7,4703.10,4703.20,4702.90,4702.90,44,19,63,25.00,25.00,-8.00,3.00,43.3,57,81,0.0000,1.0000,34.00,63.00,4697.60,0.6032,UP,66.75,0.9438,1.5645
20260824 103714 813,4702.90,1,4703.60,4703.90,0.30,4703.60,1,4703.50,2,4703.40,2,4703.30,3,4703.20,2,4703.10,4,4703.00,5,4702.90,2,4702.80,3,4702.70,5,4703.90,1,4704.00,2,4704.10,2,4704.20,3,4704.30,3,4704.40,5,4704.50,5,4704.60,4,4704.70,6,4704.80,5,Buy,9,14,23,-5.00,1.00,-12.00,0.30,66.7,4703.10,4703.20,4702.90,4702.90,44,19,63,25.00,25.00,-8.00,3.00,43.3,57,81,0.0000,1.4000,35.00,64.00,4697.60,0.6032,UP,66.75,0.9438,1.5645
20260824 103714 813,4703.10,1,4703.60,4703.90,0.30,4703.60,1,4703.50,2,4703.40,2,4703.30,3,4703.20,2,4703.10,4,4703.00,5,4702.90,2,4702.80,3,4702.70,5,4703.90,1,4704.00,2,4704.10,2,4704.20,3,4704.30,3,4704.40,5,4704.50,5,4704.60,4,4704.70,6,4704.80,5,Buy,10,14,24,-4.00,1.00,-12.00,0.30,0.0,4703.10,4703.20,4702.90,4703.10,44,19,63,25.00,25.00,-8.00,3.00,43.3,57,81,0.0000,2.0000,36.00,65.00,4697.62,0.6095,UP,66.75,0.9438,1.5645
20260824 103714 813,4703.10,1,4703.60,4703.90,0.30,4703.60,1,4703.50,2,4703.40,2,4703.30,3,4703.20,2,4703.10,4,4703.00,5,4702.90,2,4702.80,3,4702.70,5,4703.90,1,4704.00,2,4704.10,2,4704.20,3,4704.30,3,4704.40,5,4704.50,5,4704.60,4,4704.70,6,4704.80,5,Buy,11,14,25,-3.00,1.00,-12.00,0.30,0.0,4703.10,4703.20,4702.90,4703.10,44,19,63,25.00,25.00,-8.00,3.00,43.3,57,81,0.0000,3.0000,37.00,66.00,4697.62,0.6095,UP,66.75,0.9438,1.5645
20260824 103714 813,4703.10,1,4703.60,4703.90,0.30,4703.60,1,4703.50,2,4703.40,2,4703.30,3,4703.20,2,4703.10,4,4703.00,5,4702.90,2,4702.80,3,4702.70,5,4703.90,1,4704.00,2,4704.10,2,4704.20,3,4704.30,3,4704.40,5,4704.50,5,4704.60,4,4704.70,6,4704.80,5,Buy,12,14,26,-2.00,1.00,-12.00,0.30,0.0,4703.10,4703.20,4702.90,4703.10,44,19,63,25.00,25.00,-8.00,3.00,43.3,57,81,0.0000,5.0000,38.00,67.00,4697.62,0.6095,UP,66.75,0.9438,1.5645
20260824 103714 813,4703.10,1,4703.60,4703.90,0.30,4703.60,1,4703.50,2,4703.40,2,4703.30,3,4703.20,2,4703.10,4,4703.00,5,4702.90,2,4702.80,3,4702.70,5,4703.90,1,4704.00,2,4704.10,2,4704.20,3,4704.30,3,4704.40,5,4704.50,5,4704.60,4,4704.70,6,4704.80,5,Buy,13,14,27,-1.00,1.00,-12.00,0.30,0.0,4703.10,4703.20,4702.90,4703.10,44,19,63,25.00,25.00,-8.00,3.00,43.3,57,81,0.0000,11.0000,39.00,68.00,4697.62,0.6095,UP,66.75,0.9438,1.5645
20260824 103714 813,4703.10,1,4703.60,4703.90,0.30,4703.60,1,4703.50,2,4703.40,2,4703.30,3,4703.20,2,4703.10,4,4703.00,5,4702.90,2,4702.80,3,4702.70,5,4703.90,1,4704.00,2,4704.10,2,4704.20,3,4704.30,3,4704.40,5,4704.50,5,4704.60,4,4704.70,6,4704.80,5,Buy,14,14,28,0.00,1.00,-12.00,0.30,0.0,4703.10,4703.20,4702.90,4703.10,44,19,63,25.00,25.00,-8.00,3.00,43.3,57,81,0.0000,1.0000,40.00,69.00,4697.62,0.6095,UP,66.75,0.9438,1.5645
20260824 103714 813,4703.20,1,4703.60,4703.90,0.30,4703.60,1,4703.50,2,4703.40,2,4703.30,3,4703.20,2,4703.10,4,4703.00,5,4702.90,2,4702.80,3,4702.70,5,4703.90,1,4704.00,2,4704.10,2,4704.20,3,4704.30,3,4704.40,5,4704.50,5,4704.60,4,4704.70,6,4704.80,5,Buy,15,14,29,1.00,1.00,-12.00,0.30,33.3,4703.10,4703.20,4702.90,4703.20,44,19,63,25.00,25.00,-8.00,3.00,43.3,57,81,0.0000,0.0000,41.00,70.00,4697.63,0.6127,UP,66.75,0.9438,1.5645
20260824 103714 813,4703.30,1,4703.60,4703.90,0.30,4703.60,1,4703.50,2,4703.40,2,4703.30,3,4703.20,2,4703.10,4,4703.00,5,4702.90,2,4702.80,3,4702.70,5,4703.90,1,4704.00,2,4704.10,2,4704.20,3,4704.30,3,4704.40,5,4704.50,5,4704.60,4,4704.70,6,4704.80,5,Buy,16,14,30,2.00,2.00,-12.00,0.40,50.0,4703.10,4703.30,4702.90,4703.30,44,19,63,25.00,25.00,-8.00,3.00,43.3,57,81,0.0000,0.0000,42.00,71.00,4697.64,0.6159,UP,66.75,0.9438,1.5717
20260824 103714 813,4703.30,1,4703.60,4703.90,0.30,4703.60,1,4703.50,2,4703.40,2,4703.30,3,4703.20,2,4703.10,4,4703.00,5,4702.90,2,4702.80,3,4702.70,5,4703.90,1,4704.00,2,4704.10,2,4704.20,3,4704.30,3,4704.40,5,4704.50,5,4704.60,4,4704.70,6,4704.80,5,Buy,17,14,31,3.00,3.00,-12.00,0.40,50.0,4703.10,4703.30,4702.90,4703.30,44,19,63,25.00,25.00,-8.00,3.00,43.3,57,81,0.0000,0.0000,43.00,72.00,4697.64,0.6159,UP,66.75,0.9438,1.5717
20260824 103714 813,4703.30,1,4703.60,4703.90,0.30,4703.60,1,4703.50,2,4703.40,2,4703.30,3,4703.20,2,4703.10,4,4703.00,5,4702.90,2,4702.80,3,4702.70,5,4703.90,1,4704.00,2,4704.10,2,4704.20,3,4704.30,3,4704.40,5,4704.50,5,4704.60,4,4704.70,6,4704.80,5,Buy,18,14,32,4.00,4.00,-12.00,0.40,50.0,4703.10,4703.30,4702.90,4703.30,44,19,63,25.00,25.00,-8.00,3.00,43.3,57,81,0.0000,0.0000,44.00,73.00,4697.64,0.6159,UP,66.75,0.9438,1.5717
20260824 103714 813,4703.40,1,4703.60,4703.90,0.30,4703.60,1,4703.50,2,4703.40,2,4703.30,3,4703.20,2,4703.10,4,4703.00,5,4702.90,2,4702.80,3,4702.70,5,4703.90,1,4704.00,2,4704.10,2,4704.20,3,4704.30,3,4704.40,5,4704.50,5,4704.60,4,4704.70,6,4704.80,5,Buy,19,14,33,5.00,5.00,-12.00,0.50,60.0,4703.10,4703.40,4702.90,4703.40,44,19,63,25.00,25.00,-8.00,3.00,43.3,57,81,0.0000,0.0000,45.00,74.00,4697.65,0.6191,UP,66.75,0.9438,1.5788
20260824 103714 813,4703.40,1,4703.60,4703.90,0.30,4703.60,1,4703.50,2,4703.40,2,4703.30,3,4703.20,2,4703.10,4,4703.00,5,4702.90,2,4702.80,3,4702.70,5,4703.90,1,4704.00,2,4704.10,2,4704.20,3,4704.30,3,4704.40,5,4704.50,5,4704.60,4,4704.70,6,4704.80,5,Buy,20,14,34,6.00,6.00,-12.00,0.50,60.0,4703.10,4703.40,4702.90,4703.40,44,19,63,25.00,25.00,-8.00,3.00,43.3,57,81,0.0000,0.0000,46.00,75.00,4697.65,0.6191,UP,66.75,0.9438,1.5788
20260824 103714 813,4703.40,1,4703.60,4703.90,0.30,4703.60,1,4703.50,2,4703.40,2,4703.30,3,4703.20,2,4703.10,4,4703.00,5,4702.90,2,4702.80,3,4702.70,5,4703.90,1,4704.00,2,4704.10,2,4704.20,3,4704.30,3,4704.40,5,4704.50,5,4704.60,4,4704.70,6,4704.80,5,Buy,21,14,35,7.00,7.00,-12.00,0.50,60.0,4703.10,4703.40,4702.90,4703.40,44,19,63,25.00,25.00,-8.00,3.00,43.3,57,81,0.0000,0.0000,47.00,76.00,4697.65,0.6191,UP,66.75,0.9438,1.5788
20260824 103714 813,4703.40,1,4703.60,4703.90,0.30,4703.60,1,4703.50,2,4703.40,2,4703.30,3,4703.20,2,4703.10,4,4703.00,5,4702.90,2,4702.80,3,4702.70,5,4703.90,1,4704.00,2,4704.10,2,4704.20,3,4704.30,3,4704.40,5,4704.50,5,4704.60,4,4704.70,6,4704.80,5,Buy,22,14,36,8.00,8.00,-12.00,0.50,60.0,4703.10,4703.40,4702.90,4703.40,44,19,63,25.00,25.00,-8.00,3.00,43.3,57,81,0.0000,0.0000,48.00,77.00,4697.65,0.6191,UP,66.75,0.9438,1.5788
20260824 103714 816,4703.40,1,4703.60,4703.90,0.30,4703.60,1,4703.50,2,4703.40,2,4703.30,3,4703.20,2,4703.10,4,4703.00,5,4702.90,2,4702.80,3,4702.70,5,4703.90,1,4704.00,2,4704.10,2,4704.20,3,4704.30,3,4704.40,5,4704.50,5,4704.60,4,4704.70,6,4704.80,5,Sell,22,15,37,7.00,8.00,-12.00,0.50,60.0,4703.10,4703.40,4702.90,4703.40,44,19,63,25.00,25.00,-8.00,3.00,43.3,57,81,0.0000,0.1429,47.00,76.00,4697.65,0.6191,UP,66.75,0.9438,1.5788
20260824 103714 816,4703.40,2,4703.60,4703.90,0.30,4703.60,1,4703.50,2,4703.40,2,4703.30,3,4703.20,2,4703.10,4,4703.00,5,4702.90,2,4702.80,3,4702.70,5,4703.90,1,4704.00,2,4704.10,2,4704.20,3,4704.30,3,4704.40,5,4704.50,5,4704.60,4,4704.70,6,4704.80,5,Sell,22,17,39,5.00,8.00,-12.00,0.50,60.0,4703.10,4703.40,4702.90,4703.40,44,19,63,25.00,25.00,-8.00,3.00,43.3,57,81,0.0000,0.6000,45.00,74.00,4697.65,0.6191,UP,66.75,0.9438,1.5788
20260824 103714 816,4703.40,1,4703.60,4703.90,0.30,4703.60,1,4703.50,2,4703.40,2,4703.30,3,4703.20,2,4703.10,4,4703.00,5,4702.90,2,4702.80,3,4702.70,5,4703.90,1,4704.00,2,4704.10,2,4704.20,3,4704.30,3,4704.40,5,4704.50,5,4704.60,4,4704.70,6,4704.80,5,Sell,22,18,40,4.00,8.00,-12.00,0.50,60.0,4703.10,4703.40,4702.90,4703.40,44,19,63,25.00,25.00,-8.00,3.00,43.3,57,81,0.0000,1.0000,44.00,73.00,4697.65,0.6191,UP,66.75,0.9438,1.5788
20260824 103714 816,4703.40,1,4703.60,4703.90,0.30,4703.60,1,4703.50,2,4703.40,2,4703.30,3,4703.20,2,4703.10,4,4703.00,5,4702.90,2,4702.80,3,4702.70,5,4703.90,1,4704.00,2,4704.10,2,4704.20,3,4704.30,3,4704.40,5,4704.50,5,4704.60,4,4704.70,6,4704.80,5,Sell,22,19,41,3.00,8.00,-12.00,0.50,60.0,4703.10,4703.40,4702.90,4703.40,44,19,63,25.00,25.00,-8.00,3.00,43.3,57,81,0.0000,1.6667,43.00,72.00,4697.65,0.6191,UP,66.75,0.9438,1.5788
20260824 103714 816,4703.40,1,4703.60,4703.90,0.30,4703.60,1,4703.50,2,4703.40,2,4703.30,3,4703.20,2,4703.10,4,4703.00,5,4702.90,2,4702.80,3,4702.70,5,4703.90,1,4704.00,2,4704.10,2,4704.20,3,4704.30,3,4704.40,5,4704.50,5,4704.60,4,4704.70,6,4704.80,5,Sell,22,20,42,2.00,8.00,-12.00,0.50,60.0,4703.10,4703.40,4702.90,4703.40,44,19,63,25.00,25.00,-8.00,3.00,43.3,57,81,0.0000,3.0000,42.00,71.00,4697.65,0.6191,UP,66.75,0.9438,1.5788
20260824 103714 816,4703.40,1,4703.60,4703.90,0.30,4703.60,1,4703.50,2,4703.40,2,4703.30,3,4703.20,2,4703.10,4,4703.00,5,4702.90,2,4702.80,3,4702.70,5,4703.90,1,4704.00,2,4704.10,2,4704.20,3,4704.30,3,4704.40,5,4704.50,5,4704.60,4,4704.70,6,4704.80,5,Sell,22,21,43,1.00,8.00,-12.00,0.50,60.0,4703.10,4703.40,4702.90,4703.40,44,19,63,25.00,25.00,-8.00,3.00,43.3,57,81,0.0000,7.0000,41.00,70.00,4697.65,0.6191,UP,66.75,0.9438,1.5788
20260824 103714 816,4703.40,1,4703.60,4703.90,0.30,4703.60,1,4703.50,2,4703.40,2,4703.30,3,4703.20,2,4703.10,4,4703.00,5,4702.90,2,4702.80,3,4702.70,5,4703.90,1,4704.00,2,4704.10,2,4704.20,3,4704.30,3,4704.40,5,4704.50,5,4704.60,4,4704.70,6,4704.80,5,Sell,22,22,44,0.00,8.00,-12.00,0.50,60.0,4703.10,4703.40,4702.90,4703.40,44,19,63,25.00,25.00,-8.00,3.00,43.3,57,81,0.0000,8.0000,40.00,69.00,4697.65,0.6191,UP,66.75,0.9438,1.5788
20260824 103714 816,4703.40,1,4703.60,4703.90,0.30,4703.60,1,4703.50,2,4703.40,2,4703.30,3,4703.20,2,4703.10,4,4703.00,5,4702.90,2,4702.80,3,4702.70,5,4703.90,1,4704.00,2,4704.10,2,4704.20,3,4704.30,3,4704.40,5,4704.50,5,4704.60,4,4704.70,6,4704.80,5,Sell,22,23,45,-1.00,8.00,-12.00,0.50,60.0,4703.10,4703.40,4702.90,4703.40,44,19,63,25.00,25.00,-8.00,3.00,43.3,57,81,0.0000,11.0000,39.00,68.00,4697.65,0.6191,UP,66.75,0.9438,1.5788
20260824 103714 816,4703.40,1,4703.60,4703.90,0.30,4703.60,1,4703.50,2,4703.40,2,4703.30,3,4703.20,2,4703.10,4,4703.00,5,4702.90,2,4702.80,3,4702.70,5,4703.90,1,4704.00,2,4704.10,2,4704.20,3,4704.30,3,4704.40,5,4704.50,5,4704.60,4,4704.70,6,4704.80,5,Sell,22,24,46,-2.00,8.00,-12.00,0.50,60.0,4703.10,4703.40,4702.90,4703.40,44,19,63,25.00,25.00,-8.00,3.00,43.3,57,81,0.0000,5.0000,38.00,67.00,4697.65,0.6191,UP,66.75,0.9438,1.5788
20260824 103714 816,4703.40,1,4703.60,4703.90,0.30,4703.60,1,4703.50,2,4703.40,2,4703.30,3,4703.20,2,4703.10,4,4703.00,5,4702.90,2,4702.80,3,4702.70,5,4703.90,1,4704.00,2,4704.10,2,4704.20,3,4704.30,3,4704.40,5,4704.50,5,4704.60,4,4704.70,6,4704.80,5,Sell,22,25,47,-3.00,8.00,-12.00,0.50,60.0,4703.10,4703.40,4702.90,4703.40,44,19,63,25.00,25.00,-8.00,3.00,43.3,57,81,0.0000,3.0000,37.00,66.00,4697.65,0.6191,UP,66.75,0.9438,1.5788
20260824 103714 817,4703.40,1,4703.60,4703.90,0.30,4703.60,1,4703.50,2,4703.40,2,4703.30,3,4703.20,2,4703.10,4,4703.00,5,4702.90,2,4702.80,3,4702.70,5,4703.90,1,4704.00,2,4704.10,2,4704.20,3,4704.30,3,4704.40,5,4704.50,5,4704.60,4,4704.70,6,4704.80,5,Sell,22,26,48,-4.00,8.00,-12.00,0.50,60.0,4703.10,4703.40,4702.90,4703.40,44,19,63,25.00,25.00,-8.00,3.00,43.3,57,81,0.0000,2.0000,36.00,65.00,4697.65,0.6191,UP,66.75,0.9438,1.5788
20260824 103714 817,4703.40,1,4703.60,4703.90,0.30,4703.60,1,4703.50,2,4703.40,2,4703.30,3,4703.20,2,4703.10,4,4703.00,5,4702.90,2,4702.80,3,4702.70,5,4703.90,1,4704.00,2,4704.10,2,4704.20,3,4704.30,3,4704.40,5,4704.50,5,4704.60,4,4704.70,6,4704.80,5,Sell,22,27,49,-5.00,8.00,-12.00,0.50,60.0,4703.10,4703.40,4702.90,4703.40,44,19,63,25.00,25.00,-8.00,3.00,43.3,57,81,0.0000,1.4000,35.00,64.00,4697.65,0.6191,UP,66.75,0.9438,1.5788
20260824 103714 817,4703.40,1,4703.60,4703.90,0.30,4703.60,1,4703.50,2,4703.40,2,4703.30,3,4703.20,2,4703.10,4,4703.00,5,4702.90,2,4702.80,3,4702.70,5,4703.90,1,4704.00,2,4704.10,2,4704.20,3,4704.30,3,4704.40,5,4704.50,5,4704.60,4,4704.70,6,4704.80,5,Sell,22,28,50,-6.00,8.00,-12.00,0.50,60.0,4703.10,4703.40,4702.90,4703.40,44,19,63,25.00,25.00,-8.00,3.00,43.3,57,81,0.0000,1.0000,34.00,63.00,4697.65,0.6191,UP,66.75,0.9438,1.5788
20260824 103714 817,4703.40,1,4703.60,4703.90,0.30,4703.60,1,4703.50,2,4703.40,2,4703.30,3,4703.20,2,4703.10,4,4703.00,5,4702.90,2,4702.80,3,4702.70,5,4703.90,1,4704.00,2,4704.10,2,4704.20,3,4704.30,3,4704.40,5,4704.50,5,4704.60,4,4704.70,6,4704.80,5,Sell,22,29,51,-7.00,8.00,-12.00,0.50,60.0,4703.10,4703.40,4702.90,4703.40,44,19,63,25.00,25.00,-8.00,3.00,43.3,57,81,0.0000,0.7143,33.00,62.00,4697.65,0.6191,UP,66.75,0.9438,1.5788
20260824 103714 817,4703.40,1,4703.60,4703.90,0.30,4703.60,1,4703.50,2,4703.40,2,4703.30,3,4703.20,2,4703.10,4,4703.00,5,4702.90,2,4702.80,3,4702.70,5,4703.90,1,4704.00,2,4704.10,2,4704.20,3,4704.30,3,4704.40,5,4704.50,5,4704.60,4,4704.70,6,4704.80,5,Sell,22,30,52,-8.00,8.00,-12.00,0.50,60.0,4703.10,4703.40,4702.90,4703.40,44,19,63,25.00,25.00,-8.00,3.00,43.3,57,81,0.0000,0.5000,32.00,61.00,4697.65,0.6191,UP,66.75,0.9438,1.5788
20260824 103714 818,4703.50,1,4703.60,4703.90,0.30,4703.60,1,4703.50,2,4703.40,2,4703.30,3,4703.20,2,4703.10,4,4703.00,5,4702.90,2,4702.80,3,4702.70,5,4703.90,1,4704.00,2,4704.10,2,4704.20,3,4704.30,3,4704.40,5,4704.50,5,4704.60,4,4704.70,6,4704.80,5,Sell,22,31,53,-9.00,8.00,-12.00,0.60,66.7,4703.10,4703.50,4702.90,4703.50,44,19,63,25.00,25.00,-8.00,3.00,43.3,57,81,0.0000,0.3333,31.00,60.00,4697.66,0.6222,UP,66.75,0.9438,1.5859
20260824 103714 818,4703.40,1,4703.60,4703.90,0.30,4703.60,1,4703.50,2,4703.40,2,4703.30,3,4703.20,2,4703.10,4,4703.00,5,4702.90,2,4702.80,3,4702.70,5,4703.90,1,4704.00,2,4704.10,2,4704.20,3,4704.30,3,4704.40,5,4704.50,5,4704.60,4,4704.70,6,4704.80,5,Sell,22,32,54,-10.00,8.00,-12.00,0.60,50.0,4703.10,4703.50,4702.90,4703.40,44,19,63,25.00,25.00,-8.00,3.00,43.3,57,81,0.0000,0.2000,30.00,59.00,4697.65,0.6191,UP,66.75,0.9438,1.5859
20260824 103714 819,4703.60,1,4703.60,4703.90,0.30,4703.60,1,4703.50,2,4703.40,2,4703.30,3,4703.20,2,4703.10,4,4703.00,5,4702.90,2,4702.80,3,4702.70,5,4703.90,1,4704.00,2,4704.10,2,4704.20,3,4704.30,3,4704.40,5,4704.50,5,4704.60,4,4704.70,6,4704.80,5,Buy,23,32,55,-9.00,8.00,-12.00,0.70,71.4,4703.10,4703.60,4702.90,4703.60,44,19,63,25.00,25.00,-8.00,3.00,43.3,57,81,0.0000,0.3333,31.00,60.00,4697.67,0.6254,UP,66.75,0.9438,1.5931
20260824 103714 819,4703.60,1,4703.60,4703.90,0.30,4703.60,1,4703.50,2,4703.40,2,4703.30,3,4703.20,2,4703.10,4,4703.00,5,4702.90,2,4702.80,3,4702.70,5,4703.90,1,4704.00,2,4704.10,2,4704.20,3,4704.30,3,4704.40,5,4704.50,5,4704.60,4,4704.70,6,4704.80,5,Buy,24,32,56,-8.00,8.00,-12.00,0.70,71.4,4703.10,4703.60,4702.90,4703.60,44,19,63,25.00,25.00,-8.00,3.00,43.3,57,81,0.0000,0.5000,32.00,61.00,4697.67,0.6254,UP,66.75,0.9438,1.5931
20260824 103714 819,4703.60,1,4703.60,4703.90,0.30,4703.60,1,4703.50,2,4703.40,2,4703.30,3,4703.20,2,4703.10,4,4703.00,5,4702.90,2,4702.80,3,4702.70,5,4703.90,1,4704.00,2,4704.10,2,4704.20,3,4704.30,3,4704.40,5,4704.50,5,4704.60,4,4704.70,6,4704.80,5,Buy,25,32,57,-7.00,8.00,-12.00,0.70,71.4,4703.10,4703.60,4702.90,4703.60,44,19,63,25.00,25.00,-8.00,3.00,43.3,57,81,0.0000,0.7143,33.00,62.00,4697.67,0.6254,UP,66.75,0.9438,1.5931
20260824 103714 820,4703.50,1,4703.60,4703.90,0.30,4703.60,1,4703.50,2,4703.40,2,4703.30,3,4703.20,2,4703.10,4,4703.00,5,4702.90,2,4702.80,3,4702.70,5,4703.90,1,4704.00,2,4704.10,2,4704.20,3,4704.30,3,4704.40,5,4704.50,5,4704.60,4,4704.70,6,4704.80,5,Sell,25,33,58,-8.00,8.00,-12.00,0.70,57.1,4703.10,4703.60,4702.90,4703.50,44,19,63,25.00,25.00,-8.00,3.00,43.3,57,81,0.0000,0.5000,32.00,61.00,4697.66,0.6222,UP,66.75,0.9438,1.5931
20260824 103714 821,4703.70,1,4703.60,4703.90,0.30,4703.60,1,4703.50,2,4703.40,2,4703.30,3,4703.20,2,4703.10,4,4703.00,5,4702.90,2,4702.80,3,4702.70,5,4703.90,1,4704.00,2,4704.10,2,4704.20,3,4704.30,3,4704.40,5,4704.50,5,4704.60,4,4704.70,6,4704.80,5,Buy,26,33,59,-7.00,8.00,-12.00,0.80,75.0,4703.10,4703.70,4702.90,4703.70,44,19,63,25.00,25.00,-8.00,3.00,43.3,57,81,0.0000,0.7143,33.00,62.00,4697.68,0.6286,UP,66.75,0.9438,1.6002
20260824 103714 821,4703.70,1,4703.60,4703.90,0.30,4703.60,1,4703.50,2,4703.40,2,4703.30,3,4703.20,2,4703.10,4,4703.00,5,4702.90,2,4702.80,3,4702.70,5,4703.90,1,4704.00,2,4704.10,2,4704.20,3,4704.30,3,4704.40,5,4704.50,5,4704.60,4,4704.70,6,4704.80,5,Buy,27,33,60,-6.00,8.00,-12.00,0.80,75.0,4703.10,4703.70,4702.90,4703.70,44,19,63,25.00,25.00,-8.00,3.00,43.3,57,81,0.0000,1.0000,34.00,63.00,4697.68,0.6286,UP,66.75,0.9438,1.6002
20260824 103714 823,4703.80,1,4703.60,4703.90,0.30,4703.60,1,4703.50,2,4703.40,2,4703.30,3,4703.20,2,4703.10,4,4703.00,5,4702.90,2,4702.80,3,4702.70,5,4703.90,1,4704.00,2,4704.10,2,4704.20,3,4704.30,3,4704.40,5,4704.50,5,4704.60,4,4704.70,6,4704.80,5,Buy,28,33,61,-5.00,8.00,-12.00,0.90,77.8,4703.10,4703.80,4702.90,4703.80,44,19,63,25.00,25.00,-8.00,3.00,43.3,57,81,0.0000,1.4000,35.00,64.00,4697.69,0.6317,UP,66.75,0.9438,1.6074
20260824 103714 825,4703.90,1,4703.60,4703.90,0.30,4703.60,1,4703.50,2,4703.40,2,4703.30,3,4703.20,2,4703.10,4,4703.00,5,4702.90,2,4702.80,3,4702.70,5,4703.90,1,4704.00,2,4704.10,2,4704.20,3,4704.30,3,4704.40,5,4704.50,5,4704.60,4,4704.70,6,4704.80,5,Buy,29,33,62,-4.00,8.00,-12.00,1.00,80.0,4703.10,4703.90,4702.90,4703.90,44,19,63,25.00,25.00,-8.00,3.00,43.3,57,81,0.0000,2.0000,36.00,65.00,4697.70,0.6349,UP,66.75,0.9438,1.6145
20260824 103714 825,4703.90,1,4703.60,4703.90,0.30,4703.60,1,4703.50,2,4703.40,2,4703.30,3,4703.20,2,4703.10,4,4703.00,5,4702.90,2,4702.80,3,4702.70,5,4703.90,1,4704.00,2,4704.10,2,4704.20,3,4704.30,3,4704.40,5,4704.50,5,4704.60,4,4704.70,6,4704.80,5,Buy,30,33,63,-3.00,8.00,-12.00,1.00,80.0,4703.10,4703.90,4702.90,4703.90,44,19,63,25.00,25.00,-8.00,3.00,43.3,57,81,0.0000,3.0000,37.00,66.00,4697.70,0.6349,UP,66.75,0.9438,1.6145
20260824 103715 041,4703.80,1,4703.70,4704.00,0.30,4703.70,1,4703.60,2,4703.50,2,4703.40,3,4703.30,3,4703.20,2,4703.10,5,4703.00,5,4702.90,2,4702.80,3,4704.00,1,4704.10,2,4704.20,3,4704.30,3,4704.40,4,4704.50,4,4704.60,3,4704.70,6,4704.80,5,4704.90,3,Buy,31,33,64,-2.00,8.00,-12.00,1.00,70.0,4703.10,4703.90,4702.90,4703.80,44,19,63,25.00,25.00,-8.00,3.00,43.3,57,81,0.0000,5.0000,38.00,67.00,4697.69,0.6317,UP,66.75,0.9438,1.6145
20260824 103716 140,4704.00,1,4703.70,4704.00,0.30,4703.70,2,4703.60,1,4703.50,3,4703.40,2,4703.30,3,4703.20,2,4703.10,5,4703.00,5,4702.90,2,4702.80,3,4704.00,1,4704.10,2,4704.20,3,4704.30,1,4704.40,5,4704.50,5,4704.60,3,4704.70,5,4704.80,5,4704.90,3,Sell,31,34,65,-3.00,8.00,-12.00,1.10,81.8,4703.10,4704.00,4702.90,4704.00,44,19,63,25.00,25.00,-8.00,3.00,43.3,57,81,0.0000,3.0000,37.00,66.00,4697.71,0.6381,UP,66.75,0.9438,1.6217
20260824 103717 057,4703.70,1,4704.10,4704.40,0.30,4704.10,1,4704.00,4,4703.90,1,4703.80,1,4703.70,6,4703.60,3,4703.50,4,4703.40,2,4703.30,3,4703.20,2,4704.40,2,4704.50,3,4704.60,2,4704.70,3,4704.80,4,4704.90,2,4705.00,4,4705.10,7,4705.20,5,4705.30,5,Sell,31,35,66,-4.00,8.00,-12.00,1.10,54.5,4703.10,4704.00,4702.90,4703.70,44,19,63,25.00,25.00,-8.00,3.00,43.3,57,81,0.0000,2.0000,36.00,65.00,4697.68,0.6286,UP,66.75,0.9438,1.6217
20260824 103717 058,4703.90,1,4704.10,4704.40,0.30,4704.10,1,4704.00,4,4703.90,1,4703.80,1,4703.70,6,4703.60,3,4703.50,4,4703.40,2,4703.30,3,4703.20,2,4704.40,2,4704.50,3,4704.60,2,4704.70,3,4704.80,4,4704.90,2,4705.00,4,4705.10,7,4705.20,5,4705.30,5,Buy,32,35,67,-3.00,8.00,-12.00,1.10,72.7,4703.10,4704.00,4702.90,4703.90,44,19,63,25.00,25.00,-8.00,3.00,43.3,57,81,0.0000,3.0000,37.00,66.00,4697.70,0.6349,UP,66.75,0.9438,1.6217
20260824 103717 058,4703.90,1,4704.10,4704.40,0.30,4704.10,1,4704.00,4,4703.90,1,4703.80,1,4703.70,6,4703.60,3,4703.50,4,4703.40,2,4703.30,3,4703.20,2,4704.40,2,4704.50,3,4704.60,2,4704.70,3,4704.80,4,4704.90,2,4705.00,4,4705.10,7,4705.20,5,4705.30,5,Buy,33,35,68,-2.00,8.00,-12.00,1.10,72.7,4703.10,4704.00,4702.90,4703.90,44,19,63,25.00,25.00,-8.00,3.00,43.3,57,81,0.0000,5.0000,38.00,67.00,4697.70,0.6349,UP,66.75,0.9438,1.6217
20260824 103717 058,4703.90,1,4704.10,4704.40,0.30,4704.10,1,4704.00,4,4703.90,1,4703.80,1,4703.70,6,4703.60,3,4703.50,4,4703.40,2,4703.30,3,4703.20,2,4704.40,2,4704.50,3,4704.60,2,4704.70,3,4704.80,4,4704.90,2,4705.00,4,4705.10,7,4705.20,5,4705.30,5,Buy,34,35,69,-1.00,8.00,-12.00,1.10,72.7,4703.10,4704.00,4702.90,4703.90,44,19,63,25.00,25.00,-8.00,3.00,43.3,57,81,0.0000,11.0000,39.00,68.00,4697.70,0.6349,UP,66.75,0.9438,1.6217
20260824 103717 058,4704.00,1,4704.10,4704.40,0.30,4704.10,1,4704.00,4,4703.90,1,4703.80,1,4703.70,6,4703.60,3,4703.50,4,4703.40,2,4703.30,3,4703.20,2,4704.40,2,4704.50,3,4704.60,2,4704.70,3,4704.80,4,4704.90,2,4705.00,4,4705.10,7,4705.20,5,4705.30,5,Buy,35,35,70,0.00,8.00,-12.00,1.10,81.8,4703.10,4704.00,4702.90,4704.00,44,19,63,25.00,25.00,-8.00,3.00,43.3,57,81,0.0000,8.0000,40.00,69.00,4697.71,0.6381,UP,66.75,0.9438,1.6217
20260824 103717 058,4704.00,1,4704.10,4704.40,0.30,4704.10,1,4704.00,4,4703.90,1,4703.80,1,4703.70,6,4703.60,3,4703.50,4,4703.40,2,4703.30,3,4703.20,2,4704.40,2,4704.50,3,4704.60,2,4704.70,3,4704.80,4,4704.90,2,4705.00,4,4705.10,7,4705.20,5,4705.30,5,Buy,36,35,71,1.00,8.00,-12.00,1.10,81.8,4703.10,4704.00,4702.90,4704.00,44,19,63,25.00,25.00,-8.00,3.00,43.3,57,81,0.0000,7.0000,41.00,70.00,4697.71,0.6381,UP,66.75,0.9438,1.6217
20260824 103717 058,4704.00,1,4704.10,4704.40,0.30,4704.10,1,4704.00,4,4703.90,1,4703.80,1,4703.70,6,4703.60,3,4703.50,4,4703.40,2,4703.30,3,4703.20,2,4704.40,2,4704.50,3,4704.60,2,4704.70,3,4704.80,4,4704.90,2,4705.00,4,4705.10,7,4705.20,5,4705.30,5,Buy,37,35,72,2.00,8.00,-12.00,1.10,81.8,4703.10,4704.00,4702.90,4704.00,44,19,63,25.00,25.00,-8.00,3.00,43.3,57,81,0.0000,3.0000,42.00,71.00,4697.71,0.6381,UP,66.75,0.9438,1.6217
20260824 103717 058,4704.00,1,4704.10,4704.40,0.30,4704.10,1,4704.00,4,4703.90,1,4703.80,1,4703.70,6,4703.60,3,4703.50,4,4703.40,2,4703.30,3,4703.20,2,4704.40,2,4704.50,3,4704.60,2,4704.70,3,4704.80,4,4704.90,2,4705.00,4,4705.10,7,4705.20,5,4705.30,5,Buy,38,35,73,3.00,8.00,-12.00,1.10,81.8,4703.10,4704.00,4702.90,4704.00,44,19,63,25.00,25.00,-8.00,3.00,43.3,57,81,0.0000,1.6667,43.00,72.00,4697.71,0.6381,UP,66.75,0.9438,1.6217
20260824 103717 058,4704.00,2,4704.10,4704.40,0.30,4704.10,1,4704.00,4,4703.90,1,4703.80,1,4703.70,6,4703.60,3,4703.50,4,4703.40,2,4703.30,3,4703.20,2,4704.40,2,4704.50,3,4704.60,2,4704.70,3,4704.80,4,4704.90,2,4705.00,4,4705.10,7,4705.20,5,4705.30,5,Sell,38,37,75,1.00,8.00,-12.00,1.10,81.8,4703.10,4704.00,4702.90,4704.00,44,19,63,25.00,25.00,-8.00,3.00,43.3,57,81,0.0000,7.0000,41.00,70.00,4697.71,0.6381,UP,66.75,0.9438,1.6217
20260824 103717 058,4704.00,1,4704.10,4704.40,0.30,4704.10,1,4704.00,4,4703.90,1,4703.80,1,4703.70,6,4703.60,3,4703.50,4,4703.40,2,4703.30,3,4703.20,2,4704.40,2,4704.50,3,4704.60,2,4704.70,3,4704.80,4,4704.90,2,4705.00,4,4705.10,7,4705.20,5,4705.30,5,Sell,38,38,76,0.00,8.00,-12.00,1.10,81.8,4703.10,4704.00,4702.90,4704.00,44,19,63,25.00,25.00,-8.00,3.00,43.3,57,81,0.0000,8.0000,40.00,69.00,4697.71,0.6381,UP,66.75,0.9438,1.6217
20260824 103717 059,4704.00,1,4704.10,4704.40,0.30,4704.10,1,4704.00,4,4703.90,1,4703.80,1,4703.70,6,4703.60,3,4703.50,4,4703.40,2,4703.30,3,4703.20,2,4704.40,2,4704.50,3,4704.60,2,4704.70,3,4704.80,4,4704.90,2,4705.00,4,4705.10,7,4705.20,5,4705.30,5,Sell,38,39,77,-1.00,8.00,-12.00,1.10,81.8,4703.10,4704.00,4702.90,4704.00,44,19,63,25.00,25.00,-8.00,3.00,43.3,57,81,0.0000,11.0000,39.00,68.00,4697.71,0.6381,UP,66.75,0.9438,1.6217
20260824 103717 059,4704.00,1,4704.10,4704.40,0.30,4704.10,1,4704.00,4,4703.90,1,4703.80,1,4703.70,6,4703.60,3,4703.50,4,4703.40,2,4703.30,3,4703.20,2,4704.40,2,4704.50,3,4704.60,2,4704.70,3,4704.80,4,4704.90,2,4705.00,4,4705.10,7,4705.20,5,4705.30,5,Sell,38,40,78,-2.00,8.00,-12.00,1.10,81.8,4703.10,4704.00,4702.90,4704.00,44,19,63,25.00,25.00,-8.00,3.00,43.3,57,81,0.0000,5.0000,38.00,67.00,4697.71,0.6381,UP,66.75,0.9438,1.6217
20260824 103717 059,4704.00,1,4704.10,4704.40,0.30,4704.10,1,4704.00,4,4703.90,1,4703.80,1,4703.70,6,4703.60,3,4703.50,4,4703.40,2,4703.30,3,4703.20,2,4704.40,2,4704.50,3,4704.60,2,4704.70,3,4704.80,4,4704.90,2,4705.00,4,4705.10,7,4705.20,5,4705.30,5,Sell,38,41,79,-3.00,8.00,-12.00,1.10,81.8,4703.10,4704.00,4702.90,4704.00,44,19,63,25.00,25.00,-8.00,3.00,43.3,57,81,0.0000,3.0000,37.00,66.00,4697.71,0.6381,UP,66.75,0.9438,1.6217
20260824 103717 059,4704.00,1,4704.10,4704.40,0.30,4704.10,1,4704.00,4,4703.90,1,4703.80,1,4703.70,6,4703.60,3,4703.50,4,4703.40,2,4703.30,3,4703.20,2,4704.40,2,4704.50,3,4704.60,2,4704.70,3,4704.80,4,4704.90,2,4705.00,4,4705.10,7,4705.20,5,4705.30,5,Sell,38,42,80,-4.00,8.00,-12.00,1.10,81.8,4703.10,4704.00,4702.90,4704.00,44,19,63,25.00,25.00,-8.00,3.00,43.3,57,81,0.0000,2.0000,36.00,65.00,4697.71,0.6381,UP,66.75,0.9438,1.6217
20260824 103717 059,4704.00,1,4704.10,4704.40,0.30,4704.10,1,4704.00,4,4703.90,1,4703.80,1,4703.70,6,4703.60,3,4703.50,4,4703.40,2,4703.30,3,4703.20,2,4704.40,2,4704.50,3,4704.60,2,4704.70,3,4704.80,4,4704.90,2,4705.00,4,4705.10,7,4705.20,5,4705.30,5,Sell,38,43,81,-5.00,8.00,-12.00,1.10,81.8,4703.10,4704.00,4702.90,4704.00,44,19,63,25.00,25.00,-8.00,3.00,43.3,57,81,0.0000,1.4000,35.00,64.00,4697.71,0.6381,UP,66.75,0.9438,1.6217
20260824 103717 059,4704.00,1,4704.10,4704.40,0.30,4704.10,1,4704.00,4,4703.90,1,4703.80,1,4703.70,6,4703.60,3,4703.50,4,4703.40,2,4703.30,3,4703.20,2,4704.40,2,4704.50,3,4704.60,2,4704.70,3,4704.80,4,4704.90,2,4705.00,4,4705.10,7,4705.20,5,4705.30,5,Sell,38,44,82,-6.00,8.00,-12.00,1.10,81.8,4703.10,4704.00,4702.90,4704.00,44,19,63,25.00,25.00,-8.00,3.00,43.3,57,81,0.0000,1.0000,34.00,63.00,4697.71,0.6381,UP,66.75,0.9438,1.6217
20260824 103717 062,4704.00,1,4704.10,4704.40,0.30,4704.10,1,4704.00,4,4703.90,1,4703.80,1,4703.70,6,4703.60,3,4703.50,4,4703.40,2,4703.30,3,4703.20,2,4704.40,2,4704.50,3,4704.60,2,4704.70,3,4704.80,4,4704.90,2,4705.00,4,4705.10,7,4705.20,5,4705.30,5,Sell,38,45,83,-7.00,8.00,-12.00,1.10,81.8,4703.10,4704.00,4702.90,4704.00,44,19,63,25.00,25.00,-8.00,3.00,43.3,57,81,0.0000,0.7143,33.00,62.00,4697.71,0.6381,UP,66.75,0.9438,1.6217
20260824 103717 063,4704.10,1,4704.10,4704.40,0.30,4704.10,1,4704.00,4,4703.90,1,4703.80,1,4703.70,6,4703.60,3,4703.50,4,4703.40,2,4703.30,3,4703.20,2,4704.40,2,4704.50,3,4704.60,2,4704.70,3,4704.80,4,4704.90,2,4705.00,4,4705.10,7,4705.20,5,4705.30,5,Buy,39,45,84,-6.00,8.00,-12.00,1.20,83.3,4703.10,4704.10,4702.90,4704.10,44,19,63,25.00,25.00,-8.00,3.00,43.3,57,81,0.0000,1.0000,34.00,63.00,4697.72,0.6413,UP,66.75,0.9438,1.6288
20260824 103717 064,4704.10,1,4704.10,4704.40,0.30,4704.10,1,4704.00,4,4703.90,1,4703.80,1,4703.70,6,4703.60,3,4703.50,4,4703.40,2,4703.30,3,4703.20,2,4704.40,2,4704.50,3,4704.60,2,4704.70,3,4704.80,4,4704.90,2,4705.00,4,4705.10,7,4705.20,5,4705.30,5,Sell,39,46,85,-7.00,8.00,-12.00,1.20,83.3,4703.10,4704.10,4702.90,4704.10,44,19,63,25.00,25.00,-8.00,3.00,43.3,57,81,0.0000,0.7143,33.00,62.00,4697.72,0.6413,UP,66.75,0.9438,1.6288
20260824 103717 065,4704.20,1,4704.10,4704.40,0.30,4704.10,1,4704.00,4,4703.90,1,4703.80,1,4703.70,6,4703.60,3,4703.50,4,4703.40,2,4703.30,3,4703.20,2,4704.40,2,4704.50,3,4704.60,2,4704.70,3,4704.80,4,4704.90,2,4705.00,4,4705.10,7,4705.20,5,4705.30,5,Buy,40,46,86,-6.00,8.00,-12.00,1.30,84.6,4703.10,4704.20,4702.90,4704.20,44,19,63,25.00,25.00,-8.00,3.00,43.3,57,81,0.0000,1.0000,34.00,63.00,4697.73,0.6444,UP,66.75,0.9438,1.6359
20260824 103718 970,4704.40,1,4704.20,4704.40,0.20,4704.20,2,4704.10,2,4704.00,2,4703.90,1,4703.80,1,4703.70,7,4703.60,4,4703.50,3,4703.40,2,4703.30,3,4704.40,1,4704.50,1,4704.60,3,4704.70,3,4704.80,3,4704.90,3,4705.00,4,4705.10,6,4705.20,5,4705.30,6,Buy,41,46,87,-5.00,8.00,-12.00,1.50,86.7,4703.10,4704.40,4702.90,4704.40,44,19,63,25.00,25.00,-8.00,3.00,43.3,57,81,0.0000,1.4000,35.00,64.00,4697.75,0.6508,UP,66.75,0.9438,1.6502
20260824 103719 270,4704.20,1,4704.10,4704.40,0.30,4704.10,2,4704.00,2,4703.90,1,4703.80,1,4703.70,7,4703.60,4,4703.50,3,4703.40,2,4703.30,3,4703.20,2,4704.40,2,4704.50,2,4704.60,3,4704.70,3,4704.80,3,4704.90,3,4705.00,4,4705.10,6,4705.20,5,4705.30,6,Sell,41,47,88,-6.00,8.00,-12.00,1.50,73.3,4703.10,4704.40,4702.90,4704.20,44,19,63,25.00,25.00,-8.00,3.00,43.3,57,81,0.0000,1.0000,34.00,63.00,4697.73,0.6444,UP,66.75,0.9438,1.6502
20260824 103720 222,4704.10,1,4704.00,4704.20,0.20,4704.00,1,4703.80,1,4703.70,7,4703.60,3,4703.50,4,4703.40,2,4703.30,4,4703.20,2,4703.10,5,4703.00,5,4704.20,2,4704.30,2,4704.40,3,4704.50,3,4704.60,3,4704.70,4,4704.80,3,4704.90,4,4705.00,4,4705.10,7,Sell,41,48,89,-7.00,8.00,-12.00,1.50,66.7,4703.10,4704.40,4702.90,4704.10,44,19,63,25.00,25.00,-8.00,3.00,43.3,57,81,0.0000,0.7143,33.00,62.00,4697.72,0.6413,UP,66.75,0.9438,1.6502
20260824 103723 176,4704.30,1,4704.00,4704.30,0.30,4704.00,2,4703.80,1,4703.70,7,4703.60,4,4703.50,3,4703.40,2,4703.30,4,4703.20,2,4703.10,5,4703.00,5,4704.30,1,4704.40,3,4704.50,3,4704.60,2,4704.70,4,4704.80,3,4704.90,4,4705.00,4,4705.10,6,4705.20,5,Buy,42,48,90,-6.00,8.00,-12.00,1.50,80.0,4703.10,4704.40,4702.90,4704.30,44,19,63,25.00,25.00,-8.00,3.00,43.3,57,81,0.0000,1.0000,34.00,63.00,4697.74,0.6476,UP,66.75,0.9438,1.6502
20260824 103723 941,4704.30,1,4704.00,4704.30,0.30,4704.00,2,4703.80,2,4703.70,6,4703.60,4,4703.50,3,4703.40,2,4703.30,4,4703.20,2,4703.10,5,4703.00,5,4704.30,1,4704.40,2,4704.50,4,4704.60,2,4704.70,4,4704.80,5,4704.90,3,4705.00,4,4705.10,6,4705.20,5,Buy,43,48,91,-5.00,8.00,-12.00,1.50,80.0,4703.10,4704.40,4702.90,4704.30,44,19,63,25.00,25.00,-8.00,3.00,43.3,57,81,0.0000,1.4000,35.00,64.00,4697.74,0.6476,UP,66.75,0.9438,1.6502
20260824 103731 370,4704.30,1,4704.00,4704.30,0.30,4704.00,2,4703.80,3,4703.70,5,4703.60,3,4703.50,4,4703.40,2,4703.30,4,4703.20,3,4703.10,5,4703.00,5,4704.30,1,4704.40,3,4704.50,4,4704.60,3,4704.70,3,4704.80,4,4704.90,4,4705.00,4,4705.10,6,4705.20,6,Buy,44,48,92,-4.00,8.00,-12.00,1.50,80.0,4703.10,4704.40,4702.90,4704.30,44,19,63,25.00,25.00,-8.00,3.00,43.3,57,81,0.0000,2.0000,36.00,65.00,4697.74,0.6476,UP,66.75,0.9438,1.6502
20260824 103734 003,4704.30,1,4704.40,4704.80,0.40,4704.40,2,4704.30,5,4704.20,3,4704.10,1,4704.00,6,4703.90,3,4703.80,2,4703.70,6,4703.60,5,4703.50,3,4704.80,1,4704.90,3,4705.00,3,4705.10,6,4705.20,3,4705.30,5,4705.40,4,4705.50,6,4705.60,4,4705.70,4,Buy,45,48,93,-3.00,8.00,-12.00,1.50,80.0,4703.10,4704.40,4702.90,4704.30,44,19,63,25.00,25.00,-8.00,3.00,43.3,57,81,0.0000,3.0000,37.00,66.00,4697.74,0.6476,UP,66.75,0.9438,1.6502
20260824 103734 020,4704.40,1,4704.40,4704.80,0.40,4704.40,2,4704.30,5,4704.20,3,4704.10,1,4704.00,6,4703.90,3,4703.80,2,4703.70,6,4703.60,5,4703.50,3,4704.80,1,4704.90,3,4705.00,3,4705.10,6,4705.20,3,4705.30,5,4705.40,4,4705.50,6,4705.60,4,4705.70,4,Buy,46,48,94,-2.00,8.00,-12.00,1.50,86.7,4703.10,4704.40,4702.90,4704.40,44,19,63,25.00,25.00,-8.00,3.00,43.3,57,81,0.0000,5.0000,38.00,67.00,4697.75,0.6508,UP,66.75,0.9438,1.6502
20260824 103734 020,4704.40,1,4704.40,4704.80,0.40,4704.40,2,4704.30,5,4704.20,3,4704.10,1,4704.00,6,4703.90,3,4703.80,2,4703.70,6,4703.60,5,4703.50,3,4704.80,1,4704.90,3,4705.00,3,4705.10,6,4705.20,3,4705.30,5,4705.40,4,4705.50,6,4705.60,4,4705.70,4,Buy,47,48,95,-1.00,8.00,-12.00,1.50,86.7,4703.10,4704.40,4702.90,4704.40,44,19,63,25.00,25.00,-8.00,3.00,43.3,57,81,0.0000,11.0000,39.00,68.00,4697.75,0.6508,UP,66.75,0.9438,1.6502
20260824 103734 022,4704.50,1,4704.40,4704.80,0.40,4704.40,2,4704.30,5,4704.20,3,4704.10,1,4704.00,6,4703.90,3,4703.80,2,4703.70,6,4703.60,5,4703.50,3,4704.80,1,4704.90,3,4705.00,3,4705.10,6,4705.20,3,4705.30,5,4705.40,4,4705.50,6,4705.60,4,4705.70,4,Buy,48,48,96,0.00,8.00,-12.00,1.60,87.5,4703.10,4704.50,4702.90,4704.50,44,19,63,25.00,25.00,-8.00,3.00,43.3,57,81,0.0000,8.0000,40.00,69.00,4697.76,0.6540,UP,66.75,0.9438,1.6574
20260824 103737 323,4704.70,1,4704.40,4704.80,0.40,4704.40,3,4704.30,5,4704.20,3,4704.10,1,4704.00,5,4703.90,4,4703.80,2,4703.70,6,4703.60,6,4703.50,4,4704.80,3,4704.90,3,4705.00,3,4705.10,6,4705.20,3,4705.30,5,4705.40,4,4705.50,6,4705.60,4,4705.70,4,Buy,49,48,97,1.00,8.00,-12.00,1.80,88.9,4703.10,4704.70,4702.90,4704.70,44,19,63,25.00,25.00,-8.00,3.00,43.3,57,81,0.0000,7.0000,41.00,70.00,4697.77,0.6603,UP,66.75,0.9438,1.6717
20260824 103738 690,4704.70,2,4704.20,4704.50,0.30,4704.20,2,4704.10,1,4704.00,3,4703.90,3,4703.80,3,4703.70,5,4703.60,4,4703.50,4,4703.40,2,4703.30,3,4704.50,1,4704.60,1,4704.70,4,4704.80,2,4704.90,4,4705.00,2,4705.10,6,4705.20,4,4705.30,5,4705.40,5,Sell,49,50,99,-1.00,8.00,-12.00,1.80,88.9,4703.10,4704.70,4702.90,4704.70,44,19,63,25.00,25.00,-8.00,3.00,43.3,57,81,0.0000,11.0000,39.00,68.00,4697.77,0.6603,UP,66.75,0.9438,1.6717
20260824 103738 693,4704.50,1,4704.20,4704.50,0.30,4704.20,2,4704.10,1,4704.00,3,4703.90,3,4703.80,3,4703.70,5,4703.60,4,4703.50,4,4703.40,2,4703.30,3,4704.50,1,4704.60,1,4704.70,4,4704.80,2,4704.90,4,4705.00,2,4705.10,6,4705.20,4,4705.30,5,4705.40,5,Sell,49,51,100,-2.00,8.00,-12.00,1.80,77.8,4703.10,4704.70,4702.90,4704.50,44,19,63,25.00,25.00,-8.00,3.00,43.3,57,81,0.0000,5.0000,38.00,67.00,4697.76,0.6540,UP,66.75,0.9438,1.6717
20260824 103738 693,4704.50,1,4704.20,4704.50,0.30,4704.20,2,4704.10,1,4704.00,3,4703.90,3,4703.80,3,4703.70,5,4703.60,4,4703.50,4,4703.40,2,4703.30,3,4704.50,1,4704.60,1,4704.70,4,4704.80,2,4704.90,4,4705.00,2,4705.10,6,4705.20,4,4705.30,5,4705.40,5,Sell,49,52,101,-3.00,8.00,-12.00,1.80,77.8,4703.10,4704.70,4702.90,4704.50,44,19,63,25.00,25.00,-8.00,3.00,43.3,57,81,0.0000,3.0000,37.00,66.00,4697.76,0.6540,UP,66.75,0.9438,1.6717
20260824 103738 696,4704.40,1,4704.20,4704.50,0.30,4704.20,2,4704.10,1,4704.00,3,4703.90,3,4703.80,3,4703.70,5,4703.60,4,4703.50,4,4703.40,2,4703.30,3,4704.50,1,4704.60,1,4704.70,4,4704.80,2,4704.90,4,4705.00,2,4705.10,6,4705.20,4,4705.30,5,4705.40,5,Sell,49,53,102,-4.00,8.00,-12.00,1.80,72.2,4703.10,4704.70,4702.90,4704.40,44,19,63,25.00,25.00,-8.00,3.00,43.3,57,81,0.0000,2.0000,36.00,65.00,4697.75,0.6508,UP,66.75,0.9438,1.6717
20260824 103741 577,4704.50,1,4704.40,4704.70,0.30,4704.40,1,4704.30,1,4704.20,5,4704.10,2,4704.00,4,4703.90,3,4703.80,3,4703.70,5,4703.60,4,4703.50,4,4704.70,1,4704.80,2,4704.90,4,4705.00,3,4705.10,6,4705.20,5,4705.30,5,4705.40,4,4705.50,5,4705.60,4,Buy,50,53,103,-3.00,8.00,-12.00,1.80,77.8,4703.10,4704.70,4702.90,4704.50,44,19,63,25.00,25.00,-8.00,3.00,43.3,57,81,0.0000,3.0000,37.00,66.00,4697.76,0.6540,UP,66.75,0.9438,1.6717
20260824 103741 577,4704.50,1,4704.40,4704.70,0.30,4704.40,1,4704.30,1,4704.20,5,4704.10,2,4704.00,4,4703.90,3,4703.80,3,4703.70,5,4703.60,4,4703.50,4,4704.70,1,4704.80,2,4704.90,4,4705.00,3,4705.10,6,4705.20,5,4705.30,5,4705.40,4,4705.50,5,4705.60,4,Buy,51,53,104,-2.00,8.00,-12.00,1.80,77.8,4703.10,4704.70,4702.90,4704.50,44,19,63,25.00,25.00,-8.00,3.00,43.3,57,81,0.0000,5.0000,38.00,67.00,4697.76,0.6540,UP,66.75,0.9438,1.6717
20260824 103741 577,4704.60,1,4704.40,4704.70,0.30,4704.40,1,4704.30,1,4704.20,5,4704.10,2,4704.00,4,4703.90,3,4703.80,3,4703.70,5,4703.60,4,4703.50,4,4704.70,1,4704.80,2,4704.90,4,4705.00,3,4705.10,6,4705.20,5,4705.30,5,4705.40,4,4705.50,5,4705.60,4,Buy,52,53,105,-1.00,8.00,-12.00,1.80,83.3,4703.10,4704.70,4702.90,4704.60,44,19,63,25.00,25.00,-8.00,3.00,43.3,57,81,0.0000,11.0000,39.00,68.00,4697.76,0.6571,UP,66.75,0.9438,1.6717
20260824 103741 580,4704.60,4,4704.40,4704.70,0.30,4704.40,1,4704.30,1,4704.20,5,4704.10,2,4704.00,4,4703.90,3,4703.80,3,4703.70,5,4703.60,4,4703.50,4,4704.70,1,4704.80,2,4704.90,4,4705.00,3,4705.10,6,4705.20,5,4705.30,5,4705.40,4,4705.50,5,4705.60,4,Sell,52,57,109,-5.00,8.00,-12.00,1.80,83.3,4703.10,4704.70,4702.90,4704.60,44,19,63,25.00,25.00,-8.00,3.00,43.3,57,81,0.0000,1.4000,35.00,64.00,4697.76,0.6571,UP,66.75,0.9438,1.6717
20260824 103741 582,4704.60,4,4704.40,4704.70,0.30,4704.40,1,4704.30,1,4704.20,5,4704.10,2,4704.00,4,4703.90,3,4703.80,3,4703.70,5,4703.60,4,4703.50,4,4704.70,1,4704.80,2,4704.90,4,4705.00,3,4705.10,6,4705.20,5,4705.30,5,4705.40,4,4705.50,5,4705.60,4,Sell,52,61,113,-9.00,8.00,-12.00,1.80,83.3,4703.10,4704.70,4702.90,4704.60,44,19,63,25.00,25.00,-8.00,3.00,43.3,57,81,0.0000,0.3333,31.00,60.00,4697.76,0.6571,UP,66.75,0.9438,1.6717
20260824 103741 582,4704.60,1,4704.40,4704.70,0.30,4704.40,1,4704.30,1,4704.20,5,4704.10,2,4704.00,4,4703.90,3,4703.80,3,4703.70,5,4703.60,4,4703.50,4,4704.70,1,4704.80,2,4704.90,4,4705.00,3,4705.10,6,4705.20,5,4705.30,5,4705.40,4,4705.50,5,4705.60,4,Sell,52,62,114,-10.00,8.00,-12.00,1.80,83.3,4703.10,4704.70,4702.90,4704.60,44,19,63,25.00,25.00,-8.00,3.00,43.3,57,81,0.0000,0.2000,30.00,59.00,4697.76,0.6571,UP,66.75,0.9438,1.6717
20260824 103741 582,4704.60,1,4704.40,4704.70,0.30,4704.40,1,4704.30,1,4704.20,5,4704.10,2,4704.00,4,4703.90,3,4703.80,3,4703.70,5,4703.60,4,4703.50,4,4704.70,1,4704.80,2,4704.90,4,4705.00,3,4705.10,6,4705.20,5,4705.30,5,4705.40,4,4705.50,5,4705.60,4,Sell,52,63,115,-11.00,8.00,-12.00,1.80,83.3,4703.10,4704.70,4702.90,4704.60,44,19,63,25.00,25.00,-8.00,3.00,43.3,57,81,0.0000,0.0909,29.00,58.00,4697.76,0.6571,UP,66.75,0.9438,1.6717
20260824 103741 582,4704.60,2,4704.40,4704.70,0.30,4704.40,1,4704.30,1,4704.20,5,4704.10,2,4704.00,4,4703.90,3,4703.80,3,4703.70,5,4703.60,4,4703.50,4,4704.70,1,4704.80,2,4704.90,4,4705.00,3,4705.10,6,4705.20,5,4705.30,5,4705.40,4,4705.50,5,4705.60,4,Sell,52,65,117,-13.00,8.00,-13.00,1.80,83.3,4703.10,4704.70,4702.90,4704.60,44,19,63,25.00,25.00,-8.00,3.00,43.3,57,81,0.0000,0.0000,27.00,56.00,4697.76,0.6571,UP,66.75,0.9438,1.6717
20260824 103741 582,4704.60,1,4704.40,4704.70,0.30,4704.40,1,4704.30,1,4704.20,5,4704.10,2,4704.00,4,4703.90,3,4703.80,3,4703.70,5,4703.60,4,4703.50,4,4704.70,1,4704.80,2,4704.90,4,4705.00,3,4705.10,6,4705.20,5,4705.30,5,4705.40,4,4705.50,5,4705.60,4,Sell,52,66,118,-14.00,8.00,-14.00,1.80,83.3,4703.10,4704.70,4702.90,4704.60,44,19,63,25.00,25.00,-8.00,3.00,43.3,57,81,0.0000,0.0000,26.00,55.00,4697.76,0.6571,UP,66.75,0.9438,1.6717
20260824 103741 582,4704.60,4,4704.40,4704.70,0.30,4704.40,1,4704.30,1,4704.20,5,4704.10,2,4704.00,4,4703.90,3,4703.80,3,4703.70,5,4703.60,4,4703.50,4,4704.70,1,4704.80,2,4704.90,4,4705.00,3,4705.10,6,4705.20,5,4705.30,5,4705.40,4,4705.50,5,4705.60,4,Sell,52,70,122,-18.00,8.00,-18.00,1.80,83.3,4703.10,4704.70,4702.90,4704.60,44,19,63,25.00,25.00,-8.00,3.00,43.3,57,81,0.0000,0.0000,22.00,51.00,4697.76,0.6571,UP,66.75,0.9438,1.6717
20260824 103742 195,4704.80,1,4704.70,4705.00,0.30,4704.70,1,4704.60,2,4704.50,2,4704.40,4,4704.30,3,4704.20,5,4704.10,4,4704.00,4,4703.90,4,4703.80,2,4705.00,1,4705.10,6,4705.20,3,4705.30,5,4705.40,3,4705.50,5,4705.60,3,4705.70,4,4705.80,4,4705.90,5,Buy,53,70,123,-17.00,8.00,-18.00,1.90,89.5,4703.10,4704.80,4702.90,4704.80,44,19,63,25.00,25.00,-8.00,3.00,43.3,57,81,0.0000,0.0588,23.00,52.00,4697.78,0.6635,UP,66.75,0.9438,1.6788
20260824 103742 299,4704.70,1,4704.70,4705.00,0.30,4704.70,1,4704.60,2,4704.50,2,4704.40,4,4704.30,3,4704.20,5,4704.10,4,4704.00,4,4703.90,4,4703.80,2,4705.00,1,4705.10,6,4705.20,3,4705.30,5,4705.40,3,4705.50,5,4705.60,4,4705.70,4,4705.80,4,4705.90,5,Sell,53,71,124,-18.00,8.00,-18.00,1.90,84.2,4703.10,4704.80,4702.90,4704.70,44,19,63,25.00,25.00,-8.00,3.00,43.3,57,81,0.0000,0.0000,22.00,51.00,4697.77,0.6603,UP,66.75,0.9438,1.6788
20260824 103743 862,4704.60,1,4704.60,4704.90,0.30,4704.60,2,4704.50,2,4704.40,2,4704.30,4,4704.20,4,4704.10,4,4704.00,4,4703.90,4,4703.80,2,4703.70,5,4704.90,1,4705.00,4,4705.10,6,4705.20,4,4705.30,4,4705.40,3,4705.50,5,4705.60,4,4705.70,4,4705.80,4,Buy,54,71,125,-17.00,8.00,-18.00,1.90,78.9,4703.10,4704.80,4702.90,4704.60,44,19,63,25.00,25.00,-8.00,3.00,43.3,57,81,0.0000,0.0588,23.00,52.00,4697.76,0.6571,UP,66.75,0.9438,1.6788
20260824 103743 863,4704.70,1,4704.60,4704.90,0.30,4704.60,2,4704.50,2,4704.40,2,4704.30,4,4704.20,4,4704.10,4,4704.00,4,4703.90,4,4703.80,2,4703.70,5,4704.90,1,4705.00,4,4705.10,6,4705.20,4,4705.30,4,4705.40,3,4705.50,5,4705.60,4,4705.70,4,4705.80,4,Buy,55,71,126,-16.00,8.00,-18.00,1.90,84.2,4703.10,4704.80,4702.90,4704.70,44,19,63,25.00,25.00,-8.00,3.00,43.3,57,81,0.0000,0.1250,24.00,53.00,4697.77,0.6603,UP,66.75,0.9438,1.6788
20260824 103748 722,4704.70,1,4704.70,4705.00,0.30,4704.70,1,4704.60,2,4704.50,2,4704.40,2,4704.30,3,4704.20,5,4704.10,4,4704.00,4,4703.90,4,4703.80,3,4705.00,1,4705.10,5,4705.20,3,4705.30,5,4705.40,3,4705.50,5,4705.60,3,4705.70,4,4705.80,4,4705.90,5,Sell,55,72,127,-17.00,8.00,-18.00,1.90,84.2,4703.10,4704.80,4702.90,4704.70,44,19,63,25.00,25.00,-8.00,3.00,43.3,57,81,0.0000,0.0588,23.00,52.00,4697.77,0.6603,UP,66.75,0.9438,1.6788
20260824 103752 700,4704.70,1,4704.60,4705.00,0.40,4704.60,2,4704.50,1,4704.40,4,4704.30,3,4704.20,5,4704.10,4,4704.00,4,4703.90,4,4703.80,3,4703.70,5,4705.00,3,4705.10,5,4705.20,4,4705.30,5,4705.40,3,4705.50,4,4705.60,4,4705.70,4,4705.80,4,4705.90,5,Sell,55,73,128,-18.00,8.00,-18.00,1.90,84.2,4703.10,4704.80,4702.90,4704.70,44,19,63,25.00,25.00,-8.00,3.00,43.3,57,81,0.0000,0.0000,22.00,51.00,4697.77,0.6603,UP,66.75,0.9438,1.6788
20260824 103803 718,4704.40,1,4704.30,4704.60,0.30,4704.30,1,4704.20,4,4704.10,2,4704.00,4,4703.90,4,4703.80,2,4703.70,5,4703.60,5,4703.50,4,4703.40,2,4704.60,1,4704.70,1,4704.80,2,4704.90,4,4705.00,3,4705.10,5,4705.20,5,4705.30,5,4705.40,4,4705.50,5,Sell,0,1,1,-1.00,-1.00,-1.00,0.00,0.0,4704.40,4704.40,4704.40,4704.40,55,73,128,-18.00,8.00,-18.00,1.90,84.2,-42,75,0.0000,0.0000,30.00,44.00,4697.75,0.6508,UP,67.95,1.8837,1.5803
20260824 103804 536,4704.60,1,4704.70,4704.90,0.20,4704.30,2,4704.20,4,4704.10,2,4704.00,3,4703.90,3,4703.80,3,4703.70,5,4703.60,4,4703.50,4,4703.40,2,4705.20,4,4705.30,5,4705.40,4,4705.50,5,4705.60,4,4705.70,4,4705.80,5,4705.90,5,4706.00,5,4706.10,6,Buy,1,1,2,0.00,0.00,-1.00,0.20,100.0,4704.40,4704.60,4704.40,4704.60,55,73,128,-18.00,8.00,-18.00,1.90,84.2,-42,75,0.0000,0.0000,31.00,45.00,4697.76,0.6571,UP,67.95,1.8837,1.5803
20260824 103804 536,4704.60,1,4704.70,4704.90,0.20,4704.30,2,4704.20,4,4704.10,2,4704.00,3,4703.90,3,4703.80,3,4703.70,5,4703.60,4,4703.50,4,4703.40,2,4705.20,4,4705.30,5,4705.40,4,4705.50,5,4705.60,4,4705.70,4,4705.80,5,4705.90,5,4706.00,5,4706.10,6,Buy,2,1,3,1.00,1.00,-1.00,0.20,100.0,4704.40,4704.60,4704.40,4704.60,55,73,128,-18.00,8.00,-18.00,1.90,84.2,-42,75,0.0000,0.0000,32.00,46.00,4697.76,0.6571,UP,67.95,1.8837,1.5803
20260824 103804 536,4704.70,1,4704.70,4704.90,0.20,4704.30,2,4704.20,4,4704.10,2,4704.00,3,4703.90,3,4703.80,3,4703.70,5,4703.60,4,4703.50,4,4703.40,2,4705.20,4,4705.30,5,4705.40,4,4705.50,5,4705.60,4,4705.70,4,4705.80,5,4705.90,5,4706.00,5,4706.10,6,Buy,3,1,4,2.00,2.00,-1.00,0.30,100.0,4704.40,4704.70,4704.40,4704.70,55,73,128,-18.00,8.00,-18.00,1.90,84.2,-42,75,0.0000,0.0000,33.00,47.00,4697.77,0.6603,UP,67.95,1.8837,1.5803
20260824 103804 536,4704.70,1,4704.70,4704.90,0.20,4704.30,2,4704.20,4,4704.10,2,4704.00,3,4703.90,3,4703.80,3,4703.70,5,4703.60,4,4703.50,4,4703.40,2,4705.20,4,4705.30,5,4705.40,4,4705.50,5,4705.60,4,4705.70,4,4705.80,5,4705.90,5,4706.00,5,4706.10,6,Buy,4,1,5,3.00,3.00,-1.00,0.30,100.0,4704.40,4704.70,4704.40,4704.70,55,73,128,-18.00,8.00,-18.00,1.90,84.2,-42,75,0.0000,0.0000,34.00,48.00,4697.77,0.6603,UP,67.95,1.8837,1.5803
20260824 103804 536,4704.70,1,4704.70,4704.90,0.20,4704.30,2,4704.20,4,4704.10,2,4704.00,3,4703.90,3,4703.80,3,4703.70,5,4703.60,4,4703.50,4,4703.40,2,4705.20,4,4705.30,5,4705.40,4,4705.50,5,4705.60,4,4705.70,4,4705.80,5,4705.90,5,4706.00,5,4706.10,6,Buy,5,1,6,4.00,4.00,-1.00,0.30,100.0,4704.40,4704.70,4704.40,4704.70,55,73,128,-18.00,8.00,-18.00,1.90,84.2,-42,75,0.0000,0.0000,35.00,49.00,4697.77,0.6603,UP,67.95,1.8837,1.5803
20260824 103804 536,4704.80,1,4704.70,4704.90,0.20,4704.30,2,4704.20,4,4704.10,2,4704.00,3,4703.90,3,4703.80,3,4703.70,5,4703.60,4,4703.50,4,4703.40,2,4705.20,4,4705.30,5,4705.40,4,4705.50,5,4705.60,4,4705.70,4,4705.80,5,4705.90,5,4706.00,5,4706.10,6,Buy,6,1,7,5.00,5.00,-1.00,0.40,100.0,4704.40,4704.80,4704.40,4704.80,55,73,128,-18.00,8.00,-18.00,1.90,84.2,-42,75,0.0000,0.0000,36.00,50.00,4697.78,0.6635,UP,67.95,1.8837,1.5875
20260824 103804 536,4704.80,1,4704.70,4704.90,0.20,4704.30,2,4704.20,4,4704.10,2,4704.00,3,4703.90,3,4703.80,3,4703.70,5,4703.60,4,4703.50,4,4703.40,2,4705.20,4,4705.30,5,4705.40,4,4705.50,5,4705.60,4,4705.70,4,4705.80,5,4705.90,5,4706.00,5,4706.10,6,Buy,7,1,8,6.00,6.00,-1.00,0.40,100.0,4704.40,4704.80,4704.40,4704.80,55,73,128,-18.00,8.00,-18.00,1.90,84.2,-42,75,0.0000,0.0000,37.00,51.00,4697.78,0.6635,UP,67.95,1.8837,1.5875
20260824 103804 536,4704.80,1,4704.70,4704.90,0.20,4704.30,2,4704.20,4,4704.10,2,4704.00,3,4703.90,3,4703.80,3,4703.70,5,4703.60,4,4703.50,4,4703.40,2,4705.20,4,4705.30,5,4705.40,4,4705.50,5,4705.60,4,4705.70,4,4705.80,5,4705.90,5,4706.00,5,4706.10,6,Buy,8,1,9,7.00,7.00,-1.00,0.40,100.0,4704.40,4704.80,4704.40,4704.80,55,73,128,-18.00,8.00,-18.00,1.90,84.2,-42,75,0.0000,0.0000,38.00,52.00,4697.78,0.6635,UP,67.95,1.8837,1.5875
20260824 103804 536,4704.80,1,4704.70,4704.90,0.20,4704.30,2,4704.20,4,4704.10,2,4704.00,3,4703.90,3,4703.80,3,4703.70,5,4703.60,4,4703.50,4,4703.40,2,4705.20,4,4705.30,5,4705.40,4,4705.50,5,4705.60,4,4705.70,4,4705.80,5,4705.90,5,4706.00,5,4706.10,6,Buy,9,1,10,8.00,8.00,-1.00,0.40,100.0,4704.40,4704.80,4704.40,4704.80,55,73,128,-18.00,8.00,-18.00,1.90,84.2,-42,75,0.0000,0.0000,39.00,53.00,4697.78,0.6635,UP,67.95,1.8837,1.5875
20260824 103804 536,4704.80,1,4704.70,4704.90,0.20,4704.30,2,4704.20,4,4704.10,2,4704.00,3,4703.90,3,4703.80,3,4703.70,5,4703.60,4,4703.50,4,4703.40,2,4705.20,4,4705.30,5,4705.40,4,4705.50,5,4705.60,4,4705.70,4,4705.80,5,4705.90,5,4706.00,5,4706.10,6,Buy,10,1,11,9.00,9.00,-1.00,0.40,100.0,4704.40,4704.80,4704.40,4704.80,55,73,128,-18.00,8.00,-18.00,1.90,84.2,-42,75,0.0000,0.0000,40.00,54.00,4697.78,0.6635,UP,67.95,1.8837,1.5875
20260824 103804 536,4704.80,1,4704.70,4704.90,0.20,4704.30,2,4704.20,4,4704.10,2,4704.00,3,4703.90,3,4703.80,3,4703.70,5,4703.60,4,4703.50,4,4703.40,2,4705.20,4,4705.30,5,4705.40,4,4705.50,5,4705.60,4,4705.70,4,4705.80,5,4705.90,5,4706.00,5,4706.10,6,Buy,11,1,12,10.00,10.00,-1.00,0.40,100.0,4704.40,4704.80,4704.40,4704.80,55,73,128,-18.00,8.00,-18.00,1.90,84.2,-42,75,0.0000,0.0000,41.00,55.00,4697.78,0.6635,UP,67.95,1.8837,1.5875
20260824 103804 536,4704.90,1,4704.70,4704.90,0.20,4704.30,2,4704.20,4,4704.10,2,4704.00,3,4703.90,3,4703.80,3,4703.70,5,4703.60,4,4703.50,4,4703.40,2,4705.20,4,4705.30,5,4705.40,4,4705.50,5,4705.60,4,4705.70,4,4705.80,5,4705.90,5,4706.00,5,4706.10,6,Buy,12,1,13,11.00,11.00,-1.00,0.50,100.0,4704.40,4704.90,4704.40,4704.90,55,73,128,-18.00,8.00,-18.00,1.90,84.2,-42,75,0.0000,0.0000,42.00,56.00,4697.79,0.6667,UP,67.95,1.8837,1.5946
20260824 103804 536,4704.90,1,4704.70,4704.90,0.20,4704.30,2,4704.20,4,4704.10,2,4704.00,3,4703.90,3,4703.80,3,4703.70,5,4703.60,4,4703.50,4,4703.40,2,4705.20,4,4705.30,5,4705.40,4,4705.50,5,4705.60,4,4705.70,4,4705.80,5,4705.90,5,4706.00,5,4706.10,6,Buy,13,1,14,12.00,12.00,-1.00,0.50,100.0,4704.40,4704.90,4704.40,4704.90,55,73,128,-18.00,8.00,-18.00,1.90,84.2,-42,75,0.0000,0.0000,43.00,57.00,4697.79,0.6667,UP,67.95,1.8837,1.5946
20260824 103804 536,4704.90,1,4704.70,4704.90,0.20,4704.30,2,4704.20,4,4704.10,2,4704.00,3,4703.90,3,4703.80,3,4703.70,5,4703.60,4,4703.50,4,4703.40,2,4705.20,4,4705.30,5,4705.40,4,4705.50,5,4705.60,4,4705.70,4,4705.80,5,4705.90,5,4706.00,5,4706.10,6,Buy,14,1,15,13.00,13.00,-1.00,0.50,100.0,4704.40,4704.90,4704.40,4704.90,55,73,128,-18.00,8.00,-18.00,1.90,84.2,-42,75,0.0000,0.0000,44.00,58.00,4697.79,0.6667,UP,67.95,1.8837,1.5946
20260824 103804 536,4704.90,1,4704.70,4704.90,0.20,4704.30,2,4704.20,4,4704.10,2,4704.00,3,4703.90,3,4703.80,3,4703.70,5,4703.60,4,4703.50,4,4703.40,2,4705.20,4,4705.30,5,4705.40,4,4705.50,5,4705.60,4,4705.70,4,4705.80,5,4705.90,5,4706.00,5,4706.10,6,Buy,15,1,16,14.00,14.00,-1.00,0.50,100.0,4704.40,4704.90,4704.40,4704.90,55,73,128,-18.00,8.00,-18.00,1.90,84.2,-42,75,0.0000,0.0000,45.00,59.00,4697.79,0.6667,UP,67.95,1.8837,1.5946
20260824 103804 536,4705.00,1,4704.70,4704.90,0.20,4704.30,2,4704.20,4,4704.10,2,4704.00,3,4703.90,3,4703.80,3,4703.70,5,4703.60,4,4703.50,4,4703.40,2,4705.20,4,4705.30,5,4705.40,4,4705.50,5,4705.60,4,4705.70,4,4705.80,5,4705.90,5,4706.00,5,4706.10,6,Buy,16,1,17,15.00,15.00,-1.00,0.60,100.0,4704.40,4705.00,4704.40,4705.00,55,73,128,-18.00,8.00,-18.00,1.90,84.2,-42,75,0.0000,0.0000,46.00,60.00,4697.80,0.6698,UP,67.95,1.8837,1.6017
20260824 103804 536,4705.00,1,4704.70,4704.90,0.20,4704.30,2,4704.20,4,4704.10,2,4704.00,3,4703.90,3,4703.80,3,4703.70,5,4703.60,4,4703.50,4,4703.40,2,4705.20,4,4705.30,5,4705.40,4,4705.50,5,4705.60,4,4705.70,4,4705.80,5,4705.90,5,4706.00,5,4706.10,6,Buy,17,1,18,16.00,16.00,-1.00,0.60,100.0,4704.40,4705.00,4704.40,4705.00,55,73,128,-18.00,8.00,-18.00,1.90,84.2,-42,75,0.0000,0.0000,47.00,61.00,4697.80,0.6698,UP,67.95,1.8837,1.6017
20260824 103804 536,4705.00,1,4704.70,4704.90,0.20,4704.30,2,4704.20,4,4704.10,2,4704.00,3,4703.90,3,4703.80,3,4703.70,5,4703.60,4,4703.50,4,4703.40,2,4705.20,4,4705.30,5,4705.40,4,4705.50,5,4705.60,4,4705.70,4,4705.80,5,4705.90,5,4706.00,5,4706.10,6,Buy,18,1,19,17.00,17.00,-1.00,0.60,100.0,4704.40,4705.00,4704.40,4705.00,55,73,128,-18.00,8.00,-18.00,1.90,84.2,-42,75,0.0000,0.0000,48.00,62.00,4697.80,0.6698,UP,67.95,1.8837,1.6017
20260824 103804 536,4705.00,1,4704.70,4704.90,0.20,4704.30,2,4704.20,4,4704.10,2,4704.00,3,4703.90,3,4703.80,3,4703.70,5,4703.60,4,4703.50,4,4703.40,2,4705.20,4,4705.30,5,4705.40,4,4705.50,5,4705.60,4,4705.70,4,4705.80,5,4705.90,5,4706.00,5,4706.10,6,Buy,19,1,20,18.00,18.00,-1.00,0.60,100.0,4704.40,4705.00,4704.40,4705.00,55,73,128,-18.00,8.00,-18.00,1.90,84.2,-42,75,0.0000,0.0000,49.00,63.00,4697.80,0.6698,UP,67.95,1.8837,1.6017
20260824 103804 536,4705.10,1,4704.70,4704.90,0.20,4704.30,2,4704.20,4,4704.10,2,4704.00,3,4703.90,3,4703.80,3,4703.70,5,4703.60,4,4703.50,4,4703.40,2,4705.20,4,4705.30,5,4705.40,4,4705.50,5,4705.60,4,4705.70,4,4705.80,5,4705.90,5,4706.00,5,4706.10,6,Buy,20,1,21,19.00,19.00,-1.00,0.70,100.0,4704.40,4705.10,4704.40,4705.10,55,73,128,-18.00,8.00,-18.00,1.90,84.2,-42,75,0.0000,0.0000,50.00,64.00,4697.81,0.6730,UP,67.95,1.8837,1.6089
20260824 103804 536,4705.10,1,4704.70,4704.90,0.20,4704.30,2,4704.20,4,4704.10,2,4704.00,3,4703.90,3,4703.80,3,4703.70,5,4703.60,4,4703.50,4,4703.40,2,4705.20,4,4705.30,5,4705.40,4,4705.50,5,4705.60,4,4705.70,4,4705.80,5,4705.90,5,4706.00,5,4706.10,6,Buy,21,1,22,20.00,20.00,-1.00,0.70,100.0,4704.40,4705.10,4704.40,4705.10,55,73,128,-18.00,8.00,-18.00,1.90,84.2,-42,75,0.0000,0.0000,51.00,65.00,4697.81,0.6730,UP,67.95,1.8837,1.6089
20260824 103804 536,4705.10,1,4704.70,4704.90,0.20,4704.30,2,4704.20,4,4704.10,2,4704.00,3,4703.90,3,4703.80,3,4703.70,5,4703.60,4,4703.50,4,4703.40,2,4705.20,4,4705.30,5,4705.40,4,4705.50,5,4705.60,4,4705.70,4,4705.80,5,4705.90,5,4706.00,5,4706.10,6,Buy,22,1,23,21.00,21.00,-1.00,0.70,100.0,4704.40,4705.10,4704.40,4705.10,55,73,128,-18.00,8.00,-18.00,1.90,84.2,-42,75,0.0000,0.0000,52.00,66.00,4697.81,0.6730,UP,67.95,1.8837,1.6089
20260824 103804 536,4705.10,1,4704.70,4704.90,0.20,4704.30,2,4704.20,4,4704.10,2,4704.00,3,4703.90,3,4703.80,3,4703.70,5,4703.60,4,4703.50,4,4703.40,2,4705.20,4,4705.30,5,4705.40,4,4705.50,5,4705.60,4,4705.70,4,4705.80,5,4705.90,5,4706.00,5,4706.10,6,Buy,23,1,24,22.00,22.00,-1.00,0.70,100.0,4704.40,4705.10,4704.40,4705.10,55,73,128,-18.00,8.00,-18.00,1.90,84.2,-42,75,0.0000,0.0000,53.00,67.00,4697.81,0.6730,UP,67.95,1.8837,1.6089
20260824 103804 536,4705.20,1,4704.70,4704.90,0.20,4704.30,2,4704.20,4,4704.10,2,4704.00,3,4703.90,3,4703.80,3,4703.70,5,4703.60,4,4703.50,4,4703.40,2,4705.20,4,4705.30,5,4705.40,4,4705.50,5,4705.60,4,4705.70,4,4705.80,5,4705.90,5,4706.00,5,4706.10,6,Buy,24,1,25,23.00,23.00,-1.00,0.80,100.0,4704.40,4705.20,4704.40,4705.20,55,73,128,-18.00,8.00,-18.00,1.90,84.2,-42,75,0.0000,0.0000,54.00,68.00,4697.82,0.6762,UP,67.95,1.8837,1.6160
20260824 103804 539,4704.90,1,4704.70,4704.90,0.20,4704.30,2,4704.20,4,4704.10,2,4704.00,3,4703.90,3,4703.80,3,4703.70,5,4703.60,4,4703.50,4,4703.40,2,4705.20,4,4705.30,5,4705.40,4,4705.50,5,4705.60,4,4705.70,4,4705.80,5,4705.90,5,4706.00,5,4706.10,6,Sell,24,2,26,22.00,23.00,-1.00,0.80,62.5,4704.40,4705.20,4704.40,4704.90,55,73,128,-18.00,8.00,-18.00,1.90,84.2,-42,75,0.0000,0.0455,53.00,67.00,4697.79,0.6667,UP,67.95,1.8837,1.6160
20260824 103804 544,4704.80,1,4704.70,4704.90,0.20,4704.30,2,4704.20,4,4704.10,2,4704.00,3,4703.90,3,4703.80,3,4703.70,5,4703.60,4,4703.50,4,4703.40,2,4705.20,4,4705.30,5,4705.40,4,4705.50,5,4705.60,4,4705.70,4,4705.80,5,4705.90,5,4706.00,5,4706.10,6,Sell,24,3,27,21.00,23.00,-1.00,0.80,50.0,4704.40,4705.20,4704.40,4704.80,55,73,128,-18.00,8.00,-18.00,1.90,84.2,-42,75,0.0000,0.0952,52.00,66.00,4697.78,0.6635,UP,67.95,1.8837,1.6160
20260824 103804 547,4704.70,1,4704.70,4704.90,0.20,4704.30,2,4704.20,4,4704.10,2,4704.00,3,4703.90,3,4703.80,3,4703.70,5,4703.60,4,4703.50,4,4703.40,2,4705.20,4,4705.30,5,4705.40,4,4705.50,5,4705.60,4,4705.70,4,4705.80,5,4705.90,5,4706.00,5,4706.10,6,Sell,24,4,28,20.00,23.00,-1.00,0.80,37.5,4704.40,4705.20,4704.40,4704.70,55,73,128,-18.00,8.00,-18.00,1.90,84.2,-42,75,0.0000,0.1500,51.00,65.00,4697.77,0.6603,UP,67.95,1.8837,1.6160
20260824 103806 512,4705.10,1,4704.80,4705.20,0.40,4704.80,1,4704.70,2,4704.60,3,4704.50,3,4704.40,8,4704.30,6,4704.20,5,4704.10,4,4704.00,2,4703.90,4,4705.20,2,4705.30,4,4705.40,4,4705.50,4,4705.60,2,4705.70,5,4705.80,3,4705.90,5,4706.00,5,4706.10,5,Buy,25,4,29,21.00,23.00,-1.00,0.80,87.5,4704.40,4705.20,4704.40,4705.10,55,73,128,-18.00,8.00,-18.00,1.90,84.2,-42,75,0.0000,0.0952,52.00,66.00,4697.81,0.6730,UP,67.95,1.8837,1.6160
20260824 103811 828,4705.40,1,4705.40,4705.70,0.30,4705.40,1,4705.30,2,4705.20,1,4705.10,3,4705.00,2,4704.90,2,4704.80,2,4704.70,6,4704.60,4,4704.50,6,4705.70,2,4705.80,6,4705.90,3,4706.00,4,4706.10,4,4706.20,4,4706.30,6,4706.40,8,4706.50,4,4706.60,5,Sell,25,5,30,20.00,23.00,-1.00,1.00,100.0,4704.40,4705.40,4704.40,4705.40,55,73,128,-18.00,8.00,-18.00,1.90,84.2,-42,75,0.0000,0.1500,51.00,65.00,4697.84,0.6825,UP,67.95,1.8837,1.6303
20260824 103815 550,4705.80,1,4705.60,4705.80,0.20,4705.60,3,4705.40,2,4705.30,3,4705.20,1,4705.10,6,4705.00,3,4704.90,2,4704.80,2,4704.70,6,4704.60,3,4705.80,1,4706.00,1,4706.10,5,4706.20,3,4706.30,5,4706.40,7,4706.50,3,4706.60,5,4706.70,5,4706.80,9,Buy,26,5,31,21.00,23.00,-1.00,1.40,100.0,4704.40,4705.80,4704.40,4705.80,55,73,128,-18.00,8.00,-18.00,1.90,84.2,-42,75,0.0000,0.0952,52.00,66.00,4697.88,0.6952,UP,67.95,1.8837,1.6589
20260824 103815 581,4705.80,1,4705.50,4705.90,0.40,4705.50,2,4705.40,1,4705.30,4,4705.20,2,4705.10,6,4705.00,3,4704.90,2,4704.80,2,4704.70,6,4704.60,3,4705.90,3,4706.00,5,4706.10,2,4706.20,4,4706.30,4,4706.40,7,4706.50,3,4706.60,6,4706.70,5,4706.80,7,Sell,26,6,32,20.00,23.00,-1.00,1.40,100.0,4704.40,4705.80,4704.40,4705.80,55,73,128,-18.00,8.00,-18.00,1.90,84.2,-42,75,0.0000,0.1500,51.00,65.00,4697.88,0.6952,UP,67.95,1.8837,1.6589
20260824 103816 037,4705.90,1,4705.90,4706.00,0.10,4705.70,1,4705.60,2,4705.50,2,4705.40,1,4705.30,3,4705.20,2,4705.10,6,4705.00,3,4704.90,2,4704.80,2,4705.90,1,4706.00,4,4706.10,2,4706.20,4,4706.30,4,4706.40,6,4706.50,3,4706.60,6,4706.70,5,4706.80,7,Buy,27,6,33,21.00,23.00,-1.00,1.50,100.0,4704.40,4705.90,4704.40,4705.90,55,73,128,-18.00,8.00,-18.00,1.90,84.2,-42,75,0.0000,0.0952,52.00,66.00,4697.89,0.6984,UP,67.95,1.8837,1.6660
20260824 103816 037,4705.90,1,4705.90,4706.00,0.10,4705.70,1,4705.60,2,4705.50,2,4705.40,1,4705.30,3,4705.20,2,4705.10,6,4705.00,3,4704.90,2,4704.80,2,4705.90,1,4706.00,4,4706.10,2,4706.20,4,4706.30,4,4706.40,6,4706.50,3,4706.60,6,4706.70,5,4706.80,7,Buy,28,6,34,22.00,23.00,-1.00,1.50,100.0,4704.40,4705.90,4704.40,4705.90,55,73,128,-18.00,8.00,-18.00,1.90,84.2,-42,75,0.0000,0.0455,53.00,67.00,4697.89,0.6984,UP,67.95,1.8837,1.6660
20260824 103816 038,4705.90,1,4705.90,4706.00,0.10,4705.70,1,4705.60,2,4705.50,2,4705.40,1,4705.30,3,4705.20,2,4705.10,6,4705.00,3,4704.90,2,4704.80,2,4705.90,1,4706.00,4,4706.10,2,4706.20,4,4706.30,4,4706.40,6,4706.50,3,4706.60,6,4706.70,5,4706.80,7,Buy,29,6,35,23.00,23.00,-1.00,1.50,100.0,4704.40,4705.90,4704.40,4705.90,55,73,128,-18.00,8.00,-18.00,1.90,84.2,-42,75,0.0000,0.0000,54.00,68.00,4697.89,0.6984,UP,67.95,1.8837,1.6660
20260824 103816 039,4706.00,1,4705.90,4706.00,0.10,4705.70,1,4705.60,2,4705.50,2,4705.40,1,4705.30,3,4705.20,2,4705.10,6,4705.00,3,4704.90,2,4704.80,2,4705.90,1,4706.00,4,4706.10,2,4706.20,4,4706.30,4,4706.40,6,4706.50,3,4706.60,6,4706.70,5,4706.80,7,Buy,30,6,36,24.00,24.00,-1.00,1.60,100.0,4704.40,4706.00,4704.40,4706.00,55,73,128,-18.00,8.00,-18.00,1.90,84.2,-42,75,0.0000,0.0000,55.00,69.00,4697.90,0.7016,UP,67.95,1.8837,1.6732
20260824 103816 039,4706.00,1,4705.90,4706.00,0.10,4705.70,1,4705.60,2,4705.50,2,4705.40,1,4705.30,3,4705.20,2,4705.10,6,4705.00,3,4704.90,2,4704.80,2,4705.90,1,4706.00,4,4706.10,2,4706.20,4,4706.30,4,4706.40,6,4706.50,3,4706.60,6,4706.70,5,4706.80,7,Buy,31,6,37,25.00,25.00,-1.00,1.60,100.0,4704.40,4706.00,4704.40,4706.00,55,73,128,-18.00,8.00,-18.00,1.90,84.2,-42,75,0.0000,0.0000,56.00,70.00,4697.90,0.7016,UP,67.95,1.8837,1.6732
20260824 103816 039,4706.00,1,4705.90,4706.00,0.10,4705.70,1,4705.60,2,4705.50,2,4705.40,1,4705.30,3,4705.20,2,4705.10,6,4705.00,3,4704.90,2,4704.80,2,4705.90,1,4706.00,4,4706.10,2,4706.20,4,4706.30,4,4706.40,6,4706.50,3,4706.60,6,4706.70,5,4706.80,7,Buy,32,6,38,26.00,26.00,-1.00,1.60,100.0,4704.40,4706.00,4704.40,4706.00,55,73,128,-18.00,8.00,-18.00,1.90,84.2,-42,75,0.0000,0.0000,57.00,71.00,4697.90,0.7016,UP,67.95,1.8837,1.6732
20260824 103816 044,4706.00,1,4705.90,4706.00,0.10,4705.70,1,4705.60,2,4705.50,2,4705.40,1,4705.30,3,4705.20,2,4705.10,6,4705.00,3,4704.90,2,4704.80,2,4705.90,1,4706.00,4,4706.10,2,4706.20,4,4706.30,4,4706.40,6,4706.50,3,4706.60,6,4706.70,5,4706.80,7,Buy,33,6,39,27.00,27.00,-1.00,1.60,100.0,4704.40,4706.00,4704.40,4706.00,55,73,128,-18.00,8.00,-18.00,1.90,84.2,-42,75,0.0000,0.0000,58.00,72.00,4697.90,0.7016,UP,67.95,1.8837,1.6732
20260824 103816 048,4706.00,1,4705.70,4705.90,0.20,4705.70,2,4705.60,1,4705.50,4,4705.40,2,4705.30,6,4705.20,2,4705.10,5,4705.00,4,4704.90,2,4704.80,3,4706.00,1,4706.10,3,4706.20,5,4706.30,2,4706.40,8,4706.50,3,4706.60,6,4706.70,5,4706.80,7,4706.90,6,Buy,34,6,40,28.00,28.00,-1.00,1.60,100.0,4704.40,4706.00,4704.40,4706.00,55,73,128,-18.00,8.00,-18.00,1.90,84.2,-42,75,0.0000,0.0000,59.00,73.00,4697.90,0.7016,UP,67.95,1.8837,1.6732
20260824 103816 049,4705.90,1,4705.70,4705.90,0.20,4705.70,2,4705.60,1,4705.50,4,4705.40,2,4705.30,6,4705.20,2,4705.10,5,4705.00,4,4704.90,2,4704.80,3,4706.00,1,4706.10,3,4706.20,5,4706.30,2,4706.40,8,4706.50,3,4706.60,6,4706.70,5,4706.80,7,4706.90,6,Sell,34,7,41,27.00,28.00,-1.00,1.60,93.7,4704.40,4706.00,4704.40,4705.90,55,73,128,-18.00,8.00,-18.00,1.90,84.2,-42,75,0.0000,0.0370,58.00,72.00,4697.89,0.6984,UP,67.95,1.8837,1.6732
20260824 103816 049,4705.90,1,4705.70,4705.90,0.20,4705.70,2,4705.60,1,4705.50,4,4705.40,2,4705.30,6,4705.20,2,4705.10,5,4705.00,4,4704.90,2,4704.80,3,4706.00,1,4706.10,3,4706.20,5,4706.30,2,4706.40,8,4706.50,3,4706.60,6,4706.70,5,4706.80,7,4706.90,6,Sell,34,8,42,26.00,28.00,-1.00,1.60,93.7,4704.40,4706.00,4704.40,4705.90,55,73,128,-18.00,8.00,-18.00,1.90,84.2,-42,75,0.0000,0.0769,57.00,71.00,4697.89,0.6984,UP,67.95,1.8837,1.6732
20260824 103816 049,4705.90,1,4705.70,4705.90,0.20,4705.70,2,4705.60,1,4705.50,4,4705.40,2,4705.30,6,4705.20,2,4705.10,5,4705.00,4,4704.90,2,4704.80,3,4706.00,1,4706.10,3,4706.20,5,4706.30,2,4706.40,8,4706.50,3,4706.60,6,4706.70,5,4706.80,7,4706.90,6,Sell,34,9,43,25.00,28.00,-1.00,1.60,93.7,4704.40,4706.00,4704.40,4705.90,55,73,128,-18.00,8.00,-18.00,1.90,84.2,-42,75,0.0000,0.1200,56.00,70.00,4697.89,0.6984,UP,67.95,1.8837,1.6732
20260824 103816 049,4705.90,1,4705.70,4705.90,0.20,4705.70,2,4705.60,1,4705.50,4,4705.40,2,4705.30,6,4705.20,2,4705.10,5,4705.00,4,4704.90,2,4704.80,3,4706.00,1,4706.10,3,4706.20,5,4706.30,2,4706.40,8,4706.50,3,4706.60,6,4706.70,5,4706.80,7,4706.90,6,Sell,34,10,44,24.00,28.00,-1.00,1.60,93.7,4704.40,4706.00,4704.40,4705.90,55,73,128,-18.00,8.00,-18.00,1.90,84.2,-42,75,0.0000,0.1667,55.00,69.00,4697.89,0.6984,UP,67.95,1.8837,1.6732
20260824 103816 050,4705.90,1,4705.70,4705.90,0.20,4705.70,2,4705.60,1,4705.50,4,4705.40,2,4705.30,6,4705.20,2,4705.10,5,4705.00,4,4704.90,2,4704.80,3,4706.00,1,4706.10,3,4706.20,5,4706.30,2,4706.40,8,4706.50,3,4706.60,6,4706.70,5,4706.80,7,4706.90,6,Sell,34,11,45,23.00,28.00,-1.00,1.60,93.7,4704.40,4706.00,4704.40,4705.90,55,73,128,-18.00,8.00,-18.00,1.90,84.2,-42,75,0.0000,0.2174,54.00,68.00,4697.89,0.6984,UP,67.95,1.8837,1.6732
20260824 103816 050,4705.90,1,4705.70,4705.90,0.20,4705.70,2,4705.60,1,4705.50,4,4705.40,2,4705.30,6,4705.20,2,4705.10,5,4705.00,4,4704.90,2,4704.80,3,4706.00,1,4706.10,3,4706.20,5,4706.30,2,4706.40,8,4706.50,3,4706.60,6,4706.70,5,4706.80,7,4706.90,6,Sell,34,12,46,22.00,28.00,-1.00,1.60,93.7,4704.40,4706.00,4704.40,4705.90,55,73,128,-18.00,8.00,-18.00,1.90,84.2,-42,75,0.0000,0.2727,53.00,67.00,4697.89,0.6984,UP,67.95,1.8837,1.6732
20260824 103816 051,4705.80,1,4705.70,4705.90,0.20,4705.70,2,4705.60,1,4705.50,4,4705.40,2,4705.30,6,4705.20,2,4705.10,5,4705.00,4,4704.90,2,4704.80,3,4706.00,1,4706.10,3,4706.20,5,4706.30,2,4706.40,8,4706.50,3,4706.60,6,4706.70,5,4706.80,7,4706.90,6,Sell,34,13,47,21.00,28.00,-1.00,1.60,87.5,4704.40,4706.00,4704.40,4705.80,55,73,128,-18.00,8.00,-18.00,1.90,84.2,-42,75,0.0000,0.3333,52.00,66.00,4697.88,0.6952,UP,67.95,1.8837,1.6732
20260824 103816 052,4705.90,1,4705.70,4705.90,0.20,4705.70,2,4705.60,1,4705.50,4,4705.40,2,4705.30,6,4705.20,2,4705.10,5,4705.00,4,4704.90,2,4704.80,3,4706.00,1,4706.10,3,4706.20,5,4706.30,2,4706.40,8,4706.50,3,4706.60,6,4706.70,5,4706.80,7,4706.90,6,Sell,34,14,48,20.00,28.00,-1.00,1.60,93.7,4704.40,4706.00,4704.40,4705.90,55,73,128,-18.00,8.00,-18.00,1.90,84.2,-42,75,0.0000,0.4000,51.00,65.00,4697.89,0.6984,UP,67.95,1.8837,1.6732
20260824 103816 086,4705.90,1,4705.70,4705.90,0.20,4705.70,2,4705.60,1,4705.50,4,4705.40,2,4705.30,6,4705.20,2,4705.10,5,4705.00,4,4704.90,2,4704.80,3,4706.00,1,4706.10,3,4706.20,5,4706.30,2,4706.40,8,4706.50,3,4706.60,6,4706.70,5,4706.80,7,4706.90,6,Buy,35,14,49,21.00,28.00,-1.00,1.60,93.7,4704.40,4706.00,4704.40,4705.90,55,73,128,-18.00,8.00,-18.00,1.90,84.2,-42,75,0.0000,0.3333,52.00,66.00,4697.89,0.6984,UP,67.95,1.8837,1.6732
20260824 103818 214,4705.90,1,4705.90,4706.00,0.10,4705.90,1,4705.70,2,4705.60,1,4705.50,3,4705.40,2,4705.30,6,4705.20,3,4705.10,5,4705.00,3,4704.90,2,4706.00,1,4706.10,3,4706.20,5,4706.30,2,4706.40,8,4706.50,3,4706.60,5,4706.70,5,4706.80,7,4706.90,6,Sell,35,15,50,20.00,28.00,-1.00,1.60,93.7,4704.40,4706.00,4704.40,4705.90,55,73,128,-18.00,8.00,-18.00,1.90,84.2,-42,75,0.0000,0.4000,51.00,65.00,4697.89,0.6984,UP,67.95,1.8837,1.6732
20260824 103820 020,4705.80,1,4705.80,4706.10,0.30,4705.80,1,4705.70,1,4705.60,2,4705.50,5,4705.40,3,4705.30,7,4705.20,2,4705.10,5,4705.00,4,4704.90,2,4706.10,1,4706.20,3,4706.30,3,4706.40,7,4706.50,4,4706.60,5,4706.70,5,4706.80,7,4706.90,6,4707.00,6,Sell,35,16,51,19.00,28.00,-1.00,1.60,87.5,4704.40,4706.00,4704.40,4705.80,55,73,128,-18.00,8.00,-18.00,1.90,84.2,-42,75,0.0000,0.4737,50.00,64.00,4697.88,0.6952,UP,67.95,1.8837,1.6732
20260824 103824 986,4706.10,1,4705.70,4706.10,0.40,4705.70,2,4705.60,3,4705.50,2,4705.40,3,4705.30,7,4705.20,2,4705.10,5,4705.00,4,4704.90,2,4704.80,3,4706.10,1,4706.20,5,4706.30,3,4706.40,7,4706.50,3,4706.60,5,4706.70,5,4706.80,8,4706.90,6,4707.00,7,Buy,36,16,52,20.00,28.00,-1.00,1.70,100.0,4704.40,4706.10,4704.40,4706.10,55,73,128,-18.00,8.00,-18.00,1.90,84.2,-42,75,0.0000,0.4000,51.00,65.00,4697.91,0.7048,UP,67.95,1.8837,1.6803
20260824 103824 986,4706.10,1,4705.70,4706.10,0.40,4705.70,2,4705.60,3,4705.50,2,4705.40,3,4705.30,7,4705.20,2,4705.10,5,4705.00,4,4704.90,2,4704.80,3,4706.10,1,4706.20,5,4706.30,3,4706.40,7,4706.50,3,4706.60,5,4706.70,5,4706.80,8,4706.90,6,4707.00,7,Buy,37,16,53,21.00,28.00,-1.00,1.70,100.0,4704.40,4706.10,4704.40,4706.10,55,73,128,-18.00,8.00,-18.00,1.90,84.2,-42,75,0.0000,0.3333,52.00,66.00,4697.91,0.7048,UP,67.95,1.8837,1.6803
20260824 103825 860,4706.30,1,4706.00,4706.30,0.30,4706.00,1,4705.90,2,4705.80,3,4705.70,4,4705.60,5,4705.50,3,4705.40,3,4705.30,7,4705.20,2,4705.10,5,4706.30,1,4706.40,2,4706.50,5,4706.60,5,4706.70,4,4706.80,5,4706.90,5,4707.00,5,4707.10,8,4707.20,7,Buy,38,16,54,22.00,28.00,-1.00,1.90,100.0,4704.40,4706.30,4704.40,4706.30,55,73,128,-18.00,8.00,-18.00,1.90,84.2,-42,75,0.0000,0.2727,53.00,67.00,4697.93,0.7111,UP,67.95,1.8837,1.6946
20260824 103826 175,4706.40,1,4706.10,4706.40,0.30,4706.10,1,4706.00,3,4705.90,2,4705.80,3,4705.70,6,4705.60,5,4705.50,3,4705.40,3,4705.30,8,4705.20,3,4706.40,5,4706.50,2,4706.60,6,4706.70,2,4706.80,5,4706.90,5,4707.00,5,4707.10,6,4707.20,6,4707.30,5,Buy,39,16,55,23.00,28.00,-1.00,2.00,100.0,4704.40,4706.40,4704.40,4706.40,55,73,128,-18.00,8.00,-18.00,1.90,84.2,-42,75,0.0000,0.2174,54.00,68.00,4697.94,0.7143,UP,67.95,1.8837,1.7017
20260824 103826 176,4706.40,1,4706.10,4706.40,0.30,4706.10,1,4706.00,3,4705.90,2,4705.80,3,4705.70,6,4705.60,5,4705.50,3,4705.40,3,4705.30,8,4705.20,3,4706.40,5,4706.50,2,4706.60,6,4706.70,2,4706.80,5,4706.90,5,4707.00,5,4707.10,6,4707.20,6,4707.30,5,Buy,40,16,56,24.00,28.00,-1.00,2.00,100.0,4704.40,4706.40,4704.40,4706.40,55,73,128,-18.00,8.00,-18.00,1.90,84.2,-42,75,0.0000,0.1667,55.00,69.00,4697.94,0.7143,UP,67.95,1.8837,1.7017
20260824 103826 182,4706.40,1,4706.10,4706.40,0.30,4706.10,1,4706.00,3,4705.90,2,4705.80,3,4705.70,6,4705.60,5,4705.50,3,4705.40,3,4705.30,8,4705.20,3,4706.40,5,4706.50,2,4706.60,6,4706.70,2,4706.80,5,4706.90,5,4707.00,5,4707.10,6,4707.20,6,4707.30,5,Buy,41,16,57,25.00,28.00,-1.00,2.00,100.0,4704.40,4706.40,4704.40,4706.40,55,73,128,-18.00,8.00,-18.00,1.90,84.2,-42,75,0.0000,0.1200,56.00,70.00,4697.94,0.7143,UP,67.95,1.8837,1.7017
20260824 103826 186,4706.40,1,4706.10,4706.40,0.30,4706.10,1,4706.00,3,4705.90,2,4705.80,3,4705.70,6,4705.60,5,4705.50,3,4705.40,3,4705.30,8,4705.20,3,4706.40,5,4706.50,2,4706.60,6,4706.70,2,4706.80,5,4706.90,5,4707.00,5,4707.10,6,4707.20,6,4707.30,5,Buy,42,16,58,26.00,28.00,-1.00,2.00,100.0,4704.40,4706.40,4704.40,4706.40,55,73,128,-18.00,8.00,-18.00,1.90,84.2,-42,75,0.0000,0.0769,57.00,71.00,4697.94,0.7143,UP,67.95,1.8837,1.7017
20260824 103826 203,4706.30,1,4706.10,4706.40,0.30,4706.10,1,4706.00,3,4705.90,2,4705.80,3,4705.70,6,4705.60,5,4705.50,3,4705.40,3,4705.30,8,4705.20,3,4706.40,6,4706.50,2,4706.60,6,4706.70,2,4706.80,5,4706.90,5,4707.00,5,4707.10,6,4707.20,7,4707.30,5,Sell,42,17,59,25.00,28.00,-1.00,2.00,95.0,4704.40,4706.40,4704.40,4706.30,55,73,128,-18.00,8.00,-18.00,1.90,84.2,-42,75,0.0000,0.1200,56.00,70.00,4697.93,0.7111,UP,67.95,1.8837,1.7017
20260824 103826 387,4706.10,1,4706.10,4706.40,0.30,4706.10,1,4706.00,1,4705.90,3,4705.80,3,4705.70,6,4705.60,5,4705.50,3,4705.40,3,4705.30,8,4705.20,3,4706.40,5,4706.50,2,4706.60,5,4706.70,2,4706.80,6,4706.90,4,4707.00,5,4707.10,6,4707.20,7,4707.30,5,Sell,42,18,60,24.00,28.00,-1.00,2.00,85.0,4704.40,4706.40,4704.40,4706.10,55,73,128,-18.00,8.00,-18.00,1.90,84.2,-42,75,0.0000,0.1667,55.00,69.00,4697.91,0.7048,UP,67.95,1.8837,1.7017
20260824 103826 512,4706.10,1,4705.90,4706.10,0.20,4706.10,2,4706.00,3,4705.90,3,4705.80,2,4705.70,5,4705.60,6,4705.50,3,4705.40,3,4705.30,8,4705.20,3,4706.30,1,4706.40,5,4706.60,5,4706.70,2,4706.80,6,4706.90,5,4707.00,5,4707.10,7,4707.20,7,4707.30,6,Sell,42,19,61,23.00,28.00,-1.00,2.00,85.0,4704.40,4706.40,4704.40,4706.10,55,73,128,-18.00,8.00,-18.00,1.90,84.2,-42,75,0.0000,0.2174,54.00,68.00,4697.91,0.7048,UP,67.95,1.8837,1.7017
20260824 103826 512,4706.10,1,4705.90,4706.10,0.20,4706.10,2,4706.00,3,4705.90,3,4705.80,2,4705.70,5,4705.60,6,4705.50,3,4705.40,3,4705.30,8,4705.20,3,4706.30,1,4706.40,5,4706.60,5,4706.70,2,4706.80,6,4706.90,5,4707.00,5,4707.10,7,4707.20,7,4707.30,6,Sell,42,20,62,22.00,28.00,-1.00,2.00,85.0,4704.40,4706.40,4704.40,4706.10,55,73,128,-18.00,8.00,-18.00,1.90,84.2,-42,75,0.0000,0.2727,53.00,67.00,4697.91,0.7048,UP,67.95,1.8837,1.7017
20260824 103826 525,4705.90,1,4705.90,4706.10,0.20,4706.10,2,4706.00,3,4705.90,3,4705.80,2,4705.70,5,4705.60,6,4705.50,3,4705.40,3,4705.30,8,4705.20,3,4706.30,1,4706.40,5,4706.60,5,4706.70,2,4706.80,6,4706.90,5,4707.00,5,4707.10,7,4707.20,7,4707.30,6,Sell,42,21,63,21.00,28.00,-1.00,2.00,75.0,4704.40,4706.40,4704.40,4705.90,55,73,128,-18.00,8.00,-18.00,1.90,84.2,-42,75,0.0000,0.3333,52.00,66.00,4697.89,0.6984,UP,67.95,1.8837,1.7017
20260824 103829 567,4706.00,1,4705.80,4706.10,0.30,4705.80,1,4705.70,3,4705.60,2,4705.50,4,4705.40,5,4705.30,8,4705.20,2,4705.10,5,4705.00,4,4704.90,2,4706.10,3,4706.20,5,4706.30,5,4706.40,6,4706.50,2,4706.60,5,4706.70,4,4706.80,8,4706.90,7,4707.00,6,Sell,42,22,64,20.00,28.00,-1.00,2.00,80.0,4704.40,4706.40,4704.40,4706.00,55,73,128,-18.00,8.00,-18.00,1.90,84.2,-42,75,0.0000,0.4000,51.00,65.00,4697.90,0.7016,UP,67.95,1.8837,1.7017
20260824 103829 599,4706.00,1,4705.80,4706.10,0.30,4705.80,1,4705.70,3,4705.60,2,4705.50,4,4705.40,5,4705.30,8,4705.20,2,4705.10,5,4705.00,4,4704.90,2,4706.10,3,4706.20,5,4706.30,5,4706.40,6,4706.50,2,4706.60,5,4706.70,4,4706.80,8,4706.90,7,4707.00,6,Sell,42,23,65,19.00,28.00,-1.00,2.00,80.0,4704.40,4706.40,4704.40,4706.00,55,73,128,-18.00,8.00,-18.00,1.90,84.2,-42,75,0.0000,0.4737,50.00,64.00,4697.90,0.7016,UP,67.95,1.8837,1.7017
20260824 103829 601,4706.10,1,4705.80,4706.10,0.30,4705.80,1,4705.70,3,4705.60,2,4705.50,4,4705.40,5,4705.30,8,4705.20,2,4705.10,5,4705.00,4,4704.90,2,4706.10,3,4706.20,5,4706.30,5,4706.40,6,4706.50,2,4706.60,5,4706.70,4,4706.80,8,4706.90,7,4707.00,6,Sell,42,24,66,18.00,28.00,-1.00,2.00,85.0,4704.40,4706.40,4704.40,4706.10,55,73,128,-18.00,8.00,-18.00,1.90,84.2,-42,75,0.0000,0.5556,49.00,63.00,4697.91,0.7048,UP,67.95,1.8837,1.7017
20260824 103829 607,4705.90,1,4705.80,4706.10,0.30,4705.80,1,4705.70,3,4705.60,2,4705.50,4,4705.40,5,4705.30,8,4705.20,2,4705.10,5,4705.00,4,4704.90,2,4706.10,3,4706.20,5,4706.30,5,4706.40,6,4706.50,2,4706.60,5,4706.70,4,4706.80,8,4706.90,7,4707.00,6,Sell,42,25,67,17.00,28.00,-1.00,2.00,75.0,4704.40,4706.40,4704.40,4705.90,55,73,128,-18.00,8.00,-18.00,1.90,84.2,-42,75,0.0000,0.6471,48.00,62.00,4697.89,0.6984,UP,67.95,1.8837,1.7017
20260824 103832 247,4705.90,1,4705.90,4706.30,0.40,4705.90,2,4705.80,4,4705.70,2,4705.60,4,4705.50,5,4705.40,4,4705.30,8,4705.20,2,4705.10,5,4705.00,4,4706.30,4,4706.40,6,4706.50,2,4706.60,5,4706.70,3,4706.80,8,4706.90,7,4707.00,6,4707.10,7,4707.20,7,Buy,43,25,68,18.00,28.00,-1.00,2.00,75.0,4704.40,4706.40,4704.40,4705.90,55,73,128,-18.00,8.00,-18.00,1.90,84.2,-42,75,0.0000,0.5556,49.00,63.00,4697.89,0.6984,UP,67.95,1.8837,1.7017
20260824 103832 251,4706.00,1,4705.90,4706.30,0.40,4705.90,2,4705.80,4,4705.70,2,4705.60,4,4705.50,5,4705.40,4,4705.30,8,4705.20,2,4705.10,5,4705.00,4,4706.30,4,4706.40,6,4706.50,2,4706.60,5,4706.70,3,4706.80,8,4706.90,7,4707.00,6,4707.10,7,4707.20,7,Buy,44,25,69,19.00,28.00,-1.00,2.00,80.0,4704.40,4706.40,4704.40,4706.00,55,73,128,-18.00,8.00,-18.00,1.90,84.2,-42,75,0.0000,0.4737,50.00,64.00,4697.90,0.7016,UP,67.95,1.8837,1.7017
20260824 103832 367,4706.30,1,4706.00,4706.30,0.30,4706.00,1,4705.90,2,4705.80,3,4705.70,2,4705.60,4,4705.50,5,4705.40,4,4705.30,8,4705.20,2,4705.10,5,4706.30,2,4706.40,6,4706.50,2,4706.60,4,4706.70,4,4706.80,7,4706.90,6,4707.00,6,4707.10,7,4707.20,7,Buy,45,25,70,20.00,28.00,-1.00,2.00,95.0,4704.40,4706.40,4704.40,4706.30,55,73,128,-18.00,8.00,-18.00,1.90,84.2,-42,75,0.0000,0.4000,51.00,65.00,4697.93,0.7111,UP,67.95,1.8837,1.7017
20260824 103832 510,4706.00,1,4705.90,4706.20,0.30,4705.90,1,4705.80,2,4705.70,2,4705.60,4,4705.50,4,4705.40,5,4705.30,8,4705.20,2,4705.10,5,4705.00,4,4706.20,3,4706.30,3,4706.40,6,4706.50,2,4706.60,5,4706.70,3,4706.80,8,4706.90,6,4707.00,6,4707.10,7,Sell,45,26,71,19.00,28.00,-1.00,2.00,80.0,4704.40,4706.40,4704.40,4706.00,55,73,128,-18.00,8.00,-18.00,1.90,84.2,-42,75,0.0000,0.4737,50.00,64.00,4697.90,0.7016,UP,67.95,1.8837,1.7017
20260824 103833 916,4706.00,1,4705.90,4706.20,0.30,4705.90,2,4705.80,1,4705.70,3,4705.60,4,4705.50,5,4705.40,4,4705.30,8,4705.20,2,4705.10,5,4705.00,4,4706.20,2,4706.30,6,4706.40,6,4706.50,2,4706.60,5,4706.70,3,4706.80,8,4706.90,6,4707.00,6,4707.10,7,Sell,45,27,72,18.00,28.00,-1.00,2.00,80.0,4704.40,4706.40,4704.40,4706.00,55,73,128,-18.00,8.00,-18.00,1.90,84.2,-42,75,0.0000,0.5556,49.00,63.00,4697.90,0.7016,UP,67.95,1.8837,1.7017
20260824 103837 575,4706.00,1,4705.90,4706.10,0.20,4705.90,1,4705.80,1,4705.70,2,4705.60,4,4705.50,4,4705.40,5,4705.30,8,4705.20,2,4705.10,5,4705.00,4,4706.10,1,4706.20,2,4706.30,7,4706.40,4,4706.50,2,4706.60,6,4706.70,4,4706.80,8,4706.90,6,4707.00,6,Sell,45,28,73,17.00,28.00,-1.00,2.00,80.0,4704.40,4706.40,4704.40,4706.00,55,73,128,-18.00,8.00,-18.00,1.90,84.2,-42,75,0.0000,0.6471,48.00,62.00,4697.90,0.7016,UP,67.95,1.8837,1.7017
20260824 103840 791,4706.20,1,4706.00,4706.30,0.30,4706.00,2,4705.90,2,4705.80,4,4705.70,1,4705.60,5,4705.50,4,4705.40,4,4705.30,8,4705.20,2,4705.10,5,4706.30,3,4706.40,4,4706.50,4,4706.60,6,4706.70,4,4706.80,7,4706.90,6,4707.00,6,4707.10,7,4707.20,7,Buy,46,28,74,18.00,28.00,-1.00,2.00,90.0,4704.40,4706.40,4704.40,4706.20,55,73,128,-18.00,8.00,-18.00,1.90,84.2,-42,75,0.0000,0.5556,49.00,63.00,4697.92,0.7079,UP,67.95,1.8837,1.7017
20260824 103846 760,4705.80,1,4705.80,4706.00,0.20,4705.60,3,4705.50,4,4705.40,4,4705.30,9,4705.20,2,4705.10,5,4705.00,4,4704.90,2,4704.80,3,4704.70,6,4706.00,1,4706.10,3,4706.20,3,4706.30,3,4706.40,7,4706.50,2,4706.60,4,4706.70,3,4706.80,8,4706.90,7,Sell,46,29,75,17.00,28.00,-1.00,2.00,70.0,4704.40,4706.40,4704.40,4705.80,55,73,128,-18.00,8.00,-18.00,1.90,84.2,-42,75,0.0000,0.6471,48.00,62.00,4697.88,0.6952,UP,67.95,1.8837,1.7017
20260824 103846 761,4705.80,1,4705.80,4706.00,0.20,4705.60,3,4705.50,4,4705.40,4,4705.30,9,4705.20,2,4705.10,5,4705.00,4,4704.90,2,4704.80,3,4704.70,6,4706.00,1,4706.10,3,4706.20,3,4706.30,3,4706.40,7,4706.50,2,4706.60,4,4706.70,3,4706.80,8,4706.90,7,Sell,46,30,76,16.00,28.00,-1.00,2.00,70.0,4704.40,4706.40,4704.40,4705.80,55,73,128,-18.00,8.00,-18.00,1.90,84.2,-42,75,0.0000,0.7500,47.00,61.00,4697.88,0.6952,UP,67.95,1.8837,1.7017
20260824 103846 782,4705.80,1,4705.40,4705.70,0.30,4705.50,1,4705.40,2,4705.30,1,4705.20,5,4705.10,5,4705.00,5,4704.90,3,4704.80,2,4704.70,5,4704.60,3,4705.70,1,4705.80,1,4705.90,2,4706.00,5,4706.10,3,4706.20,5,4706.30,6,4706.40,8,4706.50,4,4706.60,5,Buy,47,30,77,17.00,28.00,-1.00,2.00,70.0,4704.40,4706.40,4704.40,4705.80,55,73,128,-18.00,8.00,-18.00,1.90,84.2,-42,75,0.0000,0.6471,48.00,62.00,4697.88,0.6952,UP,67.95,1.8837,1.7017
20260824 103846 784,4705.60,1,4705.40,4705.70,0.30,4705.50,1,4705.40,2,4705.30,1,4705.20,5,4705.10,5,4705.00,5,4704.90,3,4704.80,2,4704.70,5,4704.60,3,4705.70,1,4705.80,1,4705.90,2,4706.00,5,4706.10,3,4706.20,5,4706.30,6,4706.40,8,4706.50,4,4706.60,5,Sell,47,31,78,16.00,28.00,-1.00,2.00,60.0,4704.40,4706.40,4704.40,4705.60,55,73,128,-18.00,8.00,-18.00,1.90,84.2,-42,75,0.0000,0.7500,47.00,61.00,4697.86,0.6889,UP,67.95,1.8837,1.7017
20260824 103846 786,4705.50,1,4705.40,4705.70,0.30,4705.50,1,4705.40,2,4705.30,1,4705.20,5,4705.10,5,4705.00,5,4704.90,3,4704.80,2,4704.70,5,4704.60,3,4705.70,1,4705.80,1,4705.90,2,4706.00,5,4706.10,3,4706.20,5,4706.30,6,4706.40,8,4706.50,4,4706.60,5,Sell,47,32,79,15.00,28.00,-1.00,2.00,55.0,4704.40,4706.40,4704.40,4705.50,55,73,128,-18.00,8.00,-18.00,1.90,84.2,-42,75,0.0000,0.8667,46.00,60.00,4697.85,0.6857,UP,67.95,1.8837,1.7017
20260824 103846 803,4705.70,1,4705.40,4705.70,0.30,4705.50,1,4705.40,2,4705.30,1,4705.20,5,4705.10,5,4705.00,5,4704.90,3,4704.80,2,4704.70,5,4704.60,3,4705.70,1,4705.80,1,4705.90,2,4706.00,5,4706.10,3,4706.20,5,4706.30,6,4706.40,8,4706.50,4,4706.60,5,Buy,48,32,80,16.00,28.00,-1.00,2.00,65.0,4704.40,4706.40,4704.40,4705.70,55,73,128,-18.00,8.00,-18.00,1.90,84.2,-42,75,0.0000,0.7500,47.00,61.00,4697.87,0.6921,UP,67.95,1.8837,1.7017
20260824 103846 824,4705.70,1,4705.40,4705.70,0.30,4705.50,1,4705.40,2,4705.30,1,4705.20,5,4705.10,5,4705.00,5,4704.90,3,4704.80,2,4704.70,5,4704.60,3,4705.70,1,4705.80,1,4705.90,2,4706.00,5,4706.10,3,4706.20,5,4706.30,6,4706.40,8,4706.50,4,4706.60,5,Buy,49,32,81,17.00,28.00,-1.00,2.00,65.0,4704.40,4706.40,4704.40,4705.70,55,73,128,-18.00,8.00,-18.00,1.90,84.2,-42,75,0.0000,0.6471,48.00,62.00,4697.87,0.6921,UP,67.95,1.8837,1.7017
20260824 103846 844,4705.80,1,4705.40,4705.70,0.30,4705.40,1,4705.30,1,4705.20,3,4705.10,5,4705.00,4,4704.90,4,4704.80,2,4704.70,5,4704.60,3,4704.50,4,4705.70,2,4705.80,3,4705.90,2,4706.00,2,4706.10,5,4706.20,5,4706.30,6,4706.40,8,4706.50,4,4706.60,5,Buy,50,32,82,18.00,28.00,-1.00,2.00,70.0,4704.40,4706.40,4704.40,4705.80,55,73,128,-18.00,8.00,-18.00,1.90,84.2,-42,75,0.0000,0.5556,49.00,63.00,4697.88,0.6952,UP,67.95,1.8837,1.7017
20260824 103846 875,4705.80,1,4705.40,4705.70,0.30,4705.40,1,4705.30,1,4705.20,3,4705.10,5,4705.00,4,4704.90,4,4704.80,2,4704.70,5,4704.60,3,4704.50,4,4705.70,2,4705.80,3,4705.90,2,4706.00,2,4706.10,5,4706.20,5,4706.30,6,4706.40,8,4706.50,4,4706.60,5,Buy,51,32,83,19.00,28.00,-1.00,2.00,70.0,4704.40,4706.40,4704.40,4705.80,55,73,128,-18.00,8.00,-18.00,1.90,84.2,-42,75,0.0000,0.4737,50.00,64.00,4697.88,0.6952,UP,67.95,1.8837,1.7017
20260824 103846 876,4705.60,1,4705.40,4705.70,0.30,4705.40,1,4705.30,1,4705.20,3,4705.10,5,4705.00,4,4704.90,4,4704.80,2,4704.70,5,4704.60,3,4704.50,4,4705.70,2,4705.80,3,4705.90,2,4706.00,2,4706.10,5,4706.20,5,4706.30,6,4706.40,8,4706.50,4,4706.60,5,Sell,51,33,84,18.00,28.00,-1.00,2.00,60.0,4704.40,4706.40,4704.40,4705.60,55,73,128,-18.00,8.00,-18.00,1.90,84.2,-42,75,0.0000,0.5556,49.00,63.00,4697.86,0.6889,UP,67.95,1.8837,1.7017
20260824 103846 886,4705.70,1,4705.40,4705.70,0.30,4705.40,1,4705.30,1,4705.20,3,4705.10,5,4705.00,4,4704.90,4,4704.80,2,4704.70,5,4704.60,3,4704.50,4,4705.70,2,4705.80,3,4705.90,2,4706.00,2,4706.10,5,4706.20,5,4706.30,6,4706.40,8,4706.50,4,4706.60,5,Buy,52,33,85,19.00,28.00,-1.00,2.00,65.0,4704.40,4706.40,4704.40,4705.70,55,73,128,-18.00,8.00,-18.00,1.90,84.2,-42,75,0.0000,0.4737,50.00,64.00,4697.87,0.6921,UP,67.95,1.8837,1.7017
20260824 103846 888,4705.50,1,4705.40,4705.70,0.30,4705.40,1,4705.30,1,4705.20,3,4705.10,5,4705.00,4,4704.90,4,4704.80,2,4704.70,5,4704.60,3,4704.50,4,4705.70,2,4705.80,3,4705.90,2,4706.00,2,4706.10,5,4706.20,5,4706.30,6,4706.40,8,4706.50,4,4706.60,5,Sell,52,34,86,18.00,28.00,-1.00,2.00,55.0,4704.40,4706.40,4704.40,4705.50,55,73,128,-18.00,8.00,-18.00,1.90,84.2,-42,75,0.0000,0.5556,49.00,63.00,4697.85,0.6857,UP,67.95,1.8837,1.7017
20260824 103846 888,4705.50,1,4705.40,4705.70,0.30,4705.40,1,4705.30,1,4705.20,3,4705.10,5,4705.00,4,4704.90,4,4704.80,2,4704.70,5,4704.60,3,4704.50,4,4705.70,2,4705.80,3,4705.90,2,4706.00,2,4706.10,5,4706.20,5,4706.30,6,4706.40,8,4706.50,4,4706.60,5,Sell,52,35,87,17.00,28.00,-1.00,2.00,55.0,4704.40,4706.40,4704.40,4705.50,55,73,128,-18.00,8.00,-18.00,1.90,84.2,-42,75,0.0000,0.6471,48.00,62.00,4697.85,0.6857,UP,67.95,1.8837,1.7017
20260824 103846 907,4705.60,1,4705.40,4705.80,0.40,4705.40,2,4705.30,2,4705.20,3,4705.10,5,4705.00,5,4704.90,3,4704.80,2,4704.70,5,4704.60,3,4704.50,4,4705.80,4,4705.90,1,4706.00,4,4706.10,4,4706.20,5,4706.30,6,4706.40,8,4706.50,4,4706.60,5,4706.70,4,Buy,53,35,88,18.00,28.00,-1.00,2.00,60.0,4704.40,4706.40,4704.40,4705.60,55,73,128,-18.00,8.00,-18.00,1.90,84.2,-42,75,0.0000,0.5556,49.00,63.00,4697.86,0.6889,UP,67.95,1.8837,1.7017
20260824 103846 929,4705.70,1,4705.40,4705.80,0.40,4705.40,2,4705.30,2,4705.20,3,4705.10,5,4705.00,5,4704.90,3,4704.80,2,4704.70,5,4704.60,3,4704.50,4,4705.80,4,4705.90,1,4706.00,4,4706.10,4,4706.20,5,4706.30,6,4706.40,8,4706.50,4,4706.60,5,4706.70,4,Buy,54,35,89,19.00,28.00,-1.00,2.00,65.0,4704.40,4706.40,4704.40,4705.70,55,73,128,-18.00,8.00,-18.00,1.90,84.2,-42,75,0.0000,0.4737,50.00,64.00,4697.87,0.6921,UP,67.95,1.8837,1.7017
20260824 103846 949,4705.70,1,4705.40,4705.80,0.40,4705.40,2,4705.30,2,4705.20,3,4705.10,5,4705.00,5,4704.90,3,4704.80,2,4704.70,5,4704.60,3,4704.50,4,4705.80,4,4705.90,1,4706.00,4,4706.10,4,4706.20,5,4706.30,6,4706.40,8,4706.50,4,4706.60,5,4706.70,4,Buy,55,35,90,20.00,28.00,-1.00,2.00,65.0,4704.40,4706.40,4704.40,4705.70,55,73,128,-18.00,8.00,-18.00,1.90,84.2,-42,75,0.0000,0.4000,51.00,65.00,4697.87,0.6921,UP,67.95,1.8837,1.7017
20260824 103846 970,4705.80,1,4705.40,4705.80,0.40,4705.40,2,4705.30,2,4705.20,3,4705.10,5,4705.00,5,4704.90,3,4704.80,2,4704.70,5,4704.60,3,4704.50,4,4705.80,4,4705.90,1,4706.00,4,4706.10,4,4706.20,5,4706.30,6,4706.40,8,4706.50,4,4706.60,5,4706.70,4,Buy,56,35,91,21.00,28.00,-1.00,2.00,70.0,4704.40,4706.40,4704.40,4705.80,55,73,128,-18.00,8.00,-18.00,1.90,84.2,-42,75,0.0000,0.3333,52.00,66.00,4697.88,0.6952,UP,67.95,1.8837,1.7017
20260824 103846 990,4705.80,1,4705.50,4705.90,0.40,4705.50,2,4705.40,2,4705.30,4,4705.20,3,4705.10,5,4705.00,5,4704.90,3,4704.80,2,4704.70,5,4704.60,3,4705.90,2,4706.00,4,4706.10,3,4706.20,4,4706.30,6,4706.40,8,4706.50,4,4706.60,5,4706.70,4,4706.80,7,Buy,57,35,92,22.00,28.00,-1.00,2.00,70.0,4704.40,4706.40,4704.40,4705.80,55,73,128,-18.00,8.00,-18.00,1.90,84.2,-42,75,0.0000,0.2727,53.00,67.00,4697.88,0.6952,UP,67.95,1.8837,1.7017
20260824 103847 011,4705.80,1,4705.50,4705.90,0.40,4705.50,2,4705.40,2,4705.30,4,4705.20,3,4705.10,5,4705.00,5,4704.90,3,4704.80,2,4704.70,5,4704.60,3,4705.90,2,4706.00,4,4706.10,3,4706.20,4,4706.30,6,4706.40,8,4706.50,4,4706.60,5,4706.70,4,4706.80,7,Buy,58,35,93,23.00,28.00,-1.00,2.00,70.0,4704.40,4706.40,4704.40,4705.80,55,73,128,-18.00,8.00,-18.00,1.90,84.2,-42,75,0.0000,0.2174,54.00,68.00,4697.88,0.6952,UP,67.95,1.8837,1.7017
20260824 103847 032,4705.80,1,4705.50,4705.90,0.40,4705.50,2,4705.40,2,4705.30,4,4705.20,3,4705.10,5,4705.00,5,4704.90,3,4704.80,2,4704.70,5,4704.60,3,4705.90,2,4706.00,4,4706.10,3,4706.20,4,4706.30,6,4706.40,8,4706.50,4,4706.60,5,4706.70,4,4706.80,7,Sell,58,36,94,22.00,28.00,-1.00,2.00,70.0,4704.40,4706.40,4704.40,4705.80,55,73,128,-18.00,8.00,-18.00,1.90,84.2,-42,75,0.0000,0.2727,53.00,67.00,4697.88,0.6952,UP,67.95,1.8837,1.7017
20260824 103847 053,4705.80,1,4705.50,4705.90,0.40,4705.50,2,4705.40,2,4705.30,5,4705.20,3,4705.10,5,4705.00,5,4704.90,3,4704.80,2,4704.70,5,4704.60,4,4705.90,2,4706.00,4,4706.10,3,4706.20,5,4706.30,5,4706.40,7,4706.50,4,4706.60,5,4706.70,4,4706.80,7,Buy,59,36,95,23.00,28.00,-1.00,2.00,70.0,4704.40,4706.40,4704.40,4705.80,55,73,128,-18.00,8.00,-18.00,1.90,84.2,-42,75,0.0000,0.2174,54.00,68.00,4697.88,0.6952,UP,67.95,1.8837,1.7017
20260824 103847 074,4705.80,1,4705.50,4705.90,0.40,4705.50,2,4705.40,2,4705.30,5,4705.20,3,4705.10,5,4705.00,5,4704.90,3,4704.80,2,4704.70,5,4704.60,4,4705.90,2,4706.00,4,4706.10,3,4706.20,5,4706.30,5,4706.40,7,4706.50,4,4706.60,5,4706.70,4,4706.80,7,Sell,59,37,96,22.00,28.00,-1.00,2.00,70.0,4704.40,4706.40,4704.40,4705.80,55,73,128,-18.00,8.00,-18.00,1.90,84.2,-42,75,0.0000,0.2727,53.00,67.00,4697.88,0.6952,UP,67.95,1.8837,1.7017
20260824 103847 095,4705.80,1,4705.50,4705.90,0.40,4705.50,2,4705.40,2,4705.30,5,4705.20,3,4705.10,5,4705.00,5,4704.90,3,4704.80,2,4704.70,5,4704.60,4,4705.90,2,4706.00,4,4706.10,3,4706.20,5,4706.30,5,4706.40,7,4706.50,4,4706.60,5,4706.70,4,4706.80,7,Sell,59,38,97,21.00,28.00,-1.00,2.00,70.0,4704.40,4706.40,4704.40,4705.80,55,73,128,-18.00,8.00,-18.00,1.90,84.2,-42,75,0.0000,0.3333,52.00,66.00,4697.88,0.6952,UP,67.95,1.8837,1.7017
20260824 103847 115,4705.80,1,4705.50,4705.90,0.40,4705.50,2,4705.40,2,4705.30,5,4705.20,3,4705.10,5,4705.00,5,4704.90,3,4704.80,2,4704.70,5,4704.60,4,4705.90,2,4706.00,4,4706.10,3,4706.20,5,4706.30,5,4706.40,7,4706.50,4,4706.60,5,4706.70,4,4706.80,7,Sell,59,39,98,20.00,28.00,-1.00,2.00,70.0,4704.40,4706.40,4704.40,4705.80,55,73,128,-18.00,8.00,-18.00,1.90,84.2,-42,75,0.0000,0.4000,51.00,65.00,4697.88,0.6952,UP,67.95,1.8837,1.7017
20260824 103847 136,4705.80,1,4705.50,4705.90,0.40,4705.50,1,4705.40,2,4705.30,5,4705.20,3,4705.10,5,4705.00,5,4704.90,3,4704.80,2,4704.70,5,4704.60,3,4705.90,2,4706.00,3,4706.10,3,4706.20,5,4706.30,6,4706.40,7,4706.50,4,4706.60,5,4706.70,4,4706.80,7,Sell,59,40,99,19.00,28.00,-1.00,2.00,70.0,4704.40,4706.40,4704.40,4705.80,55,73,128,-18.00,8.00,-18.00,1.90,84.2,-42,75,0.0000,0.4737,50.00,64.00,4697.88,0.6952,UP,67.95,1.8837,1.7017
20260824 103847 157,4705.80,1,4705.50,4705.90,0.40,4705.50,1,4705.40,2,4705.30,5,4705.20,3,4705.10,5,4705.00,5,4704.90,3,4704.80,2,4704.70,5,4704.60,3,4705.90,2,4706.00,3,4706.10,3,4706.20,5,4706.30,6,4706.40,7,4706.50,4,4706.60,5,4706.70,4,4706.80,7,Sell,59,41,100,18.00,28.00,-1.00,2.00,70.0,4704.40,4706.40,4704.40,4705.80,55,73,128,-18.00,8.00,-18.00,1.90,84.2,-42,75,0.0000,0.5556,49.00,63.00,4697.88,0.6952,UP,67.95,1.8837,1.7017
20260824 103847 177,4705.80,1,4705.50,4705.90,0.40,4705.50,1,4705.40,2,4705.30,5,4705.20,3,4705.10,5,4705.00,5,4704.90,3,4704.80,2,4704.70,5,4704.60,3,4705.90,2,4706.00,3,4706.10,3,4706.20,5,4706.30,6,4706.40,7,4706.50,4,4706.60,5,4706.70,4,4706.80,7,Sell,59,42,101,17.00,28.00,-1.00,2.00,70.0,4704.40,4706.40,4704.40,4705.80,55,73,128,-18.00,8.00,-18.00,1.90,84.2,-42,75,0.0000,0.6471,48.00,62.00,4697.88,0.6952,UP,67.95,1.8837,1.7017
20260824 103847 198,4705.80,1,4705.50,4705.80,0.30,4705.50,2,4705.40,2,4705.30,4,4705.20,3,4705.10,5,4705.00,5,4704.90,3,4704.80,2,4704.70,5,4704.60,3,4705.80,2,4705.90,2,4706.00,4,4706.10,3,4706.20,5,4706.30,5,4706.40,7,4706.50,4,4706.60,5,4706.70,4,Sell,59,43,102,16.00,28.00,-1.00,2.00,70.0,4704.40,4706.40,4704.40,4705.80,55,73,128,-18.00,8.00,-18.00,1.90,84.2,-42,75,0.0000,0.7500,47.00,61.00,4697.88,0.6952,UP,67.95,1.8837,1.7017
20260824 103847 218,4705.80,1,4705.50,4705.80,0.30,4705.50,2,4705.40,2,4705.30,4,4705.20,3,4705.10,5,4705.00,5,4704.90,3,4704.80,2,4704.70,5,4704.60,3,4705.80,2,4705.90,2,4706.00,4,4706.10,3,4706.20,5,4706.30,5,4706.40,7,4706.50,4,4706.60,5,4706.70,4,Buy,60,43,103,17.00,28.00,-1.00,2.00,70.0,4704.40,4706.40,4704.40,4705.80,55,73,128,-18.00,8.00,-18.00,1.90,84.2,-42,75,0.0000,0.6471,48.00,62.00,4697.88,0.6952,UP,67.95,1.8837,1.7017
20260824 103847 231,4705.60,1,4705.50,4705.80,0.30,4705.50,2,4705.40,2,4705.30,4,4705.20,3,4705.10,5,4705.00,5,4704.90,3,4704.80,2,4704.70,5,4704.60,3,4705.80,2,4705.90,2,4706.00,4,4706.10,3,4706.20,5,4706.30,5,4706.40,7,4706.50,4,4706.60,5,4706.70,4,Sell,60,44,104,16.00,28.00,-1.00,2.00,60.0,4704.40,4706.40,4704.40,4705.60,55,73,128,-18.00,8.00,-18.00,1.90,84.2,-42,75,0.0000,0.7500,47.00,61.00,4697.86,0.6889,UP,67.95,1.8837,1.7017
20260824 103847 239,4705.80,1,4705.50,4705.80,0.30,4705.50,2,4705.40,2,4705.30,4,4705.20,3,4705.10,5,4705.00,5,4704.90,3,4704.80,2,4704.70,5,4704.60,3,4705.80,2,4705.90,2,4706.00,4,4706.10,3,4706.20,5,4706.30,5,4706.40,7,4706.50,4,4706.60,5,4706.70,4,Buy,61,44,105,17.00,28.00,-1.00,2.00,70.0,4704.40,4706.40,4704.40,4705.80,55,73,128,-18.00,8.00,-18.00,1.90,84.2,-42,75,0.0000,0.6471,48.00,62.00,4697.88,0.6952,UP,67.95,1.8837,1.7017
20260824 103847 260,4705.80,1,4705.60,4705.90,0.30,4705.60,1,4705.50,3,4705.40,3,4705.30,2,4705.20,3,4705.10,6,4705.00,4,4704.90,3,4704.80,2,4704.70,6,4705.90,1,4706.00,3,4706.10,3,4706.20,4,4706.30,4,4706.40,8,4706.50,4,4706.60,5,4706.70,4,4706.80,7,Buy,62,44,106,18.00,28.00,-1.00,2.00,70.0,4704.40,4706.40,4704.40,4705.80,55,73,128,-18.00,8.00,-18.00,1.90,84.2,-42,75,0.0000,0.5556,49.00,63.00,4697.88,0.6952,UP,67.95,1.8837,1.7017
20260824 103847 281,4705.80,1,4705.60,4705.90,0.30,4705.60,1,4705.50,3,4705.40,3,4705.30,2,4705.20,3,4705.10,6,4705.00,4,4704.90,3,4704.80,2,4704.70,6,4705.90,1,4706.00,3,4706.10,3,4706.20,4,4706.30,4,4706.40,8,4706.50,4,4706.60,5,4706.70,4,4706.80,7,Sell,62,45,107,17.00,28.00,-1.00,2.00,70.0,4704.40,4706.40,4704.40,4705.80,55,73,128,-18.00,8.00,-18.00,1.90,84.2,-42,75,0.0000,0.6471,48.00,62.00,4697.88,0.6952,UP,67.95,1.8837,1.7017
20260824 103847 302,4705.80,1,4705.60,4705.90,0.30,4705.60,1,4705.50,3,4705.40,3,4705.30,2,4705.20,3,4705.10,6,4705.00,4,4704.90,3,4704.80,2,4704.70,6,4705.90,1,4706.00,3,4706.10,3,4706.20,4,4706.30,4,4706.40,8,4706.50,4,4706.60,5,4706.70,4,4706.80,7,Sell,62,46,108,16.00,28.00,-1.00,2.00,70.0,4704.40,4706.40,4704.40,4705.80,55,73,128,-18.00,8.00,-18.00,1.90,84.2,-42,75,0.0000,0.7500,47.00,61.00,4697.88,0.6952,UP,67.95,1.8837,1.7017
20260824 103847 323,4705.80,1,4705.60,4705.90,0.30,4705.60,1,4705.50,3,4705.40,3,4705.30,2,4705.20,3,4705.10,6,4705.00,4,4704.90,3,4704.80,2,4704.70,6,4705.90,1,4706.00,3,4706.10,3,4706.20,4,4706.30,4,4706.40,8,4706.50,4,4706.60,5,4706.70,4,4706.80,7,Sell,62,47,109,15.00,28.00,-1.00,2.00,70.0,4704.40,4706.40,4704.40,4705.80,55,73,128,-18.00,8.00,-18.00,1.90,84.2,-42,75,0.0000,0.8667,46.00,60.00,4697.88,0.6952,UP,67.95,1.8837,1.7017
20260824 103847 343,4705.80,1,4705.60,4705.90,0.30,4705.60,1,4705.50,3,4705.40,3,4705.30,2,4705.20,3,4705.10,5,4705.00,4,4704.90,4,4704.80,2,4704.70,5,4705.90,1,4706.00,3,4706.10,3,4706.20,4,4706.30,4,4706.40,8,4706.50,4,4706.60,5,4706.70,4,4706.80,7,Sell,62,48,110,14.00,28.00,-1.00,2.00,70.0,4704.40,4706.40,4704.40,4705.80,55,73,128,-18.00,8.00,-18.00,1.90,84.2,-42,75,0.0000,1.0000,45.00,59.00,4697.88,0.6952,UP,67.95,1.8837,1.7017
20260824 103847 364,4705.80,1,4705.60,4705.90,0.30,4705.60,1,4705.50,3,4705.40,3,4705.30,2,4705.20,3,4705.10,5,4705.00,4,4704.90,4,4704.80,2,4704.70,5,4705.90,1,4706.00,3,4706.10,3,4706.20,4,4706.30,4,4706.40,8,4706.50,4,4706.60,5,4706.70,4,4706.80,7,Sell,62,49,111,13.00,28.00,-1.00,2.00,70.0,4704.40,4706.40,4704.40,4705.80,55,73,128,-18.00,8.00,-18.00,1.90,84.2,-42,75,0.0000,1.1538,44.00,58.00,4697.88,0.6952,UP,67.95,1.8837,1.7017
20260824 103847 385,4705.80,1,4705.60,4705.90,0.30,4705.60,1,4705.50,3,4705.40,3,4705.30,2,4705.20,3,4705.10,5,4705.00,4,4704.90,4,4704.80,2,4704.70,5,4705.90,1,4706.00,3,4706.10,3,4706.20,4,4706.30,4,4706.40,8,4706.50,4,4706.60,5,4706.70,4,4706.80,7,Sell,62,50,112,12.00,28.00,-1.00,2.00,70.0,4704.40,4706.40,4704.40,4705.80,55,73,128,-18.00,8.00,-18.00,1.90,84.2,-42,75,0.0000,1.3333,43.00,57.00,4697.88,0.6952,UP,67.95,1.8837,1.7017
20260824 103847 406,4705.80,1,4705.70,4705.90,0.20,4705.60,1,4705.50,3,4705.40,3,4705.30,2,4705.20,3,4705.10,6,4705.00,4,4704.90,3,4704.80,2,4704.70,5,4705.90,1,4706.00,3,4706.10,3,4706.20,4,4706.30,4,4706.40,7,4706.50,4,4706.60,5,4706.70,4,4706.80,7,Sell,62,51,113,11.00,28.00,-1.00,2.00,70.0,4704.40,4706.40,4704.40,4705.80,55,73,128,-18.00,8.00,-18.00,1.90,84.2,-42,75,0.0000,1.5455,42.00,56.00,4697.88,0.6952,UP,67.95,1.8837,1.7017
20260824 103847 426,4705.80,1,4705.70,4705.90,0.20,4705.60,1,4705.50,3,4705.40,3,4705.30,2,4705.20,3,4705.10,6,4705.00,4,4704.90,3,4704.80,2,4704.70,5,4705.90,1,4706.00,3,4706.10,3,4706.20,4,4706.30,4,4706.40,7,4706.50,4,4706.60,5,4706.70,4,4706.80,7,Sell,62,52,114,10.00,28.00,-1.00,2.00,70.0,4704.40,4706.40,4704.40,4705.80,55,73,128,-18.00,8.00,-18.00,1.90,84.2,-42,75,0.0000,1.8000,41.00,55.00,4697.88,0.6952,UP,67.95,1.8837,1.7017
20260824 103847 446,4705.80,1,4705.70,4705.90,0.20,4705.60,1,4705.50,3,4705.40,3,4705.30,2,4705.20,3,4705.10,6,4705.00,4,4704.90,3,4704.80,2,4704.70,5,4705.90,1,4706.00,3,4706.10,3,4706.20,4,4706.30,4,4706.40,7,4706.50,4,4706.60,5,4706.70,4,4706.80,7,Buy,63,52,115,11.00,28.00,-1.00,2.00,70.0,4704.40,4706.40,4704.40,4705.80,55,73,128,-18.00,8.00,-18.00,1.90,84.2,-42,75,0.0000,1.5455,42.00,56.00,4697.88,0.6952,UP,67.95,1.8837,1.7017
20260824 103847 448,4705.70,1,4705.70,4705.90,0.20,4705.60,1,4705.50,3,4705.40,3,4705.30,2,4705.20,3,4705.10,6,4705.00,4,4704.90,3,4704.80,2,4704.70,5,4705.90,1,4706.00,3,4706.10,3,4706.20,4,4706.30,4,4706.40,7,4706.50,4,4706.60,5,4706.70,4,4706.80,7,Sell,63,53,116,10.00,28.00,-1.00,2.00,65.0,4704.40,4706.40,4704.40,4705.70,55,73,128,-18.00,8.00,-18.00,1.90,84.2,-42,75,0.0000,1.8000,41.00,55.00,4697.87,0.6921,UP,67.95,1.8837,1.7017
20260824 103847 467,4705.80,1,4705.60,4705.90,0.30,4705.60,2,4705.50,4,4705.40,3,4705.30,2,4705.20,3,4705.10,6,4705.00,4,4704.90,3,4704.80,2,4704.70,5,4705.90,1,4706.00,3,4706.10,3,4706.20,4,4706.30,5,4706.40,7,4706.50,4,4706.60,5,4706.70,4,4706.80,7,Buy,64,53,117,11.00,28.00,-1.00,2.00,70.0,4704.40,4706.40,4704.40,4705.80,55,73,128,-18.00,8.00,-18.00,1.90,84.2,-42,75,0.0000,1.5455,42.00,56.00,4697.88,0.6952,UP,67.95,1.8837,1.7017
20260824 103847 488,4705.80,1,4705.60,4705.90,0.30,4705.60,2,4705.50,4,4705.40,3,4705.30,2,4705.20,3,4705.10,6,4705.00,4,4704.90,3,4704.80,2,4704.70,5,4705.90,1,4706.00,3,4706.10,3,4706.20,4,4706.30,5,4706.40,7,4706.50,4,4706.60,5,4706.70,4,4706.80,7,Buy,65,53,118,12.00,28.00,-1.00,2.00,70.0,4704.40,4706.40,4704.40,4705.80,55,73,128,-18.00,8.00,-18.00,1.90,84.2,-42,75,0.0000,1.3333,43.00,57.00,4697.88,0.6952,UP,67.95,1.8837,1.7017
20260824 103847 509,4705.80,1,4705.60,4705.90,0.30,4705.60,2,4705.50,4,4705.40,3,4705.30,2,4705.20,3,4705.10,6,4705.00,4,4704.90,3,4704.80,2,4704.70,5,4705.90,1,4706.00,3,4706.10,3,4706.20,4,4706.30,5,4706.40,7,4706.50,4,4706.60,5,4706.70,4,4706.80,7,Sell,65,54,119,11.00,28.00,-1.00,2.00,70.0,4704.40,4706.40,4704.40,4705.80,55,73,128,-18.00,8.00,-18.00,1.90,84.2,-42,75,0.0000,1.5455,42.00,56.00,4697.88,0.6952,UP,67.95,1.8837,1.7017
20260824 103847 773,4706.10,1,4705.80,4706.10,0.30,4705.80,1,4705.60,4,4705.50,4,4705.40,4,4705.30,5,4705.20,3,4705.10,6,4705.00,4,4704.90,3,4704.80,4,4706.10,2,4706.20,3,4706.30,5,4706.40,7,4706.50,4,4706.60,4,4706.70,3,4706.80,7,4706.90,7,4707.00,6,Buy,66,54,120,12.00,28.00,-1.00,2.00,85.0,4704.40,4706.40,4704.40,4706.10,55,73,128,-18.00,8.00,-18.00,1.90,84.2,-42,75,0.0000,1.3333,43.00,57.00,4697.91,0.7048,UP,67.95,1.8837,1.7017
20260824 103850 342,4705.90,1,4705.50,4705.70,0.20,4705.50,2,4705.40,2,4705.30,2,4705.20,4,4705.10,6,4705.00,4,4704.90,3,4704.80,4,4704.70,6,4704.60,3,4705.70,1,4705.80,1,4706.00,4,4706.10,3,4706.20,4,4706.30,4,4706.40,9,4706.50,3,4706.60,5,4706.70,4,Sell,66,55,121,11.00,28.00,-1.00,2.00,75.0,4704.40,4706.40,4704.40,4705.90,55,73,128,-18.00,8.00,-18.00,1.90,84.2,-42,75,0.0000,1.5455,42.00,56.00,4697.89,0.6984,UP,67.95,1.8837,1.7017
20260824 103850 344,4705.90,1,4705.50,4705.70,0.20,4705.50,2,4705.40,2,4705.30,2,4705.20,4,4705.10,6,4705.00,4,4704.90,3,4704.80,4,4704.70,6,4704.60,3,4705.70,1,4705.80,1,4706.00,4,4706.10,3,4706.20,4,4706.30,4,4706.40,9,4706.50,3,4706.60,5,4706.70,4,Sell,66,56,122,10.00,28.00,-1.00,2.00,75.0,4704.40,4706.40,4704.40,4705.90,55,73,128,-18.00,8.00,-18.00,1.90,84.2,-42,75,0.0000,1.8000,41.00,55.00,4697.89,0.6984,UP,67.95,1.8837,1.7017
20260824 103850 364,4705.90,1,4705.50,4705.70,0.20,4705.50,2,4705.40,2,4705.30,2,4705.20,4,4705.10,6,4705.00,4,4704.90,3,4704.80,4,4704.70,6,4704.60,3,4705.70,1,4705.80,1,4706.00,4,4706.10,3,4706.20,4,4706.30,4,4706.40,9,4706.50,3,4706.60,5,4706.70,4,Buy,67,56,123,11.00,28.00,-1.00,2.00,75.0,4704.40,4706.40,4704.40,4705.90,55,73,128,-18.00,8.00,-18.00,1.90,84.2,-42,75,0.0000,1.5455,42.00,56.00,4697.89,0.6984,UP,67.95,1.8837,1.7017
20260824 103850 385,4705.90,1,4705.50,4705.70,0.20,4705.50,2,4705.40,2,4705.30,2,4705.20,4,4705.10,6,4705.00,4,4704.90,3,4704.80,4,4704.70,6,4704.60,3,4705.70,1,4705.80,1,4706.00,4,4706.10,3,4706.20,4,4706.30,4,4706.40,9,4706.50,3,4706.60,5,4706.70,4,Sell,67,57,124,10.00,28.00,-1.00,2.00,75.0,4704.40,4706.40,4704.40,4705.90,55,73,128,-18.00,8.00,-18.00,1.90,84.2,-42,75,0.0000,1.8000,41.00,55.00,4697.89,0.6984,UP,67.95,1.8837,1.7017
20260824 103850 406,4705.70,1,4705.50,4705.70,0.20,4705.50,2,4705.40,2,4705.30,2,4705.20,4,4705.10,6,4705.00,4,4704.90,3,4704.80,4,4704.70,6,4704.60,3,4705.70,1,4705.80,1,4706.00,4,4706.10,3,4706.20,4,4706.30,4,4706.40,9,4706.50,3,4706.60,5,4706.70,4,Buy,68,57,125,11.00,28.00,-1.00,2.00,65.0,4704.40,4706.40,4704.40,4705.70,55,73,128,-18.00,8.00,-18.00,1.90,84.2,-42,75,0.0000,1.5455,42.00,56.00,4697.87,0.6921,UP,67.95,1.8837,1.7017
20260824 103850 427,4705.80,1,4705.50,4705.80,0.30,4705.50,2,4705.40,1,4705.30,4,4705.20,2,4705.10,5,4705.00,5,4704.90,3,4704.80,2,4704.70,5,4704.60,3,4705.80,1,4705.90,3,4706.00,3,4706.10,4,4706.20,5,4706.30,6,4706.40,9,4706.50,4,4706.60,5,4706.70,4,Buy,69,57,126,12.00,28.00,-1.00,2.00,70.0,4704.40,4706.40,4704.40,4705.80,55,73,128,-18.00,8.00,-18.00,1.90,84.2,-42,75,0.0000,1.3333,43.00,57.00,4697.88,0.6952,UP,67.95,1.8837,1.7017
20260824 103850 447,4705.90,1,4705.50,4705.80,0.30,4705.50,2,4705.40,1,4705.30,4,4705.20,2,4705.10,5,4705.00,5,4704.90,3,4704.80,2,4704.70,5,4704.60,3,4705.80,1,4705.90,3,4706.00,3,4706.10,4,4706.20,5,4706.30,6,4706.40,9,4706.50,4,4706.60,5,4706.70,4,Buy,70,57,127,13.00,28.00,-1.00,2.00,75.0,4704.40,4706.40,4704.40,4705.90,55,73,128,-18.00,8.00,-18.00,1.90,84.2,-42,75,0.0000,1.1538,44.00,58.00,4697.89,0.6984,UP,67.95,1.8837,1.7017
20260824 103850 450,4705.70,1,4705.50,4705.80,0.30,4705.50,2,4705.40,1,4705.30,4,4705.20,2,4705.10,5,4705.00,5,4704.90,3,4704.80,2,4704.70,5,4704.60,3,4705.80,1,4705.90,3,4706.00,3,4706.10,4,4706.20,5,4706.30,6,4706.40,9,4706.50,4,4706.60,5,4706.70,4,Sell,70,58,128,12.00,28.00,-1.00,2.00,65.0,4704.40,4706.40,4704.40,4705.70,55,73,128,-18.00,8.00,-18.00,1.90,84.2,-42,75,0.0000,1.3333,43.00,57.00,4697.87,0.6921,UP,67.95,1.8837,1.7017
20260824 103850 466,4705.60,1,4705.50,4705.80,0.30,4705.50,2,4705.40,1,4705.30,4,4705.20,2,4705.10,5,4705.00,5,4704.90,3,4704.80,2,4704.70,5,4704.60,3,4705.80,1,4705.90,3,4706.00,3,4706.10,4,4706.20,5,4706.30,6,4706.40,9,4706.50,4,4706.60,5,4706.70,4,Sell,70,59,129,11.00,28.00,-1.00,2.00,60.0,4704.40,4706.40,4704.40,4705.60,55,73,128,-18.00,8.00,-18.00,1.90,84.2,-42,75,0.0000,1.5455,42.00,56.00,4697.86,0.6889,UP,67.95,1.8837,1.7017
20260824 103850 469,4705.70,1,4705.50,4705.80,0.30,4705.50,2,4705.40,1,4705.30,4,4705.20,2,4705.10,5,4705.00,5,4704.90,3,4704.80,2,4704.70,5,4704.60,3,4705.80,1,4705.90,3,4706.00,3,4706.10,4,4706.20,5,4706.30,6,4706.40,9,4706.50,4,4706.60,5,4706.70,4,Buy,71,59,130,12.00,28.00,-1.00,2.00,65.0,4704.40,4706.40,4704.40,4705.70,55,73,128,-18.00,8.00,-18.00,1.90,84.2,-42,75,0.0000,1.3333,43.00,57.00,4697.87,0.6921,UP,67.95,1.8837,1.7017
20260824 103850 489,4705.80,1,4705.40,4705.70,0.30,4705.40,1,4705.30,4,4705.20,2,4705.10,5,4705.00,5,4704.90,3,4704.80,2,4704.70,5,4704.60,3,4704.50,4,4705.70,2,4705.80,2,4705.90,3,4706.00,3,4706.10,5,4706.20,5,4706.30,6,4706.40,8,4706.50,4,4706.60,5,Buy,72,59,131,13.00,28.00,-1.00,2.00,70.0,4704.40,4706.40,4704.40,4705.80,55,73,128,-18.00,8.00,-18.00,1.90,84.2,-42,75,0.0000,1.1538,44.00,58.00,4697.88,0.6952,UP,67.95,1.8837,1.7017
20260824 103850 602,4705.40,1,4705.30,4705.60,0.30,4705.30,1,4705.20,2,4705.10,5,4705.00,3,4704.90,3,4704.80,3,4704.70,5,4704.60,3,4704.50,4,4704.40,7,4705.60,2,4705.70,4,4705.80,2,4705.90,2,4706.00,5,4706.10,4,4706.20,5,4706.30,7,4706.40,9,4706.50,5,Sell,72,60,132,12.00,28.00,-1.00,2.00,50.0,4704.40,4706.40,4704.40,4705.40,55,73,128,-18.00,8.00,-18.00,1.90,84.2,-42,75,0.0000,1.3333,43.00,57.00,4697.84,0.6825,UP,67.95,1.8837,1.7017
20260824 103852 963,4705.50,1,4705.10,4705.40,0.30,4705.10,3,4705.00,3,4704.90,2,4704.80,3,4704.70,6,4704.60,3,4704.50,4,4704.40,7,4704.30,5,4704.20,5,4705.40,1,4705.50,3,4705.60,3,4705.70,1,4705.80,4,4705.90,4,4706.00,5,4706.10,5,4706.20,6,4706.30,7,Sell,72,61,133,11.00,28.00,-1.00,2.00,55.0,4704.40,4706.40,4704.40,4705.50,55,73,128,-18.00,8.00,-18.00,1.90,84.2,-42,75,0.0000,1.5455,42.00,56.00,4697.85,0.6857,UP,67.95,1.8837,1.7017
20260824 103852 969,4705.50,1,4705.10,4705.40,0.30,4705.10,3,4705.00,3,4704.90,2,4704.80,3,4704.70,6,4704.60,3,4704.50,4,4704.40,7,4704.30,5,4704.20,5,4705.40,1,4705.50,3,4705.60,3,4705.70,1,4705.80,4,4705.90,4,4706.00,5,4706.10,5,4706.20,6,4706.30,7,Sell,72,62,134,10.00,28.00,-1.00,2.00,55.0,4704.40,4706.40,4704.40,4705.50,55,73,128,-18.00,8.00,-18.00,1.90,84.2,-42,75,0.0000,1.8000,41.00,55.00,4697.85,0.6857,UP,67.95,1.8837,1.7017
20260824 103859 067,4705.40,1,4705.20,4705.60,0.40,4705.20,3,4705.10,3,4705.00,3,4704.90,3,4704.80,4,4704.70,5,4704.60,3,4704.50,4,4704.40,8,4704.30,5,4705.60,1,4705.70,1,4705.80,3,4705.90,2,4706.00,5,4706.10,4,4706.20,6,4706.30,7,4706.40,9,4706.50,5,Buy,73,62,135,11.00,28.00,-1.00,2.00,50.0,4704.40,4706.40,4704.40,4705.40,55,73,128,-18.00,8.00,-18.00,1.90,84.2,-42,75,0.0000,1.5455,42.00,56.00,4697.84,0.6825,UP,67.95,1.8837,1.7017
20260824 103902 002,4705.30,1,4705.20,4705.50,0.30,4705.20,2,4705.10,2,4705.00,3,4704.90,3,4704.80,4,4704.70,5,4704.60,3,4704.50,4,4704.40,8,4704.30,5,4705.50,1,4705.60,2,4705.70,1,4705.80,3,4705.90,2,4706.00,5,4706.10,4,4706.20,6,4706.30,7,4706.40,8,Sell,0,1,1,-1.00,-1.00,-1.00,0.00,0.0,4705.30,4705.30,4705.30,4705.30,73,62,135,11.00,28.00,-1.00,2.00,50.0,-18,204,1.5455,0.0000,30.00,45.00,4697.83,0.6794,UP,72.90,1.8519,1.5873
20260824 103903 907,4705.20,1,4705.20,4705.50,0.30,4705.20,1,4705.10,1,4705.00,4,4704.90,3,4704.80,3,4704.70,6,4704.60,3,4704.50,4,4704.40,8,4704.30,5,4705.50,2,4705.60,3,4705.70,1,4705.80,2,4705.90,3,4706.00,4,4706.10,4,4706.20,6,4706.30,7,4706.40,8,Sell,0,2,2,-2.00,-1.00,-2.00,0.10,100.0,4705.30,4705.30,4705.20,4705.20,73,62,135,11.00,28.00,-1.00,2.00,50.0,-18,204,1.5455,0.0000,29.00,44.00,4697.82,0.6762,UP,72.90,1.8519,1.5945
20260824 103905 580,4705.20,1,4705.10,4705.40,0.30,4705.10,2,4705.00,4,4704.90,2,4704.80,3,4704.70,5,4704.60,4,4704.50,4,4704.40,7,4704.30,5,4704.20,4,4705.40,1,4705.50,1,4705.60,1,4705.70,1,4705.80,4,4705.90,4,4706.00,6,4706.10,5,4706.20,6,4706.30,7,Sell,0,3,3,-3.00,-1.00,-3.00,0.10,100.0,4705.30,4705.30,4705.20,4705.20,73,62,135,11.00,28.00,-1.00,2.00,50.0,-18,204,1.5455,0.0000,28.00,43.00,4697.82,0.6762,UP,72.90,1.8519,1.5945
20260824 103905 653,4705.10,1,4705.10,4705.40,0.30,4705.10,2,4705.00,4,4704.90,2,4704.80,3,4704.70,5,4704.60,4,4704.50,4,4704.40,7,4704.30,5,4704.20,4,4705.40,1,4705.50,1,4705.60,1,4705.70,1,4705.80,4,4705.90,4,4706.00,6,4706.10,5,4706.20,6,4706.30,7,Sell,0,4,4,-4.00,-1.00,-4.00,0.20,100.0,4705.30,4705.30,4705.10,4705.10,73,62,135,11.00,28.00,-1.00,2.00,50.0,-18,204,1.5455,0.0000,27.00,42.00,4697.81,0.6730,UP,72.90,1.8519,1.6016
20260824 103906 360,4705.30,1,4705.10,4705.30,0.20,4705.00,2,4704.90,1,4704.80,3,4704.70,4,4704.60,4,4704.50,4,4704.40,6,4704.30,5,4704.20,4,4704.10,5,4705.30,1,4705.40,2,4705.50,2,4705.60,1,4705.70,2,4705.80,4,4705.90,4,4706.00,6,4706.10,6,4706.20,6,Buy,1,4,5,-3.00,-1.00,-4.00,0.20,0.0,4705.30,4705.30,4705.10,4705.30,73,62,135,11.00,28.00,-1.00,2.00,50.0,-18,204,1.5455,0.3333,28.00,43.00,4697.83,0.6794,UP,72.90,1.8519,1.6016
20260824 103906 682,4705.60,1,4705.20,4705.60,0.40,4705.30,1,4705.20,5,4705.10,1,4705.00,3,4704.90,3,4704.80,3,4704.70,5,4704.60,4,4704.50,4,4704.40,7,4705.60,1,4705.70,3,4705.80,2,4705.90,3,4706.00,4,4706.10,5,4706.20,5,4706.30,6,4706.40,8,4706.50,4,Buy,2,4,6,-2.00,-1.00,-4.00,0.50,60.0,4705.30,4705.60,4705.10,4705.60,73,62,135,11.00,28.00,-1.00,2.00,50.0,-18,204,1.5455,1.0000,29.00,44.00,4697.86,0.6889,UP,72.90,1.8519,1.6159
20260824 103906 682,4705.70,1,4705.20,4705.60,0.40,4705.30,1,4705.20,5,4705.10,1,4705.00,3,4704.90,3,4704.80,3,4704.70,5,4704.60,4,4704.50,4,4704.40,7,4705.60,1,4705.70,3,4705.80,2,4705.90,3,4706.00,4,4706.10,5,4706.20,5,4706.30,6,4706.40,8,4706.50,4,Buy,3,4,7,-1.00,-1.00,-4.00,0.60,66.7,4705.30,4705.70,4705.10,4705.70,73,62,135,11.00,28.00,-1.00,2.00,50.0,-18,204,1.5455,3.0000,30.00,45.00,4697.87,0.6921,UP,72.90,1.8519,1.6230
20260824 103907 387,4705.30,1,4705.30,4705.70,0.40,4705.30,1,4705.20,5,4705.10,1,4705.00,3,4704.90,3,4704.80,3,4704.70,5,4704.60,4,4704.50,4,4704.40,8,4705.70,2,4705.80,2,4705.90,3,4706.00,4,4706.10,5,4706.20,5,4706.30,7,4706.40,8,4706.50,4,4706.60,5,Sell,3,5,8,-2.00,-1.00,-4.00,0.60,0.0,4705.30,4705.70,4705.10,4705.30,73,62,135,11.00,28.00,-1.00,2.00,50.0,-18,204,1.5455,1.0000,29.00,44.00,4697.83,0.6794,UP,72.90,1.8519,1.6230
20260824 103914 398,4705.20,1,4705.20,4705.60,0.40,4705.20,1,4705.10,1,4705.00,4,4704.90,3,4704.80,4,4704.70,5,4704.60,3,4704.50,4,4704.40,8,4704.30,5,4705.50,1,4705.60,3,4705.70,2,4705.80,3,4705.90,2,4706.00,6,4706.10,5,4706.20,6,4706.30,7,4706.40,6,Sell,3,6,9,-3.00,-1.00,-4.00,0.60,16.7,4705.30,4705.70,4705.10,4705.20,73,62,135,11.00,28.00,-1.00,2.00,50.0,-18,204,1.5455,0.3333,28.00,43.00,4697.82,0.6762,UP,72.90,1.8519,1.6230
20260824 103914 923,4705.00,1,4704.80,4705.20,0.40,4704.80,3,4704.70,2,4704.60,3,4704.50,4,4704.40,7,4704.30,5,4704.20,4,4704.10,4,4704.00,3,4703.90,3,4705.20,2,4705.30,4,4705.40,2,4705.50,4,4705.60,7,4705.70,4,4705.80,3,4705.90,4,4706.00,6,4706.10,5,Sell,3,7,10,-4.00,-1.00,-4.00,0.70,42.9,4705.30,4705.70,4705.00,4705.00,73,62,135,11.00,28.00,-1.00,2.00,50.0,-18,204,1.5455,0.0000,27.00,42.00,4697.80,0.6698,UP,72.90,1.8519,1.6302
20260824 103917 070,4705.00,1,4705.00,4705.30,0.30,4704.90,2,4704.80,4,4704.70,3,4704.60,3,4704.50,4,4704.40,7,4704.30,5,4704.20,4,4704.10,4,4704.00,3,4705.30,2,4705.40,2,4705.50,3,4705.60,4,4705.70,3,4705.80,3,4705.90,4,4706.00,6,4706.10,5,4706.20,8,Sell,3,8,11,-5.00,-1.00,-5.00,0.70,42.9,4705.30,4705.70,4705.00,4705.00,73,62,135,11.00,28.00,-1.00,2.00,50.0,-18,204,1.5455,0.0000,26.00,41.00,4697.80,0.6698,UP,72.90,1.8519,1.6302
20260824 103921 533,4704.90,1,4704.70,4704.90,0.20,4704.90,2,4704.80,2,4704.70,3,4704.60,3,4704.50,5,4704.40,6,4704.30,5,4704.20,4,4704.10,4,4704.00,3,4705.20,2,4705.30,3,4705.40,1,4705.50,4,4705.60,4,4705.70,2,4705.80,3,4705.90,5,4706.00,6,4706.10,5,Sell,3,9,12,-6.00,-1.00,-6.00,0.80,50.0,4705.30,4705.70,4704.90,4704.90,73,62,135,11.00,28.00,-1.00,2.00,50.0,-18,204,1.5455,0.0000,25.00,40.00,4697.79,0.6667,UP,72.90,1.8519,1.6373
20260824 103921 552,4704.90,7,4704.70,4704.90,0.20,4704.90,2,4704.80,2,4704.70,3,4704.60,3,4704.50,5,4704.40,6,4704.30,5,4704.20,4,4704.10,4,4704.00,3,4705.20,2,4705.30,3,4705.40,1,4705.50,4,4705.60,4,4705.70,2,4705.80,3,4705.90,5,4706.00,6,4706.10,5,Buy,10,9,19,1.00,1.00,-6.00,0.80,50.0,4705.30,4705.70,4704.90,4704.90,73,62,135,11.00,28.00,-1.00,2.00,50.0,-18,204,1.5455,0.0000,32.00,47.00,4697.79,0.6667,UP,72.90,1.8519,1.6373
20260824 103921 838,4705.00,1,4705.00,4705.30,0.30,4704.90,1,4704.80,5,4704.70,4,4704.60,2,4704.50,4,4704.40,7,4704.30,5,4704.20,4,4704.10,4,4704.00,3,4705.20,1,4705.30,2,4705.40,2,4705.50,2,4705.60,5,4705.70,2,4705.80,3,4705.90,4,4706.00,6,4706.10,4,Sell,10,10,20,0.00,1.00,-6.00,0.80,37.5,4705.30,4705.70,4704.90,4705.00,73,62,135,11.00,28.00,-1.00,2.00,50.0,-18,204,1.5455,1.0000,31.00,46.00,4697.80,0.6698,UP,72.90,1.8519,1.6373
20260824 103922 544,4705.20,1,4704.90,4705.20,0.30,4704.90,1,4704.80,5,4704.70,4,4704.60,2,4704.50,5,4704.40,7,4704.30,5,4704.20,4,4704.10,4,4704.00,3,4705.20,2,4705.30,2,4705.40,1,4705.50,3,4705.60,4,4705.70,2,4705.80,3,4705.90,4,4706.00,7,4706.10,5,Buy,11,10,21,1.00,1.00,-6.00,0.80,12.5,4705.30,4705.70,4704.90,4705.20,73,62,135,11.00,28.00,-1.00,2.00,50.0,-18,204,1.5455,0.0000,32.00,47.00,4697.82,0.6762,UP,72.90,1.8519,1.6373
20260824 103922 544,4705.30,1,4704.90,4705.20,0.30,4704.90,1,4704.80,5,4704.70,4,4704.60,2,4704.50,5,4704.40,7,4704.30,5,4704.20,4,4704.10,4,4704.00,3,4705.20,2,4705.30,2,4705.40,1,4705.50,3,4705.60,4,4705.70,2,4705.80,3,4705.90,4,4706.00,7,4706.10,5,Buy,12,10,22,2.00,2.00,-6.00,0.80,0.0,4705.30,4705.70,4704.90,4705.30,73,62,135,11.00,28.00,-1.00,2.00,50.0,-18,204,1.5455,0.0000,33.00,48.00,4697.83,0.6794,UP,72.90,1.8519,1.6373
20260824 103923 277,4705.20,1,4704.90,4705.20,0.30,4704.90,1,4704.80,5,4704.70,4,4704.60,4,4704.50,4,4704.40,7,4704.30,5,4704.20,4,4704.10,4,4704.00,3,4705.20,3,4705.30,2,4705.40,1,4705.50,3,4705.60,3,4705.70,3,4705.80,3,4705.90,4,4706.00,7,4706.10,4,Buy,13,10,23,3.00,3.00,-6.00,0.80,12.5,4705.30,4705.70,4704.90,4705.20,73,62,135,11.00,28.00,-1.00,2.00,50.0,-18,204,1.5455,0.0000,34.00,49.00,4697.82,0.6762,UP,72.90,1.8519,1.6373
20260824 103924 020,4705.00,1,4705.00,4705.20,0.20,4704.80,2,4704.70,5,4704.60,2,4704.50,4,4704.40,8,4704.30,5,4704.20,4,4704.10,4,4704.00,3,4703.90,3,4705.10,1,4705.20,1,4705.30,3,4705.40,3,4705.50,2,4705.60,5,4705.70,3,4705.80,3,4705.90,4,4706.00,7,Sell,13,11,24,2.00,3.00,-6.00,0.80,37.5,4705.30,4705.70,4704.90,4705.00,73,62,135,11.00,28.00,-1.00,2.00,50.0,-18,204,1.5455,0.5000,33.00,48.00,4697.80,0.6698,UP,72.90,1.8519,1.6373
20260824 103925 290,4705.00,1,4705.00,4705.20,0.20,4705.00,1,4704.90,2,4704.80,3,4704.70,4,4704.50,5,4704.40,7,4704.30,5,4704.20,4,4704.10,4,4704.00,3,4705.20,1,4705.30,3,4705.40,1,4705.50,3,4705.70,4,4705.80,3,4705.90,4,4706.00,7,4706.10,4,4706.20,6,Sell,13,12,25,1.00,3.00,-6.00,0.80,37.5,4705.30,4705.70,4704.90,4705.00,73,62,135,11.00,28.00,-1.00,2.00,50.0,-18,204,1.5455,2.0000,32.00,47.00,4697.80,0.6698,UP,72.90,1.8519,1.6373
20260824 103929 180,4705.30,1,4705.00,4705.30,0.30,4705.00,2,4704.90,1,4704.80,3,4704.70,4,4704.60,2,4704.50,5,4704.40,7,4704.30,5,4704.20,4,4704.10,3,4705.30,3,4705.40,3,4705.50,2,4705.60,2,4705.70,2,4705.80,4,4705.90,4,4706.00,7,4706.10,4,4706.20,6,Buy,14,12,26,2.00,3.00,-6.00,0.80,0.0,4705.30,4705.70,4704.90,4705.30,73,62,135,11.00,28.00,-1.00,2.00,50.0,-18,204,1.5455,0.5000,33.00,48.00,4697.83,0.6794,UP,72.90,1.8519,1.6373
20260824 103929 180,4705.30,1,4705.00,4705.30,0.30,4705.00,2,4704.90,1,4704.80,3,4704.70,4,4704.60,2,4704.50,5,4704.40,7,4704.30,5,4704.20,4,4704.10,3,4705.30,3,4705.40,3,4705.50,2,4705.60,2,4705.70,2,4705.80,4,4705.90,4,4706.00,7,4706.10,4,4706.20,6,Buy,15,12,27,3.00,3.00,-6.00,0.80,0.0,4705.30,4705.70,4704.90,4705.30,73,62,135,11.00,28.00,-1.00,2.00,50.0,-18,204,1.5455,0.0000,34.00,49.00,4697.83,0.6794,UP,72.90,1.8519,1.6373
20260824 103929 180,4705.30,1,4705.00,4705.30,0.30,4705.00,2,4704.90,1,4704.80,3,4704.70,4,4704.60,2,4704.50,5,4704.40,7,4704.30,5,4704.20,4,4704.10,3,4705.30,3,4705.40,3,4705.50,2,4705.60,2,4705.70,2,4705.80,4,4705.90,4,4706.00,7,4706.10,4,4706.20,6,Buy,16,12,28,4.00,4.00,-6.00,0.80,0.0,4705.30,4705.70,4704.90,4705.30,73,62,135,11.00,28.00,-1.00,2.00,50.0,-18,204,1.5455,0.0000,35.00,50.00,4697.83,0.6794,UP,72.90,1.8519,1.6373
20260824 103930 174,4705.20,1,4705.10,4705.40,0.30,4705.10,2,4705.00,4,4704.90,2,4704.80,4,4704.70,7,4704.60,3,4704.50,4,4704.40,7,4704.30,5,4704.20,4,4705.40,1,4705.50,2,4705.60,1,4705.70,1,4705.80,4,4705.90,5,4706.00,7,4706.10,4,4706.20,5,4706.30,4,Sell,16,13,29,3.00,4.00,-6.00,0.80,12.5,4705.30,4705.70,4704.90,4705.20,73,62,135,11.00,28.00,-1.00,2.00,50.0,-18,204,1.5455,0.3333,34.00,49.00,4697.82,0.6762,UP,72.90,1.8519,1.6373
20260824 103939 608,4705.20,1,4705.10,4705.20,0.10,4705.10,3,4705.00,2,4704.90,3,4704.80,4,4704.70,7,4704.60,3,4704.50,4,4704.40,8,4704.30,5,4704.20,4,4705.50,1,4705.60,1,4705.70,2,4705.80,3,4705.90,3,4706.00,6,4706.10,4,4706.20,6,4706.30,4,4706.40,6,Buy,17,13,30,4.00,4.00,-6.00,0.80,12.5,4705.30,4705.70,4704.90,4705.20,73,62,135,11.00,28.00,-1.00,2.00,50.0,-18,204,1.5455,0.0000,35.00,50.00,4697.82,0.6762,UP,72.90,1.8519,1.6373
20260824 103950 022,4705.20,1,4705.00,4705.40,0.40,4705.00,2,4704.90,2,4704.80,4,4704.70,5,4704.60,3,4704.50,5,4704.40,7,4704.30,5,4704.20,4,4704.10,3,4705.40,2,4705.60,2,4705.70,2,4705.80,2,4705.90,3,4706.00,7,4706.10,4,4706.20,6,4706.30,4,4706.40,6,Buy,18,13,31,5.00,5.00,-6.00,0.80,12.5,4705.30,4705.70,4704.90,4705.20,73,62,135,11.00,28.00,-1.00,2.00,50.0,-18,204,1.5455,0.0000,36.00,51.00,4697.82,0.6762,UP,72.90,1.8519,1.6373
20260824 103956 131,4705.30,1,4705.10,4705.40,0.30,4705.00,2,4704.90,1,4704.80,3,4704.70,5,4704.60,4,4704.50,4,4704.40,7,4704.30,5,4704.20,4,4704.10,3,4705.30,2,4705.40,2,4705.50,3,4705.60,4,4705.70,3,4705.80,2,4705.90,5,4706.00,7,4706.10,4,4706.20,6,Buy,19,13,32,6.00,6.00,-6.00,0.80,0.0,4705.30,4705.70,4704.90,4705.30,73,62,135,11.00,28.00,-1.00,2.00,50.0,-18,204,1.5455,0.0000,37.00,52.00,4697.83,0.6794,UP,72.90,1.8519,1.6373
20260824 103956 133,4705.40,1,4705.10,4705.40,0.30,4705.00,2,4704.90,1,4704.80,3,4704.70,5,4704.60,4,4704.50,4,4704.40,7,4704.30,5,4704.20,4,4704.10,3,4705.30,2,4705.40,2,4705.50,3,4705.60,4,4705.70,3,4705.80,2,4705.90,5,4706.00,7,4706.10,4,4706.20,6,Buy,20,13,33,7.00,7.00,-6.00,0.80,12.5,4705.30,4705.70,4704.90,4705.40,73,62,135,11.00,28.00,-1.00,2.00,50.0,-18,204,1.5455,0.0000,38.00,53.00,4697.84,0.6825,UP,72.90,1.8519,1.6373
20260824 103956 149,4705.30,1,4705.20,4705.50,0.30,4705.20,1,4705.10,2,4705.00,3,4704.90,2,4704.80,4,4704.70,7,4704.60,3,4704.50,4,4704.40,8,4704.30,5,4705.50,1,4705.60,3,4705.70,2,4705.80,2,4705.90,4,4706.00,5,4706.10,3,4706.20,6,4706.30,4,4706.40,6,Sell,20,14,34,6.00,7.00,-6.00,0.80,0.0,4705.30,4705.70,4704.90,4705.30,73,62,135,11.00,28.00,-1.00,2.00,50.0,-18,204,1.5455,0.1667,37.00,52.00,4697.83,0.6794,UP,72.90,1.8519,1.6373
20260824 103956 377,4705.30,1,4705.20,4705.50,0.30,4705.20,2,4705.10,2,4705.00,3,4704.90,2,4704.80,4,4704.70,6,4704.60,3,4704.50,5,4704.40,8,4704.30,5,4705.50,2,4705.60,2,4705.70,2,4705.80,2,4705.90,4,4706.00,5,4706.10,3,4706.20,6,4706.30,4,4706.40,6,Sell,20,15,35,5.00,7.00,-6.00,0.80,0.0,4705.30,4705.70,4704.90,4705.30,73,62,135,11.00,28.00,-1.00,2.00,50.0,-18,204,1.5455,0.4000,36.00,51.00,4697.83,0.6794,UP,72.90,1.8519,1.6373
20260824 103958 866,4705.30,1,4705.30,4705.60,0.30,4705.20,3,4705.10,1,4705.00,4,4704.90,3,4704.80,5,4704.70,6,4704.60,3,4704.50,4,4704.40,9,4704.30,6,4705.60,2,4705.70,4,4705.80,2,4705.90,2,4706.00,6,4706.10,3,4706.20,5,4706.30,4,4706.40,6,4706.50,4,Sell,20,16,36,4.00,7.00,-6.00,0.80,0.0,4705.30,4705.70,4704.90,4705.30,73,62,135,11.00,28.00,-1.00,2.00,50.0,-18,204,1.5455,0.7500,35.00,50.00,4697.83,0.6794,UP,72.90,1.8519,1.6373
20260824 104003 033,4705.00,1,4704.80,4705.00,0.20,4704.80,2,4704.60,6,4704.50,2,4704.40,6,4704.30,6,4704.20,4,4704.10,3,4704.00,2,4703.90,4,4703.80,3,4705.00,1,4705.20,2,4705.30,4,4705.40,2,4705.50,4,4705.60,4,4705.70,4,4705.80,3,4705.90,4,4706.00,8,Buy,1,0,1,1.00,1.00,1.00,0.00,0.0,4705.00,4705.00,4705.00,4705.00,20,16,36,4.00,7.00,-6.00,0.80,0.0,3,21,0.7500,0.0000,23.00,57.00,4697.80,0.6698,UP,73.70,0.4885,1.5418
20260824 104015 767,4705.30,1,4705.20,4705.30,0.10,4705.20,2,4705.10,1,4705.00,2,4704.90,2,4704.80,3,4704.70,4,4704.60,4,4704.50,4,4704.40,8,4704.30,6,4705.50,1,4705.70,4,4705.80,3,4705.90,5,4706.00,7,4706.10,4,4706.20,4,4706.30,4,4706.40,6,4706.50,5,Buy,2,0,2,2.00,2.00,1.00,0.30,100.0,4705.00,4705.30,4705.00,4705.30,20,16,36,4.00,7.00,-6.00,0.80,0.0,3,21,0.7500,0.0000,24.00,58.00,4697.83,0.6794,UP,73.70,0.4885,1.5418
20260824 104023 897,4705.10,1,4705.00,4705.10,0.10,4704.90,1,4704.80,2,4704.70,4,4704.60,3,4704.50,2,4704.40,8,4704.30,5,4704.20,4,4704.10,3,4704.00,3,4705.10,1,4705.20,2,4705.30,3,4705.40,1,4705.50,2,4705.60,3,4705.70,4,4705.80,3,4705.90,4,4706.00,8,Buy,3,0,3,3.00,3.00,1.00,0.30,33.3,4705.00,4705.30,4705.00,4705.10,20,16,36,4.00,7.00,-6.00,0.80,0.0,3,21,0.7500,0.0000,25.00,59.00,4697.81,0.6730,UP,73.70,0.4885,1.5418
20260824 104024 039,4705.10,1,4705.00,4705.30,0.30,4705.00,2,4704.90,1,4704.80,3,4704.70,3,4704.60,4,4704.50,5,4704.40,7,4704.30,5,4704.20,4,4704.10,3,4705.30,2,4705.40,2,4705.50,2,4705.60,1,4705.70,5,4705.80,3,4705.90,4,4706.00,7,4706.10,4,4706.20,4,Sell,3,1,4,2.00,3.00,1.00,0.30,33.3,4705.00,4705.30,4705.00,4705.10,20,16,36,4.00,7.00,-6.00,0.80,0.0,3,21,0.7500,0.5000,24.00,58.00,4697.81,0.6730,UP,73.70,0.4885,1.5418
20260824 104026 340,4705.00,1,4705.00,4705.20,0.20,4705.00,2,4704.80,4,4704.70,3,4704.60,4,4704.50,5,4704.40,7,4704.30,5,4704.20,4,4704.10,3,4704.00,3,4705.30,2,4705.40,2,4705.50,2,4705.60,1,4705.70,4,4705.80,3,4705.90,4,4706.00,8,4706.10,5,4706.20,4,Sell,3,2,5,1.00,3.00,1.00,0.30,0.0,4705.00,4705.30,4705.00,4705.00,20,16,36,4.00,7.00,-6.00,0.80,0.0,3,21,0.7500,2.0000,23.00,57.00,4697.80,0.6698,UP,73.70,0.4885,1.5418
20260824 104026 341,4705.00,1,4705.00,4705.20,0.20,4705.00,2,4704.80,4,4704.70,3,4704.60,4,4704.50,5,4704.40,7,4704.30,5,4704.20,4,4704.10,3,4704.00,3,4705.30,2,4705.40,2,4705.50,2,4705.60,1,4705.70,4,4705.80,3,4705.90,4,4706.00,8,4706.10,5,4706.20,4,Sell,3,3,6,0.00,3.00,0.00,0.30,0.0,4705.00,4705.30,4705.00,4705.00,20,16,36,4.00,7.00,-6.00,0.80,0.0,3,21,0.7500,3.0000,22.00,56.00,4697.80,0.6698,UP,73.70,0.4885,1.5418
20260824 104030 438,4704.60,1,4704.50,4704.80,0.30,4704.50,2,4704.40,2,4704.30,3,4704.20,5,4704.10,5,4704.00,3,4703.90,4,4703.80,3,4703.70,5,4703.60,6,4704.80,1,4704.90,1,4705.00,1,4705.10,4,4705.20,3,4705.30,4,4705.40,4,4705.50,5,4705.60,6,4705.70,4,Buy,4,3,7,1.00,3.00,0.00,0.70,57.1,4705.00,4705.30,4704.60,4704.60,20,16,36,4.00,7.00,-6.00,0.80,0.0,3,21,0.7500,2.0000,23.00,57.00,4697.76,0.6571,UP,73.70,0.4885,1.5704
20260824 104031 259,4704.40,1,4704.40,4704.70,0.30,4704.30,2,4704.20,4,4704.10,3,4704.00,3,4703.90,5,4703.80,2,4703.70,5,4703.60,5,4703.50,3,4703.40,4,4704.60,1,4704.70,1,4704.80,1,4704.90,2,4705.00,1,4705.10,3,4705.20,5,4705.30,4,4705.40,4,4705.50,5,Sell,4,4,8,0.00,3.00,0.00,0.90,66.7,4705.00,4705.30,4704.40,4704.40,20,16,36,4.00,7.00,-6.00,0.80,0.0,3,21,0.7500,3.0000,22.00,56.00,4697.75,0.6508,UP,73.70,0.4885,1.5847
20260824 104034 116,4704.30,1,4704.20,4704.60,0.40,4704.20,2,4704.10,3,4704.00,2,4703.90,4,4703.80,4,4703.70,5,4703.60,4,4703.50,3,4703.40,4,4703.30,4,4704.60,2,4704.70,1,4704.80,2,4704.90,3,4705.00,3,4705.10,3,4705.20,3,4705.30,4,4705.40,4,4705.50,5,Sell,4,5,9,-1.00,3.00,-1.00,1.00,70.0,4705.00,4705.30,4704.30,4704.30,20,16,36,4.00,7.00,-6.00,0.80,0.0,3,21,0.7500,0.0000,21.00,55.00,4697.74,0.6476,UP,73.70,0.4885,1.5918
20260824 104035 620,4704.70,1,4704.60,4704.80,0.20,4704.50,1,4704.40,4,4704.30,2,4704.20,3,4704.10,4,4704.00,3,4703.90,4,4703.80,3,4703.70,5,4703.60,6,4704.80,1,4704.90,5,4705.00,2,4705.10,1,4705.20,2,4705.30,5,4705.40,4,4705.50,5,4705.60,6,4705.70,4,Buy,5,5,10,0.00,3.00,-1.00,1.00,30.0,4705.00,4705.30,4704.30,4704.70,20,16,36,4.00,7.00,-6.00,0.80,0.0,3,21,0.7500,3.0000,22.00,56.00,4697.77,0.6603,UP,73.70,0.4885,1.5918
20260824 104035 620,4704.70,2,4704.60,4704.80,0.20,4704.50,1,4704.40,4,4704.30,2,4704.20,3,4704.10,4,4704.00,3,4703.90,4,4703.80,3,4703.70,5,4703.60,6,4704.80,1,4704.90,5,4705.00,2,4705.10,1,4705.20,2,4705.30,5,4705.40,4,4705.50,5,4705.60,6,4705.70,4,Buy,7,5,12,2.00,3.00,-1.00,1.00,30.0,4705.00,4705.30,4704.30,4704.70,20,16,36,4.00,7.00,-6.00,0.80,0.0,3,21,0.7500,0.5000,24.00,58.00,4697.77,0.6603,UP,73.70,0.4885,1.5918
20260824 104035 620,4704.70,2,4704.60,4704.80,0.20,4704.50,1,4704.40,4,4704.30,2,4704.20,3,4704.10,4,4704.00,3,4703.90,4,4703.80,3,4703.70,5,4703.60,6,4704.80,1,4704.90,5,4705.00,2,4705.10,1,4705.20,2,4705.30,5,4705.40,4,4705.50,5,4705.60,6,4705.70,4,Buy,9,5,14,4.00,4.00,-1.00,1.00,30.0,4705.00,4705.30,4704.30,4704.70,20,16,36,4.00,7.00,-6.00,0.80,0.0,3,21,0.7500,0.0000,26.00,60.00,4697.77,0.6603,UP,73.70,0.4885,1.5918
20260824 104035 621,4704.70,1,4704.60,4704.80,0.20,4704.50,1,4704.40,4,4704.30,2,4704.20,3,4704.10,4,4704.00,3,4703.90,4,4703.80,3,4703.70,5,4703.60,6,4704.80,1,4704.90,5,4705.00,2,4705.10,1,4705.20,2,4705.30,5,4705.40,4,4705.50,5,4705.60,6,4705.70,4,Buy,10,5,15,5.00,5.00,-1.00,1.00,30.0,4705.00,4705.30,4704.30,4704.70,20,16,36,4.00,7.00,-6.00,0.80,0.0,3,21,0.7500,0.0000,27.00,61.00,4697.77,0.6603,UP,73.70,0.4885,1.5918
20260824 104035 621,4704.70,2,4704.60,4704.80,0.20,4704.50,1,4704.40,4,4704.30,2,4704.20,3,4704.10,4,4704.00,3,4703.90,4,4703.80,3,4703.70,5,4703.60,6,4704.80,1,4704.90,5,4705.00,2,4705.10,1,4705.20,2,4705.30,5,4705.40,4,4705.50,5,4705.60,6,4705.70,4,Buy,12,5,17,7.00,7.00,-1.00,1.00,30.0,4705.00,4705.30,4704.30,4704.70,20,16,36,4.00,7.00,-6.00,0.80,0.0,3,21,0.7500,0.0000,29.00,63.00,4697.77,0.6603,UP,73.70,0.4885,1.5918
20260824 104035 621,4704.70,1,4704.60,4704.80,0.20,4704.50,1,4704.40,4,4704.30,2,4704.20,3,4704.10,4,4704.00,3,4703.90,4,4703.80,3,4703.70,5,4703.60,6,4704.80,1,4704.90,5,4705.00,2,4705.10,1,4705.20,2,4705.30,5,4705.40,4,4705.50,5,4705.60,6,4705.70,4,Buy,13,5,18,8.00,8.00,-1.00,1.00,30.0,4705.00,4705.30,4704.30,4704.70,20,16,36,4.00,7.00,-6.00,0.80,0.0,3,21,0.7500,0.0000,30.00,64.00,4697.77,0.6603,UP,73.70,0.4885,1.5918
20260824 104035 621,4704.70,1,4704.60,4704.80,0.20,4704.50,1,4704.40,4,4704.30,2,4704.20,3,4704.10,4,4704.00,3,4703.90,4,4703.80,3,4703.70,5,4703.60,6,4704.80,1,4704.90,5,4705.00,2,4705.10,1,4705.20,2,4705.30,5,4705.40,4,4705.50,5,4705.60,6,4705.70,4,Buy,14,5,19,9.00,9.00,-1.00,1.00,30.0,4705.00,4705.30,4704.30,4704.70,20,16,36,4.00,7.00,-6.00,0.80,0.0,3,21,0.7500,0.0000,31.00,65.00,4697.77,0.6603,UP,73.70,0.4885,1.5918
20260824 104035 622,4704.60,1,4704.60,4704.80,0.20,4704.50,1,4704.40,4,4704.30,2,4704.20,3,4704.10,4,4704.00,3,4703.90,4,4703.80,3,4703.70,5,4703.60,6,4704.80,1,4704.90,5,4705.00,2,4705.10,1,4705.20,2,4705.30,5,4705.40,4,4705.50,5,4705.60,6,4705.70,4,Sell,14,6,20,8.00,9.00,-1.00,1.00,40.0,4705.00,4705.30,4704.30,4704.60,20,16,36,4.00,7.00,-6.00,0.80,0.0,3,21,0.7500,0.1250,30.00,64.00,4697.76,0.6571,UP,73.70,0.4885,1.5918
20260824 104036 820,4704.80,1,4704.70,4705.10,0.40,4704.70,2,4704.60,3,4704.50,5,4704.40,2,4704.30,5,4704.20,2,4704.10,4,4704.00,5,4703.90,4,4703.80,3,4705.10,3,4705.20,2,4705.30,4,4705.40,3,4705.50,4,4705.60,5,4705.70,4,4705.80,3,4705.90,4,4706.00,8,Buy,15,6,21,9.00,9.00,-1.00,1.00,20.0,4705.00,4705.30,4704.30,4704.80,20,16,36,4.00,7.00,-6.00,0.80,0.0,3,21,0.7500,0.0000,31.00,65.00,4697.78,0.6635,UP,73.70,0.4885,1.5918
20260824 104036 822,4704.90,1,4704.70,4705.10,0.40,4704.70,2,4704.60,3,4704.50,5,4704.40,2,4704.30,5,4704.20,2,4704.10,4,4704.00,5,4703.90,4,4703.80,3,4705.10,3,4705.20,2,4705.30,4,4705.40,3,4705.50,4,4705.60,5,4705.70,4,4705.80,3,4705.90,4,4706.00,8,Buy,16,6,22,10.00,10.00,-1.00,1.00,10.0,4705.00,4705.30,4704.30,4704.90,20,16,36,4.00,7.00,-6.00,0.80,0.0,3,21,0.7500,0.0000,32.00,66.00,4697.79,0.6667,UP,73.70,0.4885,1.5918
20260824 104037 043,4704.90,1,4704.90,4705.20,0.30,4704.80,1,4704.70,4,4704.60,3,4704.50,5,4704.40,3,4704.30,5,4704.20,2,4704.10,4,4704.00,5,4703.90,4,4705.10,1,4705.20,2,4705.30,3,4705.40,3,4705.50,3,4705.60,4,4705.70,4,4705.80,3,4705.90,4,4706.00,8,Sell,16,7,23,9.00,10.00,-1.00,1.00,10.0,4705.00,4705.30,4704.30,4704.90,20,16,36,4.00,7.00,-6.00,0.80,0.0,3,21,0.7500,0.1111,31.00,65.00,4697.79,0.6667,UP,73.70,0.4885,1.5918
20260824 104040 378,4705.20,1,4705.00,4705.20,0.20,4705.00,3,4704.90,5,4704.80,2,4704.70,4,4704.60,5,4704.50,5,4704.40,4,4704.30,5,4704.20,2,4704.10,5,4705.20,1,4705.30,1,4705.50,4,4705.60,4,4705.70,3,4705.80,3,4705.90,4,4706.00,9,4706.10,4,4706.20,4,Sell,16,8,24,8.00,10.00,-1.00,1.00,20.0,4705.00,4705.30,4704.30,4705.20,20,16,36,4.00,7.00,-6.00,0.80,0.0,3,21,0.7500,0.2500,30.00,64.00,4697.82,0.6762,UP,73.70,0.4885,1.5918
20260824 104040 903,4705.20,1,4705.00,4705.20,0.20,4705.00,3,4704.90,5,4704.80,2,4704.70,4,4704.60,4,4704.50,6,4704.40,4,4704.30,5,4704.20,2,4704.10,5,4705.20,1,4705.30,1,4705.50,3,4705.60,1,4705.70,4,4705.80,3,4705.90,4,4706.00,8,4706.10,4,4706.20,4,Buy,17,8,25,9.00,10.00,-1.00,1.00,20.0,4705.00,4705.30,4704.30,4705.20,20,16,36,4.00,7.00,-6.00,0.80,0.0,3,21,0.7500,0.1111,31.00,65.00,4697.82,0.6762,UP,73.70,0.4885,1.5918
20260824 104045 219,4705.50,1,4705.30,4705.50,0.20,4705.30,3,4705.10,4,4705.00,5,4704.90,5,4704.80,3,4704.70,5,4704.60,4,4704.50,5,4704.40,4,4704.30,5,4705.50,2,4705.70,3,4705.80,2,4705.90,2,4706.00,7,4706.10,3,4706.20,5,4706.30,4,4706.40,6,4706.50,5,Buy,18,8,26,10.00,10.00,-1.00,1.20,41.7,4705.00,4705.50,4704.30,4705.50,20,16,36,4.00,7.00,-6.00,0.80,0.0,3,21,0.7500,0.0000,32.00,66.00,4697.85,0.6857,UP,73.70,0.4885,1.6061
20260824 104045 219,4705.50,1,4705.30,4705.50,0.20,4705.30,3,4705.10,4,4705.00,5,4704.90,5,4704.80,3,4704.70,5,4704.60,4,4704.50,5,4704.40,4,4704.30,5,4705.50,2,4705.70,3,4705.80,2,4705.90,2,4706.00,7,4706.10,3,4706.20,5,4706.30,4,4706.40,6,4706.50,5,Buy,19,8,27,11.00,11.00,-1.00,1.20,41.7,4705.00,4705.50,4704.30,4705.50,20,16,36,4.00,7.00,-6.00,0.80,0.0,3,21,0.7500,0.0000,33.00,67.00,4697.85,0.6857,UP,73.70,0.4885,1.6061
20260824 104046 062,4705.40,1,4705.30,4705.50,0.20,4705.30,3,4705.10,4,4705.00,4,4704.90,5,4704.80,5,4704.70,5,4704.60,4,4704.50,5,4704.40,5,4704.30,4,4705.50,1,4705.60,2,4705.70,3,4705.80,2,4705.90,2,4706.00,8,4706.10,3,4706.20,3,4706.30,4,4706.40,6,Sell,19,9,28,10.00,11.00,-1.00,1.20,33.3,4705.00,4705.50,4704.30,4705.40,20,16,36,4.00,7.00,-6.00,0.80,0.0,3,21,0.7500,0.1000,32.00,66.00,4697.84,0.6825,UP,73.70,0.4885,1.6061
20260824 104047 814,4705.30,1,4705.30,4705.50,0.20,4705.30,2,4705.10,4,4705.00,4,4704.90,5,4704.80,5,4704.70,5,4704.60,4,4704.50,5,4704.40,5,4704.30,4,4705.50,1,4705.60,3,4705.70,2,4705.80,3,4705.90,2,4706.00,8,4706.10,3,4706.20,4,4706.30,4,4706.40,6,Sell,19,10,29,9.00,11.00,-1.00,1.20,25.0,4705.00,4705.50,4704.30,4705.30,20,16,36,4.00,7.00,-6.00,0.80,0.0,3,21,0.7500,0.2222,31.00,65.00,4697.83,0.6794,UP,73.70,0.4885,1.6061
20260824 104054 468,4705.30,2,4705.20,4705.40,0.20,4705.20,2,4705.10,4,4705.00,4,4704.90,4,4704.80,4,4704.70,5,4704.60,4,4704.50,5,4704.40,5,4704.30,4,4705.40,1,4705.50,3,4705.70,1,4705.80,4,4705.90,2,4706.00,7,4706.10,3,4706.20,4,4706.30,5,4706.40,5,Sell,19,12,31,7.00,11.00,-1.00,1.20,25.0,4705.00,4705.50,4704.30,4705.30,20,16,36,4.00,7.00,-6.00,0.80,0.0,3,21,0.7500,0.5714,29.00,63.00,4697.83,0.6794,UP,73.70,0.4885,1.6061
20260824 104054 473,4705.20,2,4705.20,4705.40,0.20,4705.20,2,4705.10,4,4705.00,4,4704.90,4,4704.80,4,4704.70,5,4704.60,4,4704.50,5,4704.40,5,4704.30,4,4705.40,1,4705.50,3,4705.70,1,4705.80,4,4705.90,2,4706.00,7,4706.10,3,4706.20,4,4706.30,5,4706.40,5,Sell,19,14,33,5.00,11.00,-1.00,1.20,16.7,4705.00,4705.50,4704.30,4705.20,20,16,36,4.00,7.00,-6.00,0.80,0.0,3,21,0.7500,1.2000,27.00,61.00,4697.82,0.6762,UP,73.70,0.4885,1.6061
20260824 104055 328,4705.30,1,4705.10,4705.30,0.20,4705.20,1,4705.10,1,4705.00,4,4704.90,3,4704.80,4,4704.70,5,4704.60,4,4704.50,5,4704.40,4,4704.30,4,4705.50,1,4705.70,1,4705.80,4,4705.90,3,4706.00,8,4706.10,4,4706.20,4,4706.30,5,4706.40,5,4706.50,4,Buy,20,14,34,6.00,11.00,-1.00,1.20,25.0,4705.00,4705.50,4704.30,4705.30,20,16,36,4.00,7.00,-6.00,0.80,0.0,3,21,0.7500,0.8333,28.00,62.00,4697.83,0.6794,UP,73.70,0.4885,1.6061
20260824 104100 333,4705.30,1,4705.10,4705.40,0.30,4705.10,2,4705.00,4,4704.90,3,4704.80,3,4704.70,5,4704.60,5,4704.50,5,4704.40,4,4704.30,4,4704.20,2,4705.40,1,4705.50,1,4705.60,1,4705.70,3,4705.80,4,4705.90,4,4706.00,8,4706.10,4,4706.20,4,4706.30,5,Sell,0,1,1,-1.00,-1.00,-1.00,0.00,0.0,4705.30,4705.30,4705.30,4705.30,20,14,34,6.00,11.00,-1.00,1.20,25.0,18,69,0.8333,0.0000,2.00,47.00,4697.83,0.6794,UP,71.35,0.4765,1.4914
20260824 104102 067,4705.00,1,4704.80,4705.10,0.30,4704.80,1,4704.70,2,4704.50,5,4704.40,3,4704.30,4,4704.20,2,4704.10,4,4704.00,4,4703.90,4,4703.80,4,4705.10,1,4705.20,5,4705.30,2,4705.40,3,4705.50,4,4705.60,4,4705.70,2,4705.80,4,4705.90,4,4706.00,9,Sell,0,2,2,-2.00,-1.00,-2.00,0.30,100.0,4705.30,4705.30,4705.00,4705.00,20,14,34,6.00,11.00,-1.00,1.20,25.0,18,69,0.8333,0.0000,1.00,46.00,4697.80,0.6698,UP,71.35,0.4765,1.5128
20260824 104102 068,4705.00,2,4704.80,4705.10,0.30,4704.80,1,4704.70,2,4704.50,5,4704.40,3,4704.30,4,4704.20,2,4704.10,4,4704.00,4,4703.90,4,4703.80,4,4705.10,1,4705.20,5,4705.30,2,4705.40,3,4705.50,4,4705.60,4,4705.70,2,4705.80,4,4705.90,4,4706.00,9,Sell,0,4,4,-4.00,-1.00,-4.00,0.30,100.0,4705.30,4705.30,4705.00,4705.00,20,14,34,6.00,11.00,-1.00,1.20,25.0,18,69,0.8333,0.0000,-1.00,44.00,4697.80,0.6698,UP,71.35,0.4765,1.5128
20260824 104103 081,4704.90,1,4704.70,4705.00,0.30,4704.70,2,4704.60,2,4704.50,3,4704.40,3,4704.30,3,4704.20,3,4704.10,4,4704.00,3,4703.90,4,4703.80,4,4705.00,1,4705.10,2,4705.20,3,4705.40,4,4705.50,5,4705.60,3,4705.70,3,4705.80,4,4705.90,4,4706.00,10,Buy,1,4,5,-3.00,-1.00,-4.00,0.40,100.0,4705.30,4705.30,4704.90,4704.90,20,14,34,6.00,11.00,-1.00,1.20,25.0,18,69,0.8333,0.3333,0.00,45.00,4697.79,0.6667,UP,71.35,0.4765,1.5199
20260824 104103 318,4704.70,1,4704.60,4704.90,0.30,4704.60,2,4704.50,2,4704.40,6,4704.30,3,4704.20,3,4704.10,4,4704.00,3,4703.90,4,4703.80,4,4703.70,5,4704.90,1,4705.00,2,4705.10,2,4705.20,3,4705.40,4,4705.50,5,4705.60,3,4705.70,3,4705.80,4,4705.90,4,Sell,1,5,6,-4.00,-1.00,-4.00,0.60,100.0,4705.30,4705.30,4704.70,4704.70,20,14,34,6.00,11.00,-1.00,1.20,25.0,18,69,0.8333,0.0000,-1.00,44.00,4697.77,0.6603,UP,71.35,0.4765,1.5342
20260824 104104 206,4704.50,1,4704.30,4704.50,0.20,4704.40,2,4704.30,4,4704.20,1,4704.10,4,4704.00,4,4703.90,4,4703.80,3,4703.70,5,4703.60,5,4703.50,3,4704.50,1,4704.70,1,4704.80,1,4705.00,3,4705.10,2,4705.20,4,4705.30,3,4705.40,4,4705.50,5,4705.60,4,Sell,1,6,7,-5.00,-1.00,-5.00,0.80,100.0,4705.30,4705.30,4704.50,4704.50,20,14,34,6.00,11.00,-1.00,1.20,25.0,18,69,0.8333,0.0000,-2.00,43.00,4697.76,0.6540,UP,71.35,0.4765,1.5485
20260824 104104 207,4704.50,1,4704.30,4704.50,0.20,4704.40,2,4704.30,4,4704.20,1,4704.10,4,4704.00,4,4703.90,4,4703.80,3,4703.70,5,4703.60,5,4703.50,3,4704.50,1,4704.70,1,4704.80,1,4705.00,3,4705.10,2,4705.20,4,4705.30,3,4705.40,4,4705.50,5,4705.60,4,Buy,2,6,8,-4.00,-1.00,-5.00,0.80,100.0,4705.30,4705.30,4704.50,4704.50,20,14,34,6.00,11.00,-1.00,1.20,25.0,18,69,0.8333,0.2500,-1.00,44.00,4697.76,0.6540,UP,71.35,0.4765,1.5485
20260824 104104 210,4704.50,1,4704.30,4704.50,0.20,4704.40,2,4704.30,4,4704.20,1,4704.10,4,4704.00,4,4703.90,4,4703.80,3,4703.70,5,4703.60,5,4703.50,3,4704.50,1,4704.70,1,4704.80,1,4705.00,3,4705.10,2,4705.20,4,4705.30,3,4705.40,4,4705.50,5,4705.60,4,Buy,3,6,9,-3.00,-1.00,-5.00,0.80,100.0,4705.30,4705.30,4704.50,4704.50,20,14,34,6.00,11.00,-1.00,1.20,25.0,18,69,0.8333,0.6667,0.00,45.00,4697.76,0.6540,UP,71.35,0.4765,1.5485
20260824 104104 962,4704.20,1,4704.00,4704.40,0.40,4704.00,1,4703.90,2,4703.80,3,4703.70,6,4703.60,6,4703.50,4,4703.40,3,4703.30,4,4703.20,4,4703.10,6,4704.40,3,4704.50,3,4704.60,2,4704.70,2,4704.80,2,4704.90,3,4705.00,5,4705.10,4,4705.20,6,4705.30,3,Sell,3,7,10,-4.00,-1.00,-5.00,1.10,100.0,4705.30,4705.30,4704.20,4704.20,20,14,34,6.00,11.00,-1.00,1.20,25.0,18,69,0.8333,0.2500,-1.00,44.00,4697.73,0.6444,UP,71.35,0.4765,1.5699
20260824 104106 693,4704.00,1,4703.80,4704.00,0.20,4703.80,2,4703.70,5,4703.60,4,4703.50,3,4703.40,4,4703.30,5,4703.20,4,4703.10,5,4703.00,5,4702.90,4,4704.00,2,4704.20,1,4704.30,2,4704.40,2,4704.50,3,4704.60,2,4704.70,4,4704.80,3,4704.90,3,4705.00,5,Sell,3,8,11,-5.00,-1.00,-5.00,1.30,100.0,4705.30,4705.30,4704.00,4704.00,20,14,34,6.00,11.00,-1.00,1.20,25.0,18,69,0.8333,0.0000,-2.00,43.00,4697.71,0.6381,UP,71.35,0.4765,1.5842
20260824 104107 014,4704.00,1,4703.80,4704.00,0.20,4703.80,2,4703.70,5,4703.60,4,4703.50,3,4703.40,4,4703.30,5,4703.20,4,4703.10,5,4703.00,5,4702.90,4,4704.00,2,4704.20,1,4704.30,2,4704.40,2,4704.50,3,4704.60,2,4704.70,4,4704.80,4,4704.90,3,4705.00,5,Buy,4,8,12,-4.00,-1.00,-5.00,1.30,100.0,4705.30,4705.30,4704.00,4704.00,20,14,34,6.00,11.00,-1.00,1.20,25.0,18,69,0.8333,0.2500,-1.00,44.00,4697.71,0.6381,UP,71.35,0.4765,1.5842
20260824 104107 015,4704.00,1,4703.80,4704.00,0.20,4703.80,2,4703.70,5,4703.60,4,4703.50,3,4703.40,4,4703.30,5,4703.20,4,4703.10,5,4703.00,5,4702.90,4,4704.00,2,4704.20,1,4704.30,2,4704.40,2,4704.50,3,4704.60,2,4704.70,4,4704.80,4,4704.90,3,4705.00,5,Buy,5,8,13,-3.00,-1.00,-5.00,1.30,100.0,4705.30,4705.30,4704.00,4704.00,20,14,34,6.00,11.00,-1.00,1.20,25.0,18,69,0.8333,0.6667,0.00,45.00,4697.71,0.6381,UP,71.35,0.4765,1.5842
20260824 104107 957,4703.70,1,4703.70,4704.10,0.40,4703.70,3,4703.60,3,4703.50,4,4703.40,4,4703.30,5,4703.20,4,4703.10,6,4703.00,5,4702.90,3,4702.80,4,4704.10,2,4704.20,2,4704.30,2,4704.40,2,4704.50,4,4704.60,4,4704.70,4,4704.80,4,4704.90,2,4705.00,5,Sell,5,9,14,-4.00,-1.00,-5.00,1.60,100.0,4705.30,4705.30,4703.70,4703.70,20,14,34,6.00,11.00,-1.00,1.20,25.0,18,69,0.8333,0.2500,-1.00,44.00,4697.68,0.6286,UP,71.35,0.4765,1.6057
20260824 104107 957,4703.70,1,4703.70,4704.10,0.40,4703.70,3,4703.60,3,4703.50,4,4703.40,4,4703.30,5,4703.20,4,4703.10,6,4703.00,5,4702.90,3,4702.80,4,4704.10,2,4704.20,2,4704.30,2,4704.40,2,4704.50,4,4704.60,4,4704.70,4,4704.80,4,4704.90,2,4705.00,5,Sell,5,10,15,-5.00,-1.00,-5.00,1.60,100.0,4705.30,4705.30,4703.70,4703.70,20,14,34,6.00,11.00,-1.00,1.20,25.0,18,69,0.8333,0.0000,-2.00,43.00,4697.68,0.6286,UP,71.35,0.4765,1.6057
20260824 104107 957,4703.60,1,4703.70,4704.10,0.40,4703.70,3,4703.60,3,4703.50,4,4703.40,4,4703.30,5,4703.20,4,4703.10,6,4703.00,5,4702.90,3,4702.80,4,4704.10,2,4704.20,2,4704.30,2,4704.40,2,4704.50,4,4704.60,4,4704.70,4,4704.80,4,4704.90,2,4705.00,5,Sell,5,11,16,-6.00,-1.00,-6.00,1.70,100.0,4705.30,4705.30,4703.60,4703.60,20,14,34,6.00,11.00,-1.00,1.20,25.0,18,69,0.8333,0.0000,-3.00,42.00,4697.67,0.6254,UP,71.35,0.4765,1.6128
20260824 104108 500,4704.20,1,4704.30,4704.60,0.30,4704.30,1,4704.20,1,4704.10,3,4704.00,6,4703.90,5,4703.80,2,4703.70,6,4703.60,5,4703.50,4,4703.40,4,4704.60,2,4704.80,4,4704.90,2,4705.00,6,4705.10,4,4705.20,4,4705.30,3,4705.40,4,4705.50,5,4705.60,4,Buy,6,11,17,-5.00,-1.00,-6.00,1.70,64.7,4705.30,4705.30,4703.60,4704.20,20,14,34,6.00,11.00,-1.00,1.20,25.0,18,69,0.8333,0.2000,-2.00,43.00,4697.73,0.6444,UP,71.35,0.4765,1.6128
20260824 104110 141,4704.70,1,4704.40,4704.70,0.30,4704.40,1,4704.30,2,4704.20,2,4704.10,4,4704.00,8,4703.90,6,4703.80,4,4703.70,5,4703.60,6,4703.50,4,4704.70,2,4704.80,1,4704.90,3,4705.00,3,4705.10,3,4705.20,5,4705.30,3,4705.40,4,4705.50,5,4705.60,4,Buy,7,11,18,-4.00,-1.00,-6.00,1.70,35.3,4705.30,4705.30,4703.60,4704.70,20,14,34,6.00,11.00,-1.00,1.20,25.0,18,69,0.8333,0.5000,-1.00,44.00,4697.77,0.6603,UP,71.35,0.4765,1.6128
20260824 104111 238,4704.50,1,4704.40,4704.70,0.30,4704.40,1,4704.30,2,4704.20,2,4704.10,3,4704.00,9,4703.90,6,4703.80,3,4703.70,5,4703.60,5,4703.50,4,4704.70,1,4704.80,2,4704.90,2,4705.00,2,4705.10,2,4705.20,4,4705.30,4,4705.40,4,4705.50,5,4705.60,4,Sell,7,12,19,-5.00,-1.00,-6.00,1.70,47.1,4705.30,4705.30,4703.60,4704.50,20,14,34,6.00,11.00,-1.00,1.20,25.0,18,69,0.8333,0.2000,-2.00,43.00,4697.76,0.6540,UP,71.35,0.4765,1.6128
20260824 104111 259,4704.60,1,4704.40,4704.70,0.30,4704.40,1,4704.30,2,4704.20,2,4704.10,3,4704.00,9,4703.90,6,4703.80,3,4703.70,5,4703.60,5,4703.50,4,4704.70,1,4704.80,2,4704.90,2,4705.00,2,4705.10,2,4705.20,4,4705.30,4,4705.40,4,4705.50,5,4705.60,4,Buy,8,12,20,-4.00,-1.00,-6.00,1.70,41.2,4705.30,4705.30,4703.60,4704.60,20,14,34,6.00,11.00,-1.00,1.20,25.0,18,69,0.8333,0.5000,-1.00,44.00,4697.76,0.6571,UP,71.35,0.4765,1.6128
20260824 104111 263,4704.50,1,4704.40,4704.70,0.30,4704.40,1,4704.30,2,4704.20,2,4704.10,3,4704.00,9,4703.90,6,4703.80,3,4703.70,5,4703.60,5,4703.50,4,4704.70,1,4704.80,2,4704.90,2,4705.00,2,4705.10,2,4705.20,4,4705.30,4,4705.40,4,4705.50,5,4705.60,4,Sell,8,13,21,-5.00,-1.00,-6.00,1.70,47.1,4705.30,4705.30,4703.60,4704.50,20,14,34,6.00,11.00,-1.00,1.20,25.0,18,69,0.8333,0.2000,-2.00,43.00,4697.76,0.6540,UP,71.35,0.4765,1.6128
20260824 104111 272,4704.50,1,4704.40,4704.70,0.30,4704.40,1,4704.30,2,4704.20,2,4704.10,3,4704.00,9,4703.90,6,4703.80,3,4703.70,5,4703.60,5,4703.50,4,4704.70,1,4704.80,2,4704.90,2,4705.00,2,4705.10,2,4705.20,4,4705.30,4,4705.40,4,4705.50,5,4705.60,4,Sell,8,14,22,-6.00,-1.00,-6.00,1.70,47.1,4705.30,4705.30,4703.60,4704.50,20,14,34,6.00,11.00,-1.00,1.20,25.0,18,69,0.8333,0.0000,-3.00,42.00,4697.76,0.6540,UP,71.35,0.4765,1.6128
20260824 104114 835,4704.50,1,4704.90,4705.60,0.70,4704.30,1,4704.20,2,4704.10,5,4704.00,10,4703.90,5,4703.80,2,4703.70,6,4703.60,5,4703.50,4,4703.40,4,4705.90,1,4706.00,8,4706.10,6,4706.20,6,4706.30,4,4706.40,5,4706.50,4,4706.60,4,4706.70,3,4706.80,6,Buy,9,14,23,-5.00,-1.00,-6.00,1.70,47.1,4705.30,4705.30,4703.60,4704.50,20,14,34,6.00,11.00,-1.00,1.20,25.0,18,69,0.8333,0.2000,-2.00,43.00,4697.76,0.6540,UP,71.35,0.4765,1.6128
20260824 104114 835,4704.60,1,4704.90,4705.60,0.70,4704.30,1,4704.20,2,4704.10,5,4704.00,10,4703.90,5,4703.80,2,4703.70,6,4703.60,5,4703.50,4,4703.40,4,4705.90,1,4706.00,8,4706.10,6,4706.20,6,4706.30,4,4706.40,5,4706.50,4,4706.60,4,4706.70,3,4706.80,6,Buy,10,14,24,-4.00,-1.00,-6.00,1.70,41.2,4705.30,4705.30,4703.60,4704.60,20,14,34,6.00,11.00,-1.00,1.20,25.0,18,69,0.8333,0.5000,-1.00,44.00,4697.76,0.6571,UP,71.35,0.4765,1.6128
20260824 104114 835,4704.70,1,4704.90,4705.60,0.70,4704.30,1,4704.20,2,4704.10,5,4704.00,10,4703.90,5,4703.80,2,4703.70,6,4703.60,5,4703.50,4,4703.40,4,4705.90,1,4706.00,8,4706.10,6,4706.20,6,4706.30,4,4706.40,5,4706.50,4,4706.60,4,4706.70,3,4706.80,6,Buy,11,14,25,-3.00,-1.00,-6.00,1.70,35.3,4705.30,4705.30,4703.60,4704.70,20,14,34,6.00,11.00,-1.00,1.20,25.0,18,69,0.8333,1.0000,0.00,45.00,4697.77,0.6603,UP,71.35,0.4765,1.6128
20260824 104114 835,4704.80,1,4704.90,4705.60,0.70,4704.30,1,4704.20,2,4704.10,5,4704.00,10,4703.90,5,4703.80,2,4703.70,6,4703.60,5,4703.50,4,4703.40,4,4705.90,1,4706.00,8,4706.10,6,4706.20,6,4706.30,4,4706.40,5,4706.50,4,4706.60,4,4706.70,3,4706.80,6,Buy,12,14,26,-2.00,-1.00,-6.00,1.70,29.4,4705.30,4705.30,4703.60,4704.80,20,14,34,6.00,11.00,-1.00,1.20,25.0,18,69,0.8333,2.0000,1.00,46.00,4697.78,0.6635,UP,71.35,0.4765,1.6128
20260824 104114 835,4704.80,1,4704.90,4705.60,0.70,4704.30,1,4704.20,2,4704.10,5,4704.00,10,4703.90,5,4703.80,2,4703.70,6,4703.60,5,4703.50,4,4703.40,4,4705.90,1,4706.00,8,4706.10,6,4706.20,6,4706.30,4,4706.40,5,4706.50,4,4706.60,4,4706.70,3,4706.80,6,Buy,13,14,27,-1.00,-1.00,-6.00,1.70,29.4,4705.30,4705.30,4703.60,4704.80,20,14,34,6.00,11.00,-1.00,1.20,25.0,18,69,0.8333,5.0000,2.00,47.00,4697.78,0.6635,UP,71.35,0.4765,1.6128
20260824 104114 835,4704.80,1,4704.90,4705.60,0.70,4704.30,1,4704.20,2,4704.10,5,4704.00,10,4703.90,5,4703.80,2,4703.70,6,4703.60,5,4703.50,4,4703.40,4,4705.90,1,4706.00,8,4706.10,6,4706.20,6,4706.30,4,4706.40,5,4706.50,4,4706.60,4,4706.70,3,4706.80,6,Buy,14,14,28,0.00,0.00,-6.00,1.70,29.4,4705.30,4705.30,4703.60,4704.80,20,14,34,6.00,11.00,-1.00,1.20,25.0,18,69,0.8333,0.0000,3.00,48.00,4697.78,0.6635,UP,71.35,0.4765,1.6128
20260824 104114 835,4704.90,1,4704.90,4705.60,0.70,4704.30,1,4704.20,2,4704.10,5,4704.00,10,4703.90,5,4703.80,2,4703.70,6,4703.60,5,4703.50,4,4703.40,4,4705.90,1,4706.00,8,4706.10,6,4706.20,6,4706.30,4,4706.40,5,4706.50,4,4706.60,4,4706.70,3,4706.80,6,Buy,15,14,29,1.00,1.00,-6.00,1.70,23.5,4705.30,4705.30,4703.60,4704.90,20,14,34,6.00,11.00,-1.00,1.20,25.0,18,69,0.8333,0.0000,4.00,49.00,4697.79,0.6667,UP,71.35,0.4765,1.6128
20260824 104114 835,4705.00,1,4704.90,4705.60,0.70,4704.30,1,4704.20,2,4704.10,5,4704.00,10,4703.90,5,4703.80,2,4703.70,6,4703.60,5,4703.50,4,4703.40,4,4705.90,1,4706.00,8,4706.10,6,4706.20,6,4706.30,4,4706.40,5,4706.50,4,4706.60,4,4706.70,3,4706.80,6,Buy,16,14,30,2.00,2.00,-6.00,1.70,17.6,4705.30,4705.30,4703.60,4705.00,20,14,34,6.00,11.00,-1.00,1.20,25.0,18,69,0.8333,0.0000,5.00,50.00,4697.80,0.6698,UP,71.35,0.4765,1.6128
20260824 104114 835,4705.00,1,4704.90,4705.60,0.70,4704.30,1,4704.20,2,4704.10,5,4704.00,10,4703.90,5,4703.80,2,4703.70,6,4703.60,5,4703.50,4,4703.40,4,4705.90,1,4706.00,8,4706.10,6,4706.20,6,4706.30,4,4706.40,5,4706.50,4,4706.60,4,4706.70,3,4706.80,6,Buy,17,14,31,3.00,3.00,-6.00,1.70,17.6,4705.30,4705.30,4703.60,4705.00,20,14,34,6.00,11.00,-1.00,1.20,25.0,18,69,0.8333,0.0000,6.00,51.00,4697.80,0.6698,UP,71.35,0.4765,1.6128
20260824 104114 835,4705.00,1,4704.90,4705.60,0.70,4704.30,1,4704.20,2,4704.10,5,4704.00,10,4703.90,5,4703.80,2,4703.70,6,4703.60,5,4703.50,4,4703.40,4,4705.90,1,4706.00,8,4706.10,6,4706.20,6,4706.30,4,4706.40,5,4706.50,4,4706.60,4,4706.70,3,4706.80,6,Buy,18,14,32,4.00,4.00,-6.00,1.70,17.6,4705.30,4705.30,4703.60,4705.00,20,14,34,6.00,11.00,-1.00,1.20,25.0,18,69,0.8333,0.0000,7.00,52.00,4697.80,0.6698,UP,71.35,0.4765,1.6128
20260824 104114 835,4705.00,1,4704.90,4705.60,0.70,4704.30,1,4704.20,2,4704.10,5,4704.00,10,4703.90,5,4703.80,2,4703.70,6,4703.60,5,4703.50,4,4703.40,4,4705.90,1,4706.00,8,4706.10,6,4706.20,6,4706.30,4,4706.40,5,4706.50,4,4706.60,4,4706.70,3,4706.80,6,Buy,19,14,33,5.00,5.00,-6.00,1.70,17.6,4705.30,4705.30,4703.60,4705.00,20,14,34,6.00,11.00,-1.00,1.20,25.0,18,69,0.8333,0.0000,8.00,53.00,4697.80,0.6698,UP,71.35,0.4765,1.6128
20260824 104114 835,4705.10,1,4704.90,4705.60,0.70,4704.30,1,4704.20,2,4704.10,5,4704.00,10,4703.90,5,4703.80,2,4703.70,6,4703.60,5,4703.50,4,4703.40,4,4705.90,1,4706.00,8,4706.10,6,4706.20,6,4706.30,4,4706.40,5,4706.50,4,4706.60,4,4706.70,3,4706.80,6,Buy,20,14,34,6.00,6.00,-6.00,1.70,11.8,4705.30,4705.30,4703.60,4705.10,20,14,34,6.00,11.00,-1.00,1.20,25.0,18,69,0.8333,0.0000,9.00,54.00,4697.81,0.6730,UP,71.35,0.4765,1.6128
20260824 104114 835,4705.10,1,4704.90,4705.60,0.70,4704.30,1,4704.20,2,4704.10,5,4704.00,10,4703.90,5,4703.80,2,4703.70,6,4703.60,5,4703.50,4,4703.40,4,4705.90,1,4706.00,8,4706.10,6,4706.20,6,4706.30,4,4706.40,5,4706.50,4,4706.60,4,4706.70,3,4706.80,6,Buy,21,14,35,7.00,7.00,-6.00,1.70,11.8,4705.30,4705.30,4703.60,4705.10,20,14,34,6.00,11.00,-1.00,1.20,25.0,18,69,0.8333,0.0000,10.00,55.00,4697.81,0.6730,UP,71.35,0.4765,1.6128
20260824 104114 835,4705.10,1,4704.90,4705.60,0.70,4704.30,1,4704.20,2,4704.10,5,4704.00,10,4703.90,5,4703.80,2,4703.70,6,4703.60,5,4703.50,4,4703.40,4,4705.90,1,4706.00,8,4706.10,6,4706.20,6,4706.30,4,4706.40,5,4706.50,4,4706.60,4,4706.70,3,4706.80,6,Buy,22,14,36,8.00,8.00,-6.00,1.70,11.8,4705.30,4705.30,4703.60,4705.10,20,14,34,6.00,11.00,-1.00,1.20,25.0,18,69,0.8333,0.0000,11.00,56.00,4697.81,0.6730,UP,71.35,0.4765,1.6128
20260824 104114 835,4705.10,1,4704.90,4705.60,0.70,4704.30,1,4704.20,2,4704.10,5,4704.00,10,4703.90,5,4703.80,2,4703.70,6,4703.60,5,4703.50,4,4703.40,4,4705.90,1,4706.00,8,4706.10,6,4706.20,6,4706.30,4,4706.40,5,4706.50,4,4706.60,4,4706.70,3,4706.80,6,Buy,23,14,37,9.00,9.00,-6.00,1.70,11.8,4705.30,4705.30,4703.60,4705.10,20,14,34,6.00,11.00,-1.00,1.20,25.0,18,69,0.8333,0.0000,12.00,57.00,4697.81,0.6730,UP,71.35,0.4765,1.6128
20260824 104114 835,4705.20,1,4705.00,4705.20,0.20,4705.00,2,4704.90,3,4704.80,3,4704.70,2,4704.60,8,4704.50,8,4704.40,4,4704.30,6,4704.20,5,4704.10,4,4705.20,4,4705.40,1,4705.50,2,4705.60,3,4705.70,2,4705.80,8,4705.90,4,4706.00,6,4706.10,4,4706.20,4,Buy,24,14,38,10.00,10.00,-6.00,1.70,5.9,4705.30,4705.30,4703.60,4705.20,20,14,34,6.00,11.00,-1.00,1.20,25.0,18,69,0.8333,0.0000,13.00,58.00,4697.82,0.6762,UP,71.35,0.4765,1.6128
20260824 104114 835,4705.20,1,4705.00,4705.20,0.20,4705.00,2,4704.90,3,4704.80,3,4704.70,2,4704.60,8,4704.50,8,4704.40,4,4704.30,6,4704.20,5,4704.10,4,4705.20,4,4705.40,1,4705.50,2,4705.60,3,4705.70,2,4705.80,8,4705.90,4,4706.00,6,4706.10,4,4706.20,4,Buy,25,14,39,11.00,11.00,-6.00,1.70,5.9,4705.30,4705.30,4703.60,4705.20,20,14,34,6.00,11.00,-1.00,1.20,25.0,18,69,0.8333,0.0000,14.00,59.00,4697.82,0.6762,UP,71.35,0.4765,1.6128
20260824 104114 835,4705.20,1,4705.00,4705.20,0.20,4705.00,2,4704.90,3,4704.80,3,4704.70,2,4704.60,8,4704.50,8,4704.40,4,4704.30,6,4704.20,5,4704.10,4,4705.20,4,4705.40,1,4705.50,2,4705.60,3,4705.70,2,4705.80,8,4705.90,4,4706.00,6,4706.10,4,4706.20,4,Buy,26,14,40,12.00,12.00,-6.00,1.70,5.9,4705.30,4705.30,4703.60,4705.20,20,14,34,6.00,11.00,-1.00,1.20,25.0,18,69,0.8333,0.0000,15.00,60.00,4697.82,0.6762,UP,71.35,0.4765,1.6128
20260824 104114 835,4705.20,1,4705.00,4705.20,0.20,4705.00,2,4704.90,3,4704.80,3,4704.70,2,4704.60,8,4704.50,8,4704.40,4,4704.30,6,4704.20,5,4704.10,4,4705.20,4,4705.40,1,4705.50,2,4705.60,3,4705.70,2,4705.80,8,4705.90,4,4706.00,6,4706.10,4,4706.20,4,Buy,27,14,41,13.00,13.00,-6.00,1.70,5.9,4705.30,4705.30,4703.60,4705.20,20,14,34,6.00,11.00,-1.00,1.20,25.0,18,69,0.8333,0.0000,16.00,61.00,4697.82,0.6762,UP,71.35,0.4765,1.6128
20260824 104114 835,4705.20,1,4705.00,4705.20,0.20,4705.00,2,4704.90,3,4704.80,3,4704.70,2,4704.60,8,4704.50,8,4704.40,4,4704.30,6,4704.20,5,4704.10,4,4705.20,4,4705.40,1,4705.50,2,4705.60,3,4705.70,2,4705.80,8,4705.90,4,4706.00,6,4706.10,4,4706.20,4,Buy,28,14,42,14.00,14.00,-6.00,1.70,5.9,4705.30,4705.30,4703.60,4705.20,20,14,34,6.00,11.00,-1.00,1.20,25.0,18,69,0.8333,0.0000,17.00,62.00,4697.82,0.6762,UP,71.35,0.4765,1.6128
20260824 104114 835,4705.30,1,4705.00,4705.20,0.20,4705.00,2,4704.90,3,4704.80,3,4704.70,2,4704.60,8,4704.50,8,4704.40,4,4704.30,6,4704.20,5,4704.10,4,4705.20,4,4705.40,1,4705.50,2,4705.60,3,4705.70,2,4705.80,8,4705.90,4,4706.00,6,4706.10,4,4706.20,4,Buy,29,14,43,15.00,15.00,-6.00,1.70,0.0,4705.30,4705.30,4703.60,4705.30,20,14,34,6.00,11.00,-1.00,1.20,25.0,18,69,0.8333,0.0000,18.00,63.00,4697.83,0.6794,UP,71.35,0.4765,1.6128
20260824 104114 835,4705.30,1,4705.00,4705.20,0.20,4705.00,2,4704.90,3,4704.80,3,4704.70,2,4704.60,8,4704.50,8,4704.40,4,4704.30,6,4704.20,5,4704.10,4,4705.20,4,4705.40,1,4705.50,2,4705.60,3,4705.70,2,4705.80,8,4705.90,4,4706.00,6,4706.10,4,4706.20,4,Buy,30,14,44,16.00,16.00,-6.00,1.70,0.0,4705.30,4705.30,4703.60,4705.30,20,14,34,6.00,11.00,-1.00,1.20,25.0,18,69,0.8333,0.0000,19.00,64.00,4697.83,0.6794,UP,71.35,0.4765,1.6128
20260824 104114 835,4705.30,1,4705.00,4705.20,0.20,4705.00,2,4704.90,3,4704.80,3,4704.70,2,4704.60,8,4704.50,8,4704.40,4,4704.30,6,4704.20,5,4704.10,4,4705.20,4,4705.40,1,4705.50,2,4705.60,3,4705.70,2,4705.80,8,4705.90,4,4706.00,6,4706.10,4,4706.20,4,Buy,31,14,45,17.00,17.00,-6.00,1.70,0.0,4705.30,4705.30,4703.60,4705.30,20,14,34,6.00,11.00,-1.00,1.20,25.0,18,69,0.8333,0.0000,20.00,65.00,4697.83,0.6794,UP,71.35,0.4765,1.6128
20260824 104114 835,4705.40,1,4705.00,4705.20,0.20,4705.00,2,4704.90,3,4704.80,3,4704.70,2,4704.60,8,4704.50,8,4704.40,4,4704.30,6,4704.20,5,4704.10,4,4705.20,4,4705.40,1,4705.50,2,4705.60,3,4705.70,2,4705.80,8,4705.90,4,4706.00,6,4706.10,4,4706.20,4,Buy,32,14,46,18.00,18.00,-6.00,1.80,5.6,4705.30,4705.40,4703.60,4705.40,20,14,34,6.00,11.00,-1.00,1.20,25.0,18,69,0.8333,0.0000,21.00,66.00,4697.84,0.6825,UP,71.35,0.4765,1.6199
20260824 104114 835,4705.40,1,4705.00,4705.20,0.20,4705.00,2,4704.90,3,4704.80,3,4704.70,2,4704.60,8,4704.50,8,4704.40,4,4704.30,6,4704.20,5,4704.10,4,4705.20,4,4705.40,1,4705.50,2,4705.60,3,4705.70,2,4705.80,8,4705.90,4,4706.00,6,4706.10,4,4706.20,4,Buy,33,14,47,19.00,19.00,-6.00,1.80,5.6,4705.30,4705.40,4703.60,4705.40,20,14,34,6.00,11.00,-1.00,1.20,25.0,18,69,0.8333,0.0000,22.00,67.00,4697.84,0.6825,UP,71.35,0.4765,1.6199
20260824 104114 835,4705.40,1,4705.00,4705.20,0.20,4705.00,2,4704.90,3,4704.80,3,4704.70,2,4704.60,8,4704.50,8,4704.40,4,4704.30,6,4704.20,5,4704.10,4,4705.20,4,4705.40,1,4705.50,2,4705.60,3,4705.70,2,4705.80,8,4705.90,4,4706.00,6,4706.10,4,4706.20,4,Buy,34,14,48,20.00,20.00,-6.00,1.80,5.6,4705.30,4705.40,4703.60,4705.40,20,14,34,6.00,11.00,-1.00,1.20,25.0,18,69,0.8333,0.0000,23.00,68.00,4697.84,0.6825,UP,71.35,0.4765,1.6199
20260824 104114 835,4705.40,1,4705.00,4705.20,0.20,4705.00,2,4704.90,3,4704.80,3,4704.70,2,4704.60,8,4704.50,8,4704.40,4,4704.30,6,4704.20,5,4704.10,4,4705.20,4,4705.40,1,4705.50,2,4705.60,3,4705.70,2,4705.80,8,4705.90,4,4706.00,6,4706.10,4,4706.20,4,Buy,35,14,49,21.00,21.00,-6.00,1.80,5.6,4705.30,4705.40,4703.60,4705.40,20,14,34,6.00,11.00,-1.00,1.20,25.0,18,69,0.8333,0.0000,24.00,69.00,4697.84,0.6825,UP,71.35,0.4765,1.6199
20260824 104114 835,4705.50,1,4705.00,4705.20,0.20,4705.00,2,4704.90,3,4704.80,3,4704.70,2,4704.60,8,4704.50,8,4704.40,4,4704.30,6,4704.20,5,4704.10,4,4705.20,4,4705.40,1,4705.50,2,4705.60,3,4705.70,2,4705.80,8,4705.90,4,4706.00,6,4706.10,4,4706.20,4,Buy,36,14,50,22.00,22.00,-6.00,1.90,10.5,4705.30,4705.50,4703.60,4705.50,20,14,34,6.00,11.00,-1.00,1.20,25.0,18,69,0.8333,0.0000,25.00,70.00,4697.85,0.6857,UP,71.35,0.4765,1.6271
20260824 104114 835,4705.50,1,4705.00,4705.20,0.20,4705.00,2,4704.90,3,4704.80,3,4704.70,2,4704.60,8,4704.50,8,4704.40,4,4704.30,6,4704.20,5,4704.10,4,4705.20,4,4705.40,1,4705.50,2,4705.60,3,4705.70,2,4705.80,8,4705.90,4,4706.00,6,4706.10,4,4706.20,4,Buy,37,14,51,23.00,23.00,-6.00,1.90,10.5,4705.30,4705.50,4703.60,4705.50,20,14,34,6.00,11.00,-1.00,1.20,25.0,18,69,0.8333,0.0000,26.00,71.00,4697.85,0.6857,UP,71.35,0.4765,1.6271
20260824 104114 835,4705.50,1,4705.00,4705.20,0.20,4705.00,2,4704.90,3,4704.80,3,4704.70,2,4704.60,8,4704.50,8,4704.40,4,4704.30,6,4704.20,5,4704.10,4,4705.20,4,4705.40,1,4705.50,2,4705.60,3,4705.70,2,4705.80,8,4705.90,4,4706.00,6,4706.10,4,4706.20,4,Buy,38,14,52,24.00,24.00,-6.00,1.90,10.5,4705.30,4705.50,4703.60,4705.50,20,14,34,6.00,11.00,-1.00,1.20,25.0,18,69,0.8333,0.0000,27.00,72.00,4697.85,0.6857,UP,71.35,0.4765,1.6271
20260824 104114 835,4705.50,1,4705.00,4705.20,0.20,4705.00,2,4704.90,3,4704.80,3,4704.70,2,4704.60,8,4704.50,8,4704.40,4,4704.30,6,4704.20,5,4704.10,4,4705.20,4,4705.40,1,4705.50,2,4705.60,3,4705.70,2,4705.80,8,4705.90,4,4706.00,6,4706.10,4,4706.20,4,Buy,39,14,53,25.00,25.00,-6.00,1.90,10.5,4705.30,4705.50,4703.60,4705.50,20,14,34,6.00,11.00,-1.00,1.20,25.0,18,69,0.8333,0.0000,28.00,73.00,4697.85,0.6857,UP,71.35,0.4765,1.6271
20260824 104114 835,4705.50,1,4705.00,4705.20,0.20,4705.00,2,4704.90,3,4704.80,3,4704.70,2,4704.60,8,4704.50,8,4704.40,4,4704.30,6,4704.20,5,4704.10,4,4705.20,4,4705.40,1,4705.50,2,4705.60,3,4705.70,2,4705.80,8,4705.90,4,4706.00,6,4706.10,4,4706.20,4,Buy,40,14,54,26.00,26.00,-6.00,1.90,10.5,4705.30,4705.50,4703.60,4705.50,20,14,34,6.00,11.00,-1.00,1.20,25.0,18,69,0.8333,0.0000,29.00,74.00,4697.85,0.6857,UP,71.35,0.4765,1.6271
20260824 104114 835,4705.60,1,4705.00,4705.20,0.20,4705.00,2,4704.90,3,4704.80,3,4704.70,2,4704.60,8,4704.50,8,4704.40,4,4704.30,6,4704.20,5,4704.10,4,4705.20,4,4705.40,1,4705.50,2,4705.60,3,4705.70,2,4705.80,8,4705.90,4,4706.00,6,4706.10,4,4706.20,4,Buy,41,14,55,27.00,27.00,-6.00,2.00,15.0,4705.30,4705.60,4703.60,4705.60,20,14,34,6.00,11.00,-1.00,1.20,25.0,18,69,0.8333,0.0000,30.00,75.00,4697.86,0.6889,UP,71.35,0.4765,1.6342
20260824 104114 835,4705.60,1,4705.00,4705.20,0.20,4705.00,2,4704.90,3,4704.80,3,4704.70,2,4704.60,8,4704.50,8,4704.40,4,4704.30,6,4704.20,5,4704.10,4,4705.20,4,4705.40,1,4705.50,2,4705.60,3,4705.70,2,4705.80,8,4705.90,4,4706.00,6,4706.10,4,4706.20,4,Buy,42,14,56,28.00,28.00,-6.00,2.00,15.0,4705.30,4705.60,4703.60,4705.60,20,14,34,6.00,11.00,-1.00,1.20,25.0,18,69,0.8333,0.0000,31.00,76.00,4697.86,0.6889,UP,71.35,0.4765,1.6342
20260824 104114 835,4705.60,1,4705.00,4705.20,0.20,4705.00,2,4704.90,3,4704.80,3,4704.70,2,4704.60,8,4704.50,8,4704.40,4,4704.30,6,4704.20,5,4704.10,4,4705.20,4,4705.40,1,4705.50,2,4705.60,3,4705.70,2,4705.80,8,4705.90,4,4706.00,6,4706.10,4,4706.20,4,Buy,43,14,57,29.00,29.00,-6.00,2.00,15.0,4705.30,4705.60,4703.60,4705.60,20,14,34,6.00,11.00,-1.00,1.20,25.0,18,69,0.8333,0.0000,32.00,77.00,4697.86,0.6889,UP,71.35,0.4765,1.6342
20260824 104114 835,4705.60,1,4705.00,4705.20,0.20,4705.00,2,4704.90,3,4704.80,3,4704.70,2,4704.60,8,4704.50,8,4704.40,4,4704.30,6,4704.20,5,4704.10,4,4705.20,4,4705.40,1,4705.50,2,4705.60,3,4705.70,2,4705.80,8,4705.90,4,4706.00,6,4706.10,4,4706.20,4,Buy,44,14,58,30.00,30.00,-6.00,2.00,15.0,4705.30,4705.60,4703.60,4705.60,20,14,34,6.00,11.00,-1.00,1.20,25.0,18,69,0.8333,0.0000,33.00,78.00,4697.86,0.6889,UP,71.35,0.4765,1.6342
20260824 104114 835,4705.70,1,4705.00,4705.20,0.20,4705.00,2,4704.90,3,4704.80,3,4704.70,2,4704.60,8,4704.50,8,4704.40,4,4704.30,6,4704.20,5,4704.10,4,4705.20,4,4705.40,1,4705.50,2,4705.60,3,4705.70,2,4705.80,8,4705.90,4,4706.00,6,4706.10,4,4706.20,4,Buy,45,14,59,31.00,31.00,-6.00,2.10,19.0,4705.30,4705.70,4703.60,4705.70,20,14,34,6.00,11.00,-1.00,1.20,25.0,18,69,0.8333,0.0000,34.00,79.00,4697.87,0.6921,UP,71.35,0.4765,1.6414
20260824 104114 836,4705.70,1,4705.00,4705.20,0.20,4705.00,2,4704.90,3,4704.80,3,4704.70,2,4704.60,8,4704.50,8,4704.40,4,4704.30,6,4704.20,5,4704.10,4,4705.20,4,4705.40,1,4705.50,2,4705.60,3,4705.70,2,4705.80,8,4705.90,4,4706.00,6,4706.10,4,4706.20,4,Buy,46,14,60,32.00,32.00,-6.00,2.10,19.0,4705.30,4705.70,4703.60,4705.70,20,14,34,6.00,11.00,-1.00,1.20,25.0,18,69,0.8333,0.0000,35.00,80.00,4697.87,0.6921,UP,71.35,0.4765,1.6414
20260824 104114 836,4705.70,1,4705.00,4705.20,0.20,4705.00,2,4704.90,3,4704.80,3,4704.70,2,4704.60,8,4704.50,8,4704.40,4,4704.30,6,4704.20,5,4704.10,4,4705.20,4,4705.40,1,4705.50,2,4705.60,3,4705.70,2,4705.80,8,4705.90,4,4706.00,6,4706.10,4,4706.20,4,Buy,47,14,61,33.00,33.00,-6.00,2.10,19.0,4705.30,4705.70,4703.60,4705.70,20,14,34,6.00,11.00,-1.00,1.20,25.0,18,69,0.8333,0.0000,36.00,81.00,4697.87,0.6921,UP,71.35,0.4765,1.6414
20260824 104114 836,4705.80,1,4705.00,4705.20,0.20,4705.00,2,4704.90,3,4704.80,3,4704.70,2,4704.60,8,4704.50,8,4704.40,4,4704.30,6,4704.20,5,4704.10,4,4705.20,4,4705.40,1,4705.50,2,4705.60,3,4705.70,2,4705.80,8,4705.90,4,4706.00,6,4706.10,4,4706.20,4,Buy,48,14,62,34.00,34.00,-6.00,2.20,22.7,4705.30,4705.80,4703.60,4705.80,20,14,34,6.00,11.00,-1.00,1.20,25.0,18,69,0.8333,0.0000,37.00,82.00,4697.88,0.6952,UP,71.35,0.4765,1.6485
20260824 104114 836,4705.80,1,4705.00,4705.20,0.20,4705.00,2,4704.90,3,4704.80,3,4704.70,2,4704.60,8,4704.50,8,4704.40,4,4704.30,6,4704.20,5,4704.10,4,4705.20,4,4705.40,1,4705.50,2,4705.60,3,4705.70,2,4705.80,8,4705.90,4,4706.00,6,4706.10,4,4706.20,4,Buy,49,14,63,35.00,35.00,-6.00,2.20,22.7,4705.30,4705.80,4703.60,4705.80,20,14,34,6.00,11.00,-1.00,1.20,25.0,18,69,0.8333,0.0000,38.00,83.00,4697.88,0.6952,UP,71.35,0.4765,1.6485
20260824 104114 836,4705.80,1,4705.00,4705.20,0.20,4705.00,2,4704.90,3,4704.80,3,4704.70,2,4704.60,8,4704.50,8,4704.40,4,4704.30,6,4704.20,5,4704.10,4,4705.20,4,4705.40,1,4705.50,2,4705.60,3,4705.70,2,4705.80,8,4705.90,4,4706.00,6,4706.10,4,4706.20,4,Buy,50,14,64,36.00,36.00,-6.00,2.20,22.7,4705.30,4705.80,4703.60,4705.80,20,14,34,6.00,11.00,-1.00,1.20,25.0,18,69,0.8333,0.0000,39.00,84.00,4697.88,0.6952,UP,71.35,0.4765,1.6485
20260824 104114 836,4705.90,1,4705.00,4705.20,0.20,4705.00,2,4704.90,3,4704.80,3,4704.70,2,4704.60,8,4704.50,8,4704.40,4,4704.30,6,4704.20,5,4704.10,4,4705.20,4,4705.40,1,4705.50,2,4705.60,3,4705.70,2,4705.80,8,4705.90,4,4706.00,6,4706.10,4,4706.20,4,Buy,51,14,65,37.00,37.00,-6.00,2.30,26.1,4705.30,4705.90,4703.60,4705.90,20,14,34,6.00,11.00,-1.00,1.20,25.0,18,69,0.8333,0.0000,40.00,85.00,4697.89,0.6984,UP,71.35,0.4765,1.6557
20260824 104114 836,4705.90,1,4705.00,4705.20,0.20,4705.00,2,4704.90,3,4704.80,3,4704.70,2,4704.60,8,4704.50,8,4704.40,4,4704.30,6,4704.20,5,4704.10,4,4705.20,4,4705.40,1,4705.50,2,4705.60,3,4705.70,2,4705.80,8,4705.90,4,4706.00,6,4706.10,4,4706.20,4,Buy,52,14,66,38.00,38.00,-6.00,2.30,26.1,4705.30,4705.90,4703.60,4705.90,20,14,34,6.00,11.00,-1.00,1.20,25.0,18,69,0.8333,0.0000,41.00,86.00,4697.89,0.6984,UP,71.35,0.4765,1.6557
20260824 104114 836,4705.90,1,4705.00,4705.20,0.20,4705.00,2,4704.90,3,4704.80,3,4704.70,2,4704.60,8,4704.50,8,4704.40,4,4704.30,6,4704.20,5,4704.10,4,4705.20,4,4705.40,1,4705.50,2,4705.60,3,4705.70,2,4705.80,8,4705.90,4,4706.00,6,4706.10,4,4706.20,4,Buy,53,14,67,39.00,39.00,-6.00,2.30,26.1,4705.30,4705.90,4703.60,4705.90,20,14,34,6.00,11.00,-1.00,1.20,25.0,18,69,0.8333,0.0000,42.00,87.00,4697.89,0.6984,UP,71.35,0.4765,1.6557
20260824 104114 844,4705.40,1,4705.00,4705.20,0.20,4705.00,2,4704.90,3,4704.80,3,4704.70,2,4704.60,8,4704.50,8,4704.40,4,4704.30,6,4704.20,5,4704.10,4,4705.20,4,4705.40,1,4705.50,2,4705.60,3,4705.70,2,4705.80,8,4705.90,4,4706.00,6,4706.10,4,4706.20,4,Sell,53,15,68,38.00,39.00,-6.00,2.30,4.3,4705.30,4705.90,4703.60,4705.40,20,14,34,6.00,11.00,-1.00,1.20,25.0,18,69,0.8333,0.0263,41.00,86.00,4697.84,0.6825,UP,71.35,0.4765,1.6557
20260824 104114 844,4704.90,1,4705.00,4705.20,0.20,4705.00,2,4704.90,3,4704.80,3,4704.70,2,4704.60,8,4704.50,8,4704.40,4,4704.30,6,4704.20,5,4704.10,4,4705.20,4,4705.40,1,4705.50,2,4705.60,3,4705.70,2,4705.80,8,4705.90,4,4706.00,6,4706.10,4,4706.20,4,Sell,53,16,69,37.00,39.00,-6.00,2.30,17.4,4705.30,4705.90,4703.60,4704.90,20,14,34,6.00,11.00,-1.00,1.20,25.0,18,69,0.8333,0.0541,40.00,85.00,4697.79,0.6667,UP,71.35,0.4765,1.6557
20260824 104114 848,4705.40,1,4705.00,4705.20,0.20,4705.00,2,4704.90,3,4704.80,3,4704.70,2,4704.60,8,4704.50,8,4704.40,4,4704.30,6,4704.20,5,4704.10,4,4705.20,4,4705.40,1,4705.50,2,4705.60,3,4705.70,2,4705.80,8,4705.90,4,4706.00,6,4706.10,4,4706.20,4,Sell,53,17,70,36.00,39.00,-6.00,2.30,4.3,4705.30,4705.90,4703.60,4705.40,20,14,34,6.00,11.00,-1.00,1.20,25.0,18,69,0.8333,0.0833,39.00,84.00,4697.84,0.6825,UP,71.35,0.4765,1.6557
20260824 104114 853,4705.40,1,4705.00,4705.20,0.20,4705.00,2,4704.90,3,4704.80,3,4704.70,2,4704.60,8,4704.50,8,4704.40,4,4704.30,6,4704.20,5,4704.10,4,4705.20,4,4705.40,1,4705.50,2,4705.60,3,4705.70,2,4705.80,8,4705.90,4,4706.00,6,4706.10,4,4706.20,4,Buy,54,17,71,37.00,39.00,-6.00,2.30,4.3,4705.30,4705.90,4703.60,4705.40,20,14,34,6.00,11.00,-1.00,1.20,25.0,18,69,0.8333,0.0541,40.00,85.00,4697.84,0.6825,UP,71.35,0.4765,1.6557
20260824 104114 855,4705.10,1,4705.00,4705.20,0.20,4705.00,2,4704.90,3,4704.80,3,4704.70,2,4704.60,8,4704.50,8,4704.40,4,4704.30,6,4704.20,5,4704.10,4,4705.20,4,4705.40,1,4705.50,2,4705.60,3,4705.70,2,4705.80,8,4705.90,4,4706.00,6,4706.10,4,4706.20,4,Sell,54,18,72,36.00,39.00,-6.00,2.30,8.7,4705.30,4705.90,4703.60,4705.10,20,14,34,6.00,11.00,-1.00,1.20,25.0,18,69,0.8333,0.0833,39.00,84.00,4697.81,0.6730,UP,71.35,0.4765,1.6557
20260824 104114 857,4705.40,1,4705.00,4705.20,0.20,4705.00,2,4704.90,3,4704.80,3,4704.70,2,4704.60,8,4704.50,8,4704.40,4,4704.30,6,4704.20,5,4704.10,4,4705.20,4,4705.40,1,4705.50,2,4705.60,3,4705.70,2,4705.80,8,4705.90,4,4706.00,6,4706.10,4,4706.20,4,Buy,55,18,73,37.00,39.00,-6.00,2.30,4.3,4705.30,4705.90,4703.60,4705.40,20,14,34,6.00,11.00,-1.00,1.20,25.0,18,69,0.8333,0.0541,40.00,85.00,4697.84,0.6825,UP,71.35,0.4765,1.6557
20260824 104114 857,4705.20,1,4705.00,4705.20,0.20,4705.00,2,4704.90,3,4704.80,3,4704.70,2,4704.60,8,4704.50,8,4704.40,4,4704.30,6,4704.20,5,4704.10,4,4705.20,4,4705.40,1,4705.50,2,4705.60,3,4705.70,2,4705.80,8,4705.90,4,4706.00,6,4706.10,4,4706.20,4,Sell,55,19,74,36.00,39.00,-6.00,2.30,4.3,4705.30,4705.90,4703.60,4705.20,20,14,34,6.00,11.00,-1.00,1.20,25.0,18,69,0.8333,0.0833,39.00,84.00,4697.82,0.6762,UP,71.35,0.4765,1.6557
20260824 104114 858,4705.20,1,4705.00,4705.20,0.20,4705.00,2,4704.90,3,4704.80,3,4704.70,2,4704.60,8,4704.50,8,4704.40,4,4704.30,6,4704.20,5,4704.10,4,4705.20,4,4705.40,1,4705.50,2,4705.60,3,4705.70,2,4705.80,8,4705.90,4,4706.00,6,4706.10,4,4706.20,4,Sell,55,20,75,35.00,39.00,-6.00,2.30,4.3,4705.30,4705.90,4703.60,4705.20,20,14,34,6.00,11.00,-1.00,1.20,25.0,18,69,0.8333,0.1143,38.00,83.00,4697.82,0.6762,UP,71.35,0.4765,1.6557
20260824 104114 944,4705.00,1,4704.80,4705.10,0.30,4704.80,1,4704.70,4,4704.60,7,4704.50,7,4704.40,4,4704.30,5,4704.20,5,4704.10,4,4704.00,10,4703.90,6,4705.10,1,4705.20,2,4705.30,3,4705.40,3,4705.50,2,4705.60,3,4705.70,3,4705.80,7,4705.90,4,4706.00,6,Sell,55,21,76,34.00,39.00,-6.00,2.30,13.0,4705.30,4705.90,4703.60,4705.00,20,14,34,6.00,11.00,-1.00,1.20,25.0,18,69,0.8333,0.1471,37.00,82.00,4697.80,0.6698,UP,71.35,0.4765,1.6557
20260824 104114 948,4705.00,1,4704.80,4705.10,0.30,4704.80,1,4704.70,4,4704.60,7,4704.50,7,4704.40,4,4704.30,5,4704.20,5,4704.10,4,4704.00,10,4703.90,6,4705.10,1,4705.20,2,4705.30,3,4705.40,3,4705.50,2,4705.60,3,4705.70,3,4705.80,7,4705.90,4,4706.00,6,Buy,56,21,77,35.00,39.00,-6.00,2.30,13.0,4705.30,4705.90,4703.60,4705.00,20,14,34,6.00,11.00,-1.00,1.20,25.0,18,69,0.8333,0.1143,38.00,83.00,4697.80,0.6698,UP,71.35,0.4765,1.6557
20260824 104114 949,4704.90,1,4704.80,4705.10,0.30,4704.80,1,4704.70,4,4704.60,7,4704.50,7,4704.40,4,4704.30,5,4704.20,5,4704.10,4,4704.00,10,4703.90,6,4705.10,1,4705.20,2,4705.30,3,4705.40,3,4705.50,2,4705.60,3,4705.70,3,4705.80,7,4705.90,4,4706.00,6,Buy,57,21,78,36.00,39.00,-6.00,2.30,17.4,4705.30,4705.90,4703.60,4704.90,20,14,34,6.00,11.00,-1.00,1.20,25.0,18,69,0.8333,0.0833,39.00,84.00,4697.79,0.6667,UP,71.35,0.4765,1.6557
20260824 104114 950,4704.90,1,4704.80,4705.10,0.30,4704.80,1,4704.70,4,4704.60,7,4704.50,7,4704.40,4,4704.30,5,4704.20,5,4704.10,4,4704.00,10,4703.90,6,4705.10,1,4705.20,2,4705.30,3,4705.40,3,4705.50,2,4705.60,3,4705.70,3,4705.80,7,4705.90,4,4706.00,6,Buy,58,21,79,37.00,39.00,-6.00,2.30,17.4,4705.30,4705.90,4703.60,4704.90,20,14,34,6.00,11.00,-1.00,1.20,25.0,18,69,0.8333,0.0541,40.00,85.00,4697.79,0.6667,UP,71.35,0.4765,1.6557
20260824 104114 950,4704.90,1,4704.80,4705.10,0.30,4704.80,1,4704.70,4,4704.60,7,4704.50,7,4704.40,4,4704.30,5,4704.20,5,4704.10,4,4704.00,10,4703.90,6,4705.10,1,4705.20,2,4705.30,3,4705.40,3,4705.50,2,4705.60,3,4705.70,3,4705.80,7,4705.90,4,4706.00,6,Buy,59,21,80,38.00,39.00,-6.00,2.30,17.4,4705.30,4705.90,4703.60,4704.90,20,14,34,6.00,11.00,-1.00,1.20,25.0,18,69,0.8333,0.0263,41.00,86.00,4697.79,0.6667,UP,71.35,0.4765,1.6557
20260824 104114 952,4704.90,1,4704.80,4705.10,0.30,4704.80,1,4704.70,4,4704.60,7,4704.50,7,4704.40,4,4704.30,5,4704.20,5,4704.10,4,4704.00,10,4703.90,6,4705.10,1,4705.20,2,4705.30,3,4705.40,3,4705.50,2,4705.60,3,4705.70,3,4705.80,7,4705.90,4,4706.00,6,Buy,60,21,81,39.00,39.00,-6.00,2.30,17.4,4705.30,4705.90,4703.60,4704.90,20,14,34,6.00,11.00,-1.00,1.20,25.0,18,69,0.8333,0.0000,42.00,87.00,4697.79,0.6667,UP,71.35,0.4765,1.6557
20260824 104115 393,4704.80,1,4704.80,4705.10,0.30,4704.80,1,4704.70,4,4704.60,6,4704.50,7,4704.40,4,4704.30,5,4704.20,5,4704.10,4,4704.00,10,4703.90,6,4705.10,3,4705.20,2,4705.30,3,4705.40,3,4705.50,2,4705.60,3,4705.70,3,4705.80,7,4705.90,4,4706.00,6,Sell,60,22,82,38.00,39.00,-6.00,2.30,21.7,4705.30,4705.90,4703.60,4704.80,20,14,34,6.00,11.00,-1.00,1.20,25.0,18,69,0.8333,0.0263,41.00,86.00,4697.78,0.6635,UP,71.35,0.4765,1.6557
20260824 104115 494,4704.50,1,4704.30,4704.60,0.30,4704.30,3,4704.20,5,4704.10,3,4704.00,10,4703.90,6,4703.80,2,4703.70,6,4703.60,6,4703.50,3,4703.40,4,4704.60,3,4704.70,2,4704.90,3,4705.00,5,4705.10,2,4705.20,5,4705.30,6,4705.40,3,4705.50,5,4705.60,6,Sell,60,23,83,37.00,39.00,-6.00,2.30,34.8,4705.30,4705.90,4703.60,4704.50,20,14,34,6.00,11.00,-1.00,1.20,25.0,18,69,0.8333,0.0541,40.00,85.00,4697.76,0.6540,UP,71.35,0.4765,1.6557
20260824 104115 758,4704.30,1,4704.20,4704.50,0.30,4704.20,2,4704.10,4,4704.00,7,4703.90,5,4703.80,3,4703.70,5,4703.60,5,4703.50,3,4703.40,4,4703.30,5,4704.50,5,4704.70,1,4704.80,1,4704.90,2,4705.00,4,4705.10,3,4705.20,5,4705.30,5,4705.40,3,4705.50,6,Sell,60,24,84,36.00,39.00,-6.00,2.30,43.5,4705.30,4705.90,4703.60,4704.30,20,14,34,6.00,11.00,-1.00,1.20,25.0,18,69,0.8333,0.0833,39.00,84.00,4697.74,0.6476,UP,71.35,0.4765,1.6557
20260824 104116 021,4704.20,1,4704.10,4704.40,0.30,4704.10,3,4704.00,8,4703.90,4,4703.80,2,4703.70,6,4703.60,5,4703.50,3,4703.40,4,4703.30,5,4703.20,5,4704.40,4,4704.50,3,4704.70,2,4704.80,1,4704.90,1,4705.00,5,4705.10,3,4705.20,5,4705.30,5,4705.40,4,Sell,60,25,85,35.00,39.00,-6.00,2.30,47.8,4705.30,4705.90,4703.60,4704.20,20,14,34,6.00,11.00,-1.00,1.20,25.0,18,69,0.8333,0.1143,38.00,83.00,4697.73,0.6444,UP,71.35,0.4765,1.6557
20260824 104121 306,4704.40,1,4704.80,4705.10,0.30,4704.80,1,4704.70,1,4704.60,1,4704.50,6,4704.40,1,4704.30,3,4704.20,3,4704.10,4,4704.00,10,4703.90,6,4705.10,2,4705.20,4,4705.30,3,4705.40,2,4705.50,4,4705.60,2,4705.70,2,4705.80,4,4705.90,3,4706.00,7,Buy,61,25,86,36.00,39.00,-6.00,2.30,39.1,4705.30,4705.90,4703.60,4704.40,20,14,34,6.00,11.00,-1.00,1.20,25.0,18,69,0.8333,0.0833,39.00,84.00,4697.75,0.6508,UP,71.35,0.4765,1.6557
20260824 104121 306,4704.40,1,4704.80,4705.10,0.30,4704.80,1,4704.70,1,4704.60,1,4704.50,6,4704.40,1,4704.30,3,4704.20,3,4704.10,4,4704.00,10,4703.90,6,4705.10,2,4705.20,4,4705.30,3,4705.40,2,4705.50,4,4705.60,2,4705.70,2,4705.80,4,4705.90,3,4706.00,7,Buy,62,25,87,37.00,39.00,-6.00,2.30,39.1,4705.30,4705.90,4703.60,4704.40,20,14,34,6.00,11.00,-1.00,1.20,25.0,18,69,0.8333,0.0541,40.00,85.00,4697.75,0.6508,UP,71.35,0.4765,1.6557
20260824 104121 306,4704.40,1,4704.80,4705.10,0.30,4704.80,1,4704.70,1,4704.60,1,4704.50,6,4704.40,1,4704.30,3,4704.20,3,4704.10,4,4704.00,10,4703.90,6,4705.10,2,4705.20,4,4705.30,3,4705.40,2,4705.50,4,4705.60,2,4705.70,2,4705.80,4,4705.90,3,4706.00,7,Buy,63,25,88,38.00,39.00,-6.00,2.30,39.1,4705.30,4705.90,4703.60,4704.40,20,14,34,6.00,11.00,-1.00,1.20,25.0,18,69,0.8333,0.0263,41.00,86.00,4697.75,0.6508,UP,71.35,0.4765,1.6557
20260824 104121 306,4704.40,1,4704.80,4705.10,0.30,4704.80,1,4704.70,1,4704.60,1,4704.50,6,4704.40,1,4704.30,3,4704.20,3,4704.10,4,4704.00,10,4703.90,6,4705.10,2,4705.20,4,4705.30,3,4705.40,2,4705.50,4,4705.60,2,4705.70,2,4705.80,4,4705.90,3,4706.00,7,Buy,64,25,89,39.00,39.00,-6.00,2.30,39.1,4705.30,4705.90,4703.60,4704.40,20,14,34,6.00,11.00,-1.00,1.20,25.0,18,69,0.8333,0.0000,42.00,87.00,4697.75,0.6508,UP,71.35,0.4765,1.6557
20260824 104121 307,4704.50,1,4704.80,4705.10,0.30,4704.80,1,4704.70,1,4704.60,1,4704.50,6,4704.40,1,4704.30,3,4704.20,3,4704.10,4,4704.00,10,4703.90,6,4705.10,2,4705.20,4,4705.30,3,4705.40,2,4705.50,4,4705.60,2,4705.70,2,4705.80,4,4705.90,3,4706.00,7,Buy,65,25,90,40.00,40.00,-6.00,2.30,34.8,4705.30,4705.90,4703.60,4704.50,20,14,34,6.00,11.00,-1.00,1.20,25.0,18,69,0.8333,0.0000,43.00,88.00,4697.76,0.6540,UP,71.35,0.4765,1.6557
20260824 104121 308,4704.50,1,4704.80,4705.10,0.30,4704.80,1,4704.70,1,4704.60,1,4704.50,6,4704.40,1,4704.30,3,4704.20,3,4704.10,4,4704.00,10,4703.90,6,4705.10,2,4705.20,4,4705.30,3,4705.40,2,4705.50,4,4705.60,2,4705.70,2,4705.80,4,4705.90,3,4706.00,7,Sell,65,26,91,39.00,40.00,-6.00,2.30,34.8,4705.30,4705.90,4703.60,4704.50,20,14,34,6.00,11.00,-1.00,1.20,25.0,18,69,0.8333,0.0256,42.00,87.00,4697.76,0.6540,UP,71.35,0.4765,1.6557
20260824 104121 674,4704.90,1,4704.90,4705.20,0.30,4704.90,1,4704.80,1,4704.70,1,4704.60,2,4704.50,5,4704.40,2,4704.30,4,4704.20,3,4704.10,5,4704.00,10,4705.20,1,4705.30,4,4705.40,3,4705.50,4,4705.60,2,4705.70,2,4705.80,5,4705.90,3,4706.00,6,4706.10,4,Sell,65,27,92,38.00,40.00,-6.00,2.30,17.4,4705.30,4705.90,4703.60,4704.90,20,14,34,6.00,11.00,-1.00,1.20,25.0,18,69,0.8333,0.0526,41.00,86.00,4697.79,0.6667,UP,71.35,0.4765,1.6557
20260824 104127 848,4704.80,1,4704.70,4704.80,0.10,4704.70,1,4704.60,2,4704.50,4,4704.30,4,4704.20,3,4704.10,4,4704.00,10,4703.90,6,4703.80,4,4703.70,6,4704.80,1,4704.90,1,4705.00,2,4705.10,2,4705.20,1,4705.30,2,4705.40,4,4705.50,4,4705.60,4,4705.70,3,Buy,66,27,93,39.00,40.00,-6.00,2.30,21.7,4705.30,4705.90,4703.60,4704.80,20,14,34,6.00,11.00,-1.00,1.20,25.0,18,69,0.8333,0.0256,42.00,87.00,4697.78,0.6635,UP,71.35,0.4765,1.6557
20260824 104134 613,4704.70,1,4704.70,4705.10,0.40,4704.70,2,4704.60,3,4704.50,4,4704.40,3,4704.30,5,4704.20,3,4704.10,4,4704.00,11,4703.90,6,4703.80,3,4705.10,1,4705.20,2,4705.30,6,4705.40,3,4705.50,4,4705.60,2,4705.70,3,4705.80,4,4705.90,3,4706.00,8,Sell,66,28,94,38.00,40.00,-6.00,2.30,26.1,4705.30,4705.90,4703.60,4704.70,20,14,34,6.00,11.00,-1.00,1.20,25.0,18,69,0.8333,0.0526,41.00,86.00,4697.77,0.6603,UP,71.35,0.4765,1.6557
20260824 104135 487,4704.70,1,4704.60,4704.90,0.30,4704.60,2,4704.50,3,4704.40,1,4704.30,4,4704.20,3,4704.10,5,4704.00,10,4703.90,6,4703.80,3,4703.70,6,4704.90,1,4705.00,2,4705.10,3,4705.30,6,4705.40,5,4705.50,5,4705.60,5,4705.70,3,4705.80,5,4705.90,4,Sell,66,29,95,37.00,40.00,-6.00,2.30,26.1,4705.30,4705.90,4703.60,4704.70,20,14,34,6.00,11.00,-1.00,1.20,25.0,18,69,0.8333,0.0811,40.00,85.00,4697.77,0.6603,UP,71.35,0.4765,1.6557
20260824 104135 487,4704.70,1,4704.60,4704.90,0.30,4704.60,2,4704.50,3,4704.40,1,4704.30,4,4704.20,3,4704.10,5,4704.00,10,4703.90,6,4703.80,3,4703.70,6,4704.90,1,4705.00,2,4705.10,3,4705.30,6,4705.40,5,4705.50,5,4705.60,5,4705.70,3,4705.80,5,4705.90,4,Sell,66,30,96,36.00,40.00,-6.00,2.30,26.1,4705.30,4705.90,4703.60,4704.70,20,14,34,6.00,11.00,-1.00,1.20,25.0,18,69,0.8333,0.1111,39.00,84.00,4697.77,0.6603,UP,71.35,0.4765,1.6557
20260824 104138 915,4704.60,1,4704.60,4704.90,0.30,4704.60,2,4704.50,4,4704.40,1,4704.30,3,4704.20,3,4704.10,4,4704.00,10,4703.90,6,4703.80,3,4703.70,6,4704.80,1,4704.90,4,4705.00,2,4705.10,3,4705.30,6,4705.40,5,4705.50,6,4705.60,5,4705.70,3,4705.80,6,Sell,66,31,97,35.00,40.00,-6.00,2.30,30.4,4705.30,4705.90,4703.60,4704.60,20,14,34,6.00,11.00,-1.00,1.20,25.0,18,69,0.8333,0.1429,38.00,83.00,4697.76,0.6571,UP,71.35,0.4765,1.6557
20260824 104138 917,4704.50,1,4704.10,4704.50,0.40,4704.10,1,4704.00,8,4703.90,5,4703.80,3,4703.70,5,4703.60,5,4703.50,3,4703.40,4,4703.30,5,4703.20,5,4704.50,2,4704.60,1,4704.70,8,4704.80,3,4704.90,2,4705.00,5,4705.10,4,4705.20,3,4705.30,4,4705.40,3,Sell,66,32,98,34.00,40.00,-6.00,2.30,34.8,4705.30,4705.90,4703.60,4704.50,20,14,34,6.00,11.00,-1.00,1.20,25.0,18,69,0.8333,0.1765,37.00,82.00,4697.76,0.6540,UP,71.35,0.4765,1.6557
20260824 104138 918,4704.50,1,4704.10,4704.50,0.40,4704.10,1,4704.00,8,4703.90,5,4703.80,3,4703.70,5,4703.60,5,4703.50,3,4703.40,4,4703.30,5,4703.20,5,4704.50,2,4704.60,1,4704.70,8,4704.80,3,4704.90,2,4705.00,5,4705.10,4,4705.20,3,4705.30,4,4705.40,3,Sell,66,33,99,33.00,40.00,-6.00,2.30,34.8,4705.30,4705.90,4703.60,4704.50,20,14,34,6.00,11.00,-1.00,1.20,25.0,18,69,0.8333,0.2121,36.00,81.00,4697.76,0.6540,UP,71.35,0.4765,1.6557
20260824 104139 516,4704.40,1,4704.20,4704.60,0.40,4704.20,2,4704.10,2,4704.00,7,4703.90,7,4703.80,4,4703.70,4,4703.60,5,4703.50,3,4703.40,5,4703.30,5,4704.60,1,4704.70,7,4704.80,2,4704.90,2,4705.00,4,4705.10,5,4705.20,2,4705.30,3,4705.40,2,4705.50,6,Buy,67,33,100,34.00,40.00,-6.00,2.30,39.1,4705.30,4705.90,4703.60,4704.40,20,14,34,6.00,11.00,-1.00,1.20,25.0,18,69,0.8333,0.1765,37.00,82.00,4697.75,0.6508,UP,71.35,0.4765,1.6557
20260824 104139 516,4704.40,1,4704.20,4704.60,0.40,4704.20,2,4704.10,2,4704.00,7,4703.90,7,4703.80,4,4703.70,4,4703.60,5,4703.50,3,4703.40,5,4703.30,5,4704.60,1,4704.70,7,4704.80,2,4704.90,2,4705.00,4,4705.10,5,4705.20,2,4705.30,3,4705.40,2,4705.50,6,Buy,68,33,101,35.00,40.00,-6.00,2.30,39.1,4705.30,4705.90,4703.60,4704.40,20,14,34,6.00,11.00,-1.00,1.20,25.0,18,69,0.8333,0.1429,38.00,83.00,4697.75,0.6508,UP,71.35,0.4765,1.6557
20260824 104139 516,4704.40,1,4704.20,4704.60,0.40,4704.20,2,4704.10,2,4704.00,7,4703.90,7,4703.80,4,4703.70,4,4703.60,5,4703.50,3,4703.40,5,4703.30,5,4704.60,1,4704.70,7,4704.80,2,4704.90,2,4705.00,4,4705.10,5,4705.20,2,4705.30,3,4705.40,2,4705.50,6,Buy,69,33,102,36.00,40.00,-6.00,2.30,39.1,4705.30,4705.90,4703.60,4704.40,20,14,34,6.00,11.00,-1.00,1.20,25.0,18,69,0.8333,0.1111,39.00,84.00,4697.75,0.6508,UP,71.35,0.4765,1.6557
20260824 104139 684,4704.00,1,4703.70,4704.00,0.30,4703.70,2,4703.60,2,4703.50,4,4703.40,5,4703.30,5,4703.20,4,4703.10,5,4703.00,5,4702.90,3,4702.80,4,4704.00,2,4704.10,3,4704.20,5,4704.30,5,4704.40,4,4704.50,6,4704.60,5,4704.70,6,4704.80,3,4704.90,4,Sell,69,34,103,35.00,40.00,-6.00,2.30,56.5,4705.30,4705.90,4703.60,4704.00,20,14,34,6.00,11.00,-1.00,1.20,25.0,18,69,0.8333,0.1429,38.00,83.00,4697.71,0.6381,UP,71.35,0.4765,1.6557
20260824 104139 684,4704.00,2,4703.70,4704.00,0.30,4703.70,2,4703.60,2,4703.50,4,4703.40,5,4703.30,5,4703.20,4,4703.10,5,4703.00,5,4702.90,3,4702.80,4,4704.00,2,4704.10,3,4704.20,5,4704.30,5,4704.40,4,4704.50,6,4704.60,5,4704.70,6,4704.80,3,4704.90,4,Sell,69,36,105,33.00,40.00,-6.00,2.30,56.5,4705.30,4705.90,4703.60,4704.00,20,14,34,6.00,11.00,-1.00,1.20,25.0,18,69,0.8333,0.2121,36.00,81.00,4697.71,0.6381,UP,71.35,0.4765,1.6557
20260824 104139 687,4703.90,1,4703.90,4704.30,0.40,4703.70,3,4703.60,1,4703.50,5,4703.40,5,4703.30,5,4703.20,4,4703.10,5,4703.00,5,4702.90,3,4702.80,4,4704.00,1,4704.10,2,4704.20,4,4704.30,3,4704.40,6,4704.50,6,4704.60,3,4704.70,6,4704.80,3,4704.90,4,Sell,69,37,106,32.00,40.00,-6.00,2.30,60.9,4705.30,4705.90,4703.60,4703.90,20,14,34,6.00,11.00,-1.00,1.20,25.0,18,69,0.8333,0.2500,35.00,80.00,4697.70,0.6349,UP,71.35,0.4765,1.6557
20260824 104139 687,4703.90,1,4703.90,4704.30,0.40,4703.70,3,4703.60,1,4703.50,5,4703.40,5,4703.30,5,4703.20,4,4703.10,5,4703.00,5,4702.90,3,4702.80,4,4704.00,1,4704.10,2,4704.20,4,4704.30,3,4704.40,6,4704.50,6,4704.60,3,4704.70,6,4704.80,3,4704.90,4,Sell,69,38,107,31.00,40.00,-6.00,2.30,60.9,4705.30,4705.90,4703.60,4703.90,20,14,34,6.00,11.00,-1.00,1.20,25.0,18,69,0.8333,0.2903,34.00,79.00,4697.70,0.6349,UP,71.35,0.4765,1.6557
20260824 104139 806,4704.00,1,4703.90,4704.20,0.30,4703.90,2,4703.80,2,4703.70,5,4703.60,2,4703.50,4,4703.40,5,4703.30,5,4703.20,4,4703.10,5,4703.00,5,4704.20,2,4704.30,3,4704.40,5,4704.50,4,4704.60,3,4704.70,5,4704.80,3,4704.90,3,4705.00,4,4705.10,4,Buy,70,38,108,32.00,40.00,-6.00,2.30,56.5,4705.30,4705.90,4703.60,4704.00,20,14,34,6.00,11.00,-1.00,1.20,25.0,18,69,0.8333,0.2500,35.00,80.00,4697.71,0.6381,UP,71.35,0.4765,1.6557
20260824 104139 928,4703.90,1,4703.90,4704.10,0.20,4703.90,1,4703.80,1,4703.70,3,4703.60,1,4703.50,5,4703.40,4,4703.30,5,4703.20,4,4703.10,5,4703.00,5,4704.10,2,4704.30,2,4704.40,2,4704.50,3,4704.60,4,4704.70,7,4704.80,2,4704.90,2,4705.00,5,4705.10,5,Sell,70,39,109,31.00,40.00,-6.00,2.30,60.9,4705.30,4705.90,4703.60,4703.90,20,14,34,6.00,11.00,-1.00,1.20,25.0,18,69,0.8333,0.2903,34.00,79.00,4697.70,0.6349,UP,71.35,0.4765,1.6557
20260824 104142 898,4704.10,2,4704.00,4704.10,0.10,4703.90,3,4703.80,3,4703.70,2,4703.60,1,4703.50,5,4703.40,4,4703.30,5,4703.20,4,4703.10,5,4703.00,5,4704.10,2,4704.30,1,4704.40,1,4704.50,4,4704.60,4,4704.70,6,4704.80,3,4704.90,3,4705.00,5,4705.10,4,Buy,72,39,111,33.00,40.00,-6.00,2.30,52.2,4705.30,4705.90,4703.60,4704.10,20,14,34,6.00,11.00,-1.00,1.20,25.0,18,69,0.8333,0.2121,36.00,81.00,4697.72,0.6413,UP,71.35,0.4765,1.6557
20260824 104144 479,4704.30,1,4704.20,4704.50,0.30,4704.20,1,4704.10,1,4704.00,2,4703.90,4,4703.80,2,4703.70,5,4703.60,3,4703.50,4,4703.40,4,4703.30,5,4704.50,2,4704.60,2,4704.70,6,4704.80,3,4704.90,2,4705.00,5,4705.10,3,4705.20,3,4705.30,4,4705.40,3,Sell,72,40,112,32.00,40.00,-6.00,2.30,43.5,4705.30,4705.90,4703.60,4704.30,20,14,34,6.00,11.00,-1.00,1.20,25.0,18,69,0.8333,0.2500,35.00,80.00,4697.74,0.6476,UP,71.35,0.4765,1.6557
20260824 104148 765,4704.20,1,4704.20,4704.50,0.30,4704.20,1,4704.00,2,4703.90,4,4703.80,2,4703.70,5,4703.60,3,4703.50,4,4703.40,4,4703.30,5,4703.20,6,4704.50,2,4704.60,5,4704.70,3,4704.80,3,4704.90,2,4705.00,5,4705.10,3,4705.20,2,4705.30,5,4705.40,3,Sell,72,41,113,31.00,40.00,-6.00,2.30,47.8,4705.30,4705.90,4703.60,4704.20,20,14,34,6.00,11.00,-1.00,1.20,25.0,18,69,0.8333,0.2903,34.00,79.00,4697.73,0.6444,UP,71.35,0.4765,1.6557
20260824 104148 787,4704.20,1,4703.90,4704.30,0.40,4703.90,2,4703.80,2,4703.70,3,4703.60,4,4703.50,4,4703.40,4,4703.30,5,4703.20,6,4703.10,5,4703.00,5,4704.30,1,4704.40,2,4704.50,3,4704.60,5,4704.70,3,4704.80,3,4704.90,3,4705.00,4,4705.10,3,4705.20,4,Sell,72,42,114,30.00,40.00,-6.00,2.30,47.8,4705.30,4705.90,4703.60,4704.20,20,14,34,6.00,11.00,-1.00,1.20,25.0,18,69,0.8333,0.3333,33.00,78.00,4697.73,0.6444,UP,71.35,0.4765,1.6557
20260824 104148 830,4704.20,1,4703.90,4704.30,0.40,4703.90,2,4703.80,2,4703.70,3,4703.60,4,4703.50,4,4703.40,4,4703.30,5,4703.20,6,4703.10,5,4703.00,5,4704.30,1,4704.40,2,4704.50,3,4704.60,5,4704.70,3,4704.80,3,4704.90,3,4705.00,4,4705.10,3,4705.20,4,Sell,72,43,115,29.00,40.00,-6.00,2.30,47.8,4705.30,4705.90,4703.60,4704.20,20,14,34,6.00,11.00,-1.00,1.20,25.0,18,69,0.8333,0.3793,32.00,77.00,4697.73,0.6444,UP,71.35,0.4765,1.6557
20260824 104148 954,4704.20,1,4704.20,4704.40,0.20,4704.20,1,4704.00,1,4703.90,3,4703.80,2,4703.70,4,4703.60,3,4703.50,4,4703.40,4,4703.30,5,4703.20,6,4704.40,2,4704.50,3,4704.60,4,4704.70,3,4704.80,4,4704.90,3,4705.00,4,4705.10,3,4705.20,3,4705.30,6,Sell,72,44,116,28.00,40.00,-6.00,2.30,47.8,4705.30,4705.90,4703.60,4704.20,20,14,34,6.00,11.00,-1.00,1.20,25.0,18,69,0.8333,0.4286,31.00,76.00,4697.73,0.6444,UP,71.35,0.4765,1.6557
20260824 104150 363,4704.20,1,4704.00,4704.30,0.30,4704.00,1,4703.90,2,4703.80,2,4703.70,2,4703.60,3,4703.50,4,4703.40,4,4703.30,5,4703.20,6,4703.10,5,4704.30,2,4704.40,3,4704.50,2,4704.60,4,4704.70,4,4704.80,3,4704.90,3,4705.00,4,4705.10,3,4705.20,4,Sell,72,45,117,27.00,40.00,-6.00,2.30,47.8,4705.30,4705.90,4703.60,4704.20,20,14,34,6.00,11.00,-1.00,1.20,25.0,18,69,0.8333,0.4815,30.00,75.00,4697.73,0.6444,UP,71.35,0.4765,1.6557
20260824 104150 387,4704.20,1,4704.00,4704.30,0.30,4704.00,1,4703.90,2,4703.80,2,4703.70,2,4703.60,3,4703.50,4,4703.40,4,4703.30,5,4703.20,6,4703.10,5,4704.30,2,4704.40,3,4704.50,2,4704.60,4,4704.70,4,4704.80,3,4704.90,3,4705.00,4,4705.10,3,4705.20,4,Buy,73,45,118,28.00,40.00,-6.00,2.30,47.8,4705.30,4705.90,4703.60,4704.20,20,14,34,6.00,11.00,-1.00,1.20,25.0,18,69,0.8333,0.4286,31.00,76.00,4697.73,0.6444,UP,71.35,0.4765,1.6557
20260824 104150 405,4704.10,1,4703.80,4704.10,0.30,4703.80,1,4703.70,2,4703.60,3,4703.50,5,4703.40,4,4703.30,5,4703.20,4,4703.10,5,4703.00,5,4702.90,3,4704.10,1,4704.30,2,4704.40,3,4704.50,2,4704.60,5,4704.70,4,4704.80,4,4704.90,3,4705.00,4,4705.10,3,Buy,74,45,119,29.00,40.00,-6.00,2.30,52.2,4705.30,4705.90,4703.60,4704.10,20,14,34,6.00,11.00,-1.00,1.20,25.0,18,69,0.8333,0.3793,32.00,77.00,4697.72,0.6413,UP,71.35,0.4765,1.6557
20260824 104150 426,4704.20,1,4703.80,4704.10,0.30,4703.80,1,4703.70,2,4703.60,3,4703.50,5,4703.40,4,4703.30,5,4703.20,4,4703.10,5,4703.00,5,4702.90,3,4704.10,1,4704.30,2,4704.40,3,4704.50,2,4704.60,5,4704.70,4,4704.80,4,4704.90,3,4705.00,4,4705.10,3,Sell,74,46,120,28.00,40.00,-6.00,2.30,47.8,4705.30,4705.90,4703.60,4704.20,20,14,34,6.00,11.00,-1.00,1.20,25.0,18,69,0.8333,0.4286,31.00,76.00,4697.73,0.6444,UP,71.35,0.4765,1.6557
20260824 104150 440,4704.00,1,4703.80,4704.10,0.30,4703.80,1,4703.70,2,4703.60,3,4703.50,5,4703.40,4,4703.30,5,4703.20,4,4703.10,5,4703.00,5,4702.90,3,4704.10,1,4704.30,2,4704.40,3,4704.50,2,4704.60,5,4704.70,4,4704.80,4,4704.90,3,4705.00,4,4705.10,3,Sell,74,47,121,27.00,40.00,-6.00,2.30,56.5,4705.30,4705.90,4703.60,4704.00,20,14,34,6.00,11.00,-1.00,1.20,25.0,18,69,0.8333,0.4815,30.00,75.00,4697.71,0.6381,UP,71.35,0.4765,1.6557
20260824 104150 448,4704.10,1,4703.80,4704.10,0.30,4703.80,1,4703.70,2,4703.60,3,4703.50,5,4703.40,4,4703.30,5,4703.20,4,4703.10,5,4703.00,5,4702.90,3,4704.10,1,4704.30,2,4704.40,3,4704.50,2,4704.60,5,4704.70,4,4704.80,4,4704.90,3,4705.00,4,4705.10,3,Buy,75,47,122,28.00,40.00,-6.00,2.30,52.2,4705.30,4705.90,4703.60,4704.10,20,14,34,6.00,11.00,-1.00,1.20,25.0,18,69,0.8333,0.4286,31.00,76.00,4697.72,0.6413,UP,71.35,0.4765,1.6557
20260824 104150 470,4704.10,1,4703.50,4703.80,0.30,4703.40,4,4703.30,4,4703.20,4,4703.10,6,4703.00,5,4702.90,3,4702.80,4,4702.70,5,4702.60,6,4702.50,3,4703.80,2,4703.90,1,4704.00,2,4704.10,2,4704.20,2,4704.30,2,4704.40,3,4704.50,5,4704.60,5,4704.70,5,Buy,76,47,123,29.00,40.00,-6.00,2.30,52.2,4705.30,4705.90,4703.60,4704.10,20,14,34,6.00,11.00,-1.00,1.20,25.0,18,69,0.8333,0.3793,32.00,77.00,4697.72,0.6413,UP,71.35,0.4765,1.6557
20260824 104150 481,4703.90,1,4703.50,4703.80,0.30,4703.40,4,4703.30,4,4703.20,4,4703.10,6,4703.00,5,4702.90,3,4702.80,4,4702.70,5,4702.60,6,4702.50,3,4703.80,2,4703.90,1,4704.00,2,4704.10,2,4704.20,2,4704.30,2,4704.40,3,4704.50,5,4704.60,5,4704.70,5,Sell,76,48,124,28.00,40.00,-6.00,2.30,60.9,4705.30,4705.90,4703.60,4703.90,20,14,34,6.00,11.00,-1.00,1.20,25.0,18,69,0.8333,0.4286,31.00,76.00,4697.70,0.6349,UP,71.35,0.4765,1.6557
20260824 104150 493,4704.00,1,4703.50,4703.80,0.30,4703.40,4,4703.30,4,4703.20,4,4703.10,6,4703.00,5,4702.90,3,4702.80,4,4702.70,5,4702.60,6,4702.50,3,4703.80,2,4703.90,1,4704.00,2,4704.10,2,4704.20,2,4704.30,2,4704.40,3,4704.50,5,4704.60,5,4704.70,5,Buy,77,48,125,29.00,40.00,-6.00,2.30,56.5,4705.30,4705.90,4703.60,4704.00,20,14,34,6.00,11.00,-1.00,1.20,25.0,18,69,0.8333,0.3793,32.00,77.00,4697.71,0.6381,UP,71.35,0.4765,1.6557
20260824 104150 511,4703.70,1,4703.50,4703.80,0.30,4703.40,4,4703.30,4,4703.20,4,4703.10,6,4703.00,5,4702.90,3,4702.80,4,4702.70,5,4702.60,6,4702.50,3,4703.80,2,4703.90,1,4704.00,2,4704.10,2,4704.20,2,4704.30,2,4704.40,3,4704.50,5,4704.60,5,4704.70,5,Sell,77,49,126,28.00,40.00,-6.00,2.30,69.6,4705.30,4705.90,4703.60,4703.70,20,14,34,6.00,11.00,-1.00,1.20,25.0,18,69,0.8333,0.4286,31.00,76.00,4697.68,0.6286,UP,71.35,0.4765,1.6557
20260824 104150 519,4703.80,1,4703.50,4703.80,0.30,4703.40,4,4703.30,4,4703.20,4,4703.10,6,4703.00,5,4702.90,3,4702.80,4,4702.70,5,4702.60,6,4702.50,3,4703.80,2,4703.90,1,4704.00,2,4704.10,2,4704.20,2,4704.30,2,4704.40,3,4704.50,5,4704.60,5,4704.70,5,Buy,78,49,127,29.00,40.00,-6.00,2.30,65.2,4705.30,4705.90,4703.60,4703.80,20,14,34,6.00,11.00,-1.00,1.20,25.0,18,69,0.8333,0.3793,32.00,77.00,4697.69,0.6317,UP,71.35,0.4765,1.6557
20260824 104150 538,4703.80,1,4703.60,4703.90,0.30,4703.60,1,4703.50,2,4703.40,4,4703.30,5,4703.20,5,4703.10,6,4703.00,5,4702.90,3,4702.80,3,4702.70,5,4703.90,1,4704.00,1,4704.10,2,4704.20,2,4704.30,2,4704.40,5,4704.50,3,4704.60,5,4704.70,5,4704.80,4,Buy,79,49,128,30.00,40.00,-6.00,2.30,65.2,4705.30,4705.90,4703.60,4703.80,20,14,34,6.00,11.00,-1.00,1.20,25.0,18,69,0.8333,0.3333,33.00,78.00,4697.69,0.6317,UP,71.35,0.4765,1.6557
20260824 104150 554,4703.90,1,4703.60,4703.90,0.30,4703.60,1,4703.50,2,4703.40,4,4703.30,5,4703.20,5,4703.10,6,4703.00,5,4702.90,3,4702.80,3,4702.70,5,4703.90,1,4704.00,1,4704.10,2,4704.20,2,4704.30,2,4704.40,5,4704.50,3,4704.60,5,4704.70,5,4704.80,4,Buy,80,49,129,31.00,40.00,-6.00,2.30,60.9,4705.30,4705.90,4703.60,4703.90,20,14,34,6.00,11.00,-1.00,1.20,25.0,18,69,0.8333,0.2903,34.00,79.00,4697.70,0.6349,UP,71.35,0.4765,1.6557
20260824 104150 575,4703.80,1,4703.60,4703.90,0.30,4703.60,1,4703.50,2,4703.40,4,4703.30,5,4703.20,5,4703.10,6,4703.00,5,4702.90,3,4702.80,3,4702.70,5,4703.90,1,4704.00,1,4704.10,2,4704.20,2,4704.30,2,4704.40,5,4704.50,3,4704.60,5,4704.70,5,4704.80,4,Buy,81,49,130,32.00,40.00,-6.00,2.30,65.2,4705.30,4705.90,4703.60,4703.80,20,14,34,6.00,11.00,-1.00,1.20,25.0,18,69,0.8333,0.2500,35.00,80.00,4697.69,0.6317,UP,71.35,0.4765,1.6557
20260824 104150 596,4703.90,1,4703.60,4703.90,0.30,4703.60,1,4703.50,2,4703.40,4,4703.30,5,4703.20,5,4703.10,6,4703.00,5,4702.90,3,4702.80,3,4702.70,5,4703.90,1,4704.00,1,4704.10,2,4704.20,2,4704.30,2,4704.40,5,4704.50,3,4704.60,5,4704.70,5,4704.80,4,Buy,82,49,131,33.00,40.00,-6.00,2.30,60.9,4705.30,4705.90,4703.60,4703.90,20,14,34,6.00,11.00,-1.00,1.20,25.0,18,69,0.8333,0.2121,36.00,81.00,4697.70,0.6349,UP,71.35,0.4765,1.6557
20260824 104150 617,4703.90,1,4703.60,4703.90,0.30,4703.60,2,4703.50,3,4703.40,4,4703.30,5,4703.20,4,4703.10,6,4703.00,5,4702.90,3,4702.80,3,4702.70,5,4703.90,2,4704.00,2,4704.10,4,4704.20,3,4704.30,3,4704.40,4,4704.50,3,4704.60,6,4704.70,5,4704.80,4,Buy,83,49,132,34.00,40.00,-6.00,2.30,60.9,4705.30,4705.90,4703.60,4703.90,20,14,34,6.00,11.00,-1.00,1.20,25.0,18,69,0.8333,0.1765,37.00,82.00,4697.70,0.6349,UP,71.35,0.4765,1.6557
20260824 104150 618,4703.70,1,4703.60,4703.90,0.30,4703.60,2,4703.50,3,4703.40,4,4703.30,5,4703.20,4,4703.10,6,4703.00,5,4702.90,3,4702.80,3,4702.70,5,4703.90,2,4704.00,2,4704.10,4,4704.20,3,4704.30,3,4704.40,4,4704.50,3,4704.60,6,4704.70,5,4704.80,4,Sell,83,50,133,33.00,40.00,-6.00,2.30,69.6,4705.30,4705.90,4703.60,4703.70,20,14,34,6.00,11.00,-1.00,1.20,25.0,18,69,0.8333,0.2121,36.00,81.00,4697.68,0.6286,UP,71.35,0.4765,1.6557
20260824 104150 638,4703.80,1,4703.60,4703.90,0.30,4703.60,2,4703.50,3,4703.40,4,4703.30,5,4703.20,4,4703.10,6,4703.00,5,4702.90,3,4702.80,3,4702.70,5,4703.90,2,4704.00,2,4704.10,4,4704.20,3,4704.30,3,4704.40,4,4704.50,3,4704.60,6,4704.70,5,4704.80,4,Buy,84,50,134,34.00,40.00,-6.00,2.30,65.2,4705.30,4705.90,4703.60,4703.80,20,14,34,6.00,11.00,-1.00,1.20,25.0,18,69,0.8333,0.1765,37.00,82.00,4697.69,0.6317,UP,71.35,0.4765,1.6557
20260824 104150 659,4703.80,1,4703.60,4703.90,0.30,4703.60,2,4703.50,3,4703.40,4,4703.30,5,4703.20,4,4703.10,6,4703.00,5,4702.90,3,4702.80,3,4702.70,5,4703.90,2,4704.00,2,4704.10,4,4704.20,3,4704.30,3,4704.40,4,4704.50,3,4704.60,6,4704.70,5,4704.80,4,Buy,85,50,135,35.00,40.00,-6.00,2.30,65.2,4705.30,4705.90,4703.60,4703.80,20,14,34,6.00,11.00,-1.00,1.20,25.0,18,69,0.8333,0.1429,38.00,83.00,4697.69,0.6317,UP,71.35,0.4765,1.6557
20260824 104150 680,4703.90,1,4703.40,4703.80,0.40,4703.40,2,4703.30,5,4703.20,4,4703.10,7,4703.00,6,4702.90,3,4702.80,3,4702.70,5,4702.60,6,4702.50,3,4703.80,2,4703.90,4,4704.00,3,4704.10,3,4704.20,4,4704.30,3,4704.40,3,4704.50,3,4704.60,5,4704.70,5,Buy,86,50,136,36.00,40.00,-6.00,2.30,60.9,4705.30,4705.90,4703.60,4703.90,20,14,34,6.00,11.00,-1.00,1.20,25.0,18,69,0.8333,0.1111,39.00,84.00,4697.70,0.6349,UP,71.35,0.4765,1.6557
20260824 104150 701,4704.00,1,4703.40,4703.80,0.40,4703.40,2,4703.30,5,4703.20,4,4703.10,7,4703.00,6,4702.90,3,4702.80,3,4702.70,5,4702.60,6,4702.50,3,4703.80,2,4703.90,4,4704.00,3,4704.10,3,4704.20,4,4704.30,3,4704.40,3,4704.50,3,4704.60,5,4704.70,5,Buy,87,50,137,37.00,40.00,-6.00,2.30,56.5,4705.30,4705.90,4703.60,4704.00,20,14,34,6.00,11.00,-1.00,1.20,25.0,18,69,0.8333,0.0811,40.00,85.00,4697.71,0.6381,UP,71.35,0.4765,1.6557
20260824 104150 701,4703.70,1,4703.40,4703.80,0.40,4703.40,2,4703.30,5,4703.20,4,4703.10,7,4703.00,6,4702.90,3,4702.80,3,4702.70,5,4702.60,6,4702.50,3,4703.80,2,4703.90,4,4704.00,3,4704.10,3,4704.20,4,4704.30,3,4704.40,3,4704.50,3,4704.60,5,4704.70,5,Sell,87,51,138,36.00,40.00,-6.00,2.30,69.6,4705.30,4705.90,4703.60,4703.70,20,14,34,6.00,11.00,-1.00,1.20,25.0,18,69,0.8333,0.1111,39.00,84.00,4697.68,0.6286,UP,71.35,0.4765,1.6557
20260824 104150 703,4703.60,1,4703.40,4703.80,0.40,4703.40,2,4703.30,5,4703.20,4,4703.10,7,4703.00,6,4702.90,3,4702.80,3,4702.70,5,4702.60,6,4702.50,3,4703.80,2,4703.90,4,4704.00,3,4704.10,3,4704.20,4,4704.30,3,4704.40,3,4704.50,3,4704.60,5,4704.70,5,Sell,87,52,139,35.00,40.00,-6.00,2.30,73.9,4705.30,4705.90,4703.60,4703.60,20,14,34,6.00,11.00,-1.00,1.20,25.0,18,69,0.8333,0.1429,38.00,83.00,4697.67,0.6254,UP,71.35,0.4765,1.6557
20260824 104150 721,4703.80,1,4703.40,4703.80,0.40,4703.40,2,4703.30,5,4703.20,4,4703.10,7,4703.00,6,4702.90,3,4702.80,3,4702.70,5,4702.60,6,4702.50,3,4703.80,2,4703.90,4,4704.00,3,4704.10,3,4704.20,4,4704.30,3,4704.40,3,4704.50,3,4704.60,5,4704.70,5,Buy,88,52,140,36.00,40.00,-6.00,2.30,65.2,4705.30,4705.90,4703.60,4703.80,20,14,34,6.00,11.00,-1.00,1.20,25.0,18,69,0.8333,0.1111,39.00,84.00,4697.69,0.6317,UP,71.35,0.4765,1.6557
20260824 104150 750,4703.90,1,4703.50,4703.80,0.30,4703.50,2,4703.30,5,4703.20,3,4703.10,7,4703.00,6,4702.90,3,4702.80,3,4702.70,5,4702.60,6,4702.50,3,4703.80,1,4704.00,4,4704.10,3,4704.20,3,4704.30,3,4704.40,3,4704.50,3,4704.60,6,4704.70,5,4704.80,4,Buy,89,52,141,37.00,40.00,-6.00,2.30,60.9,4705.30,4705.90,4703.60,4703.90,20,14,34,6.00,11.00,-1.00,1.20,25.0,18,69,0.8333,0.0811,40.00,85.00,4697.70,0.6349,UP,71.35,0.4765,1.6557
20260824 104150 771,4703.90,1,4703.50,4703.80,0.30,4703.50,2,4703.30,5,4703.20,3,4703.10,7,4703.00,6,4702.90,3,4702.80,3,4702.70,5,4702.60,6,4702.50,3,4703.80,1,4704.00,4,4704.10,3,4704.20,3,4704.30,3,4704.40,3,4704.50,3,4704.60,6,4704.70,5,4704.80,4,Buy,90,52,142,38.00,40.00,-6.00,2.30,60.9,4705.30,4705.90,4703.60,4703.90,20,14,34,6.00,11.00,-1.00,1.20,25.0,18,69,0.8333,0.0526,41.00,86.00,4697.70,0.6349,UP,71.35,0.4765,1.6557
20260824 104150 775,4703.60,1,4703.50,4703.80,0.30,4703.50,2,4703.30,5,4703.20,3,4703.10,7,4703.00,6,4702.90,3,4702.80,3,4702.70,5,4702.60,6,4702.50,3,4703.80,1,4704.00,4,4704.10,3,4704.20,3,4704.30,3,4704.40,3,4704.50,3,4704.60,6,4704.70,5,4704.80,4,Buy,91,52,143,39.00,40.00,-6.00,2.30,73.9,4705.30,4705.90,4703.60,4703.60,20,14,34,6.00,11.00,-1.00,1.20,25.0,18,69,0.8333,0.0256,42.00,87.00,4697.67,0.6254,UP,71.35,0.4765,1.6557
20260824 104150 777,4703.60,1,4703.50,4703.80,0.30,4703.50,2,4703.30,5,4703.20,3,4703.10,7,4703.00,6,4702.90,3,4702.80,3,4702.70,5,4702.60,6,4702.50,3,4703.80,1,4704.00,4,4704.10,3,4704.20,3,4704.30,3,4704.40,3,4704.50,3,4704.60,6,4704.70,5,4704.80,4,Sell,91,53,144,38.00,40.00,-6.00,2.30,73.9,4705.30,4705.90,4703.60,4703.60,20,14,34,6.00,11.00,-1.00,1.20,25.0,18,69,0.8333,0.0526,41.00,86.00,4697.67,0.6254,UP,71.35,0.4765,1.6557
20260824 104150 792,4703.80,1,4703.50,4703.80,0.30,4703.50,2,4703.30,5,4703.20,3,4703.10,7,4703.00,6,4702.90,3,4702.80,3,4702.70,5,4702.60,6,4702.50,3,4703.80,1,4704.00,4,4704.10,3,4704.20,3,4704.30,3,4704.40,3,4704.50,3,4704.60,6,4704.70,5,4704.80,4,Buy,92,53,145,39.00,40.00,-6.00,2.30,65.2,4705.30,4705.90,4703.60,4703.80,20,14,34,6.00,11.00,-1.00,1.20,25.0,18,69,0.8333,0.0256,42.00,87.00,4697.69,0.6317,UP,71.35,0.4765,1.6557
20260824 104150 813,4703.80,1,4703.50,4703.80,0.30,4703.50,2,4703.30,5,4703.20,3,4703.10,7,4703.00,6,4702.90,3,4702.80,3,4702.70,5,4702.60,6,4702.50,3,4703.80,1,4704.00,4,4704.10,3,4704.20,3,4704.30,3,4704.40,3,4704.50,3,4704.60,6,4704.70,5,4704.80,4,Buy,93,53,146,40.00,40.00,-6.00,2.30,65.2,4705.30,4705.90,4703.60,4703.80,20,14,34,6.00,11.00,-1.00,1.20,25.0,18,69,0.8333,0.0000,43.00,88.00,4697.69,0.6317,UP,71.35,0.4765,1.6557
20260824 104150 834,4703.80,1,4703.70,4704.10,0.40,4703.70,3,4703.60,3,4703.50,2,4703.40,2,4703.30,5,4703.20,4,4703.10,6,4703.00,6,4702.90,3,4702.80,4,4704.10,3,4704.20,5,4704.30,2,4704.40,3,4704.50,3,4704.60,5,4704.70,5,4704.80,4,4704.90,3,4705.00,5,Buy,94,53,147,41.00,41.00,-6.00,2.30,65.2,4705.30,4705.90,4703.60,4703.80,20,14,34,6.00,11.00,-1.00,1.20,25.0,18,69,0.8333,0.0000,44.00,89.00,4697.69,0.6317,UP,71.35,0.4765,1.6557
20260824 104150 854,4703.90,1,4703.70,4704.10,0.40,4703.70,3,4703.60,3,4703.50,2,4703.40,2,4703.30,5,4703.20,4,4703.10,6,4703.00,6,4702.90,3,4702.80,4,4704.10,3,4704.20,5,4704.30,2,4704.40,3,4704.50,3,4704.60,5,4704.70,5,4704.80,4,4704.90,3,4705.00,5,Buy,95,53,148,42.00,42.00,-6.00,2.30,60.9,4705.30,4705.90,4703.60,4703.90,20,14,34,6.00,11.00,-1.00,1.20,25.0,18,69,0.8333,0.0000,45.00,90.00,4697.70,0.6349,UP,71.35,0.4765,1.6557
20260824 104150 874,4704.00,1,4703.70,4704.10,0.40,4703.70,3,4703.60,3,4703.50,2,4703.40,2,4703.30,5,4703.20,4,4703.10,6,4703.00,6,4702.90,3,4702.80,4,4704.10,3,4704.20,5,4704.30,2,4704.40,3,4704.50,3,4704.60,5,4704.70,5,4704.80,4,4704.90,3,4705.00,5,Buy,96,53,149,43.00,43.00,-6.00,2.30,56.5,4705.30,4705.90,4703.60,4704.00,20,14,34,6.00,11.00,-1.00,1.20,25.0,18,69,0.8333,0.0000,46.00,91.00,4697.71,0.6381,UP,71.35,0.4765,1.6557
20260824 104150 896,4704.10,1,4703.60,4704.00,0.40,4703.60,2,4703.50,2,4703.40,3,4703.30,5,4703.20,4,4703.10,6,4703.00,6,4702.90,3,4702.80,4,4702.70,5,4704.00,2,4704.20,5,4704.30,2,4704.40,3,4704.50,3,4704.60,6,4704.70,5,4704.80,4,4704.90,3,4705.00,5,Buy,97,53,150,44.00,44.00,-6.00,2.30,52.2,4705.30,4705.90,4703.60,4704.10,20,14,34,6.00,11.00,-1.00,1.20,25.0,18,69,0.8333,0.0000,47.00,92.00,4697.72,0.6413,UP,71.35,0.4765,1.6557
20260824 104150 899,4703.90,1,4703.60,4704.00,0.40,4703.60,2,4703.50,2,4703.40,3,4703.30,5,4703.20,4,4703.10,6,4703.00,6,4702.90,3,4702.80,4,4702.70,5,4704.00,2,4704.20,5,4704.30,2,4704.40,3,4704.50,3,4704.60,6,4704.70,5,4704.80,4,4704.90,3,4705.00,5,Sell,97,54,151,43.00,44.00,-6.00,2.30,60.9,4705.30,4705.90,4703.60,4703.90,20,14,34,6.00,11.00,-1.00,1.20,25.0,18,69,0.8333,0.0233,46.00,91.00,4697.70,0.6349,UP,71.35,0.4765,1.6557
20260824 104150 916,4704.00,1,4703.60,4704.00,0.40,4703.60,2,4703.50,2,4703.40,3,4703.30,5,4703.20,4,4703.10,6,4703.00,6,4702.90,3,4702.80,4,4702.70,5,4704.00,2,4704.20,5,4704.30,2,4704.40,3,4704.50,3,4704.60,6,4704.70,5,4704.80,4,4704.90,3,4705.00,5,Buy,98,54,152,44.00,44.00,-6.00,2.30,56.5,4705.30,4705.90,4703.60,4704.00,20,14,34,6.00,11.00,-1.00,1.20,25.0,18,69,0.8333,0.0000,47.00,92.00,4697.71,0.6381,UP,71.35,0.4765,1.6557
20260824 104150 941,4704.10,1,4703.60,4704.00,0.40,4703.60,2,4703.50,2,4703.40,3,4703.30,5,4703.20,4,4703.10,6,4703.00,6,4702.90,3,4702.80,4,4702.70,5,4704.00,2,4704.20,5,4704.30,2,4704.40,3,4704.50,3,4704.60,6,4704.70,5,4704.80,4,4704.90,3,4705.00,5,Buy,99,54,153,45.00,45.00,-6.00,2.30,52.2,4705.30,4705.90,4703.60,4704.10,20,14,34,6.00,11.00,-1.00,1.20,25.0,18,69,0.8333,0.0000,48.00,93.00,4697.72,0.6413,UP,71.35,0.4765,1.6557
20260824 104150 959,4704.00,1,4703.80,4704.10,0.30,4703.80,1,4703.70,3,4703.60,3,4703.50,3,4703.40,2,4703.30,6,4703.20,3,4703.10,6,4703.00,6,4702.90,3,4704.10,1,4704.20,4,4704.30,2,4704.40,3,4704.50,3,4704.60,6,4704.70,5,4704.80,4,4704.90,3,4705.00,5,Buy,100,54,154,46.00,46.00,-6.00,2.30,56.5,4705.30,4705.90,4703.60,4704.00,20,14,34,6.00,11.00,-1.00,1.20,25.0,18,69,0.8333,0.0000,49.00,94.00,4697.71,0.6381,UP,71.35,0.4765,1.6557
20260824 104150 962,4703.80,1,4703.80,4704.10,0.30,4703.80,1,4703.70,3,4703.60,3,4703.50,3,4703.40,2,4703.30,6,4703.20,3,4703.10,6,4703.00,6,4702.90,3,4704.10,1,4704.20,4,4704.30,2,4704.40,3,4704.50,3,4704.60,6,4704.70,5,4704.80,4,4704.90,3,4705.00,5,Sell,100,55,155,45.00,46.00,-6.00,2.30,65.2,4705.30,4705.90,4703.60,4703.80,20,14,34,6.00,11.00,-1.00,1.20,25.0,18,69,0.8333,0.0222,48.00,93.00,4697.69,0.6317,UP,71.35,0.4765,1.6557
20260824 104150 980,4704.00,1,4703.80,4704.10,0.30,4703.80,1,4703.70,3,4703.60,3,4703.50,3,4703.40,2,4703.30,6,4703.20,3,4703.10,6,4703.00,6,4702.90,3,4704.10,1,4704.20,4,4704.30,2,4704.40,3,4704.50,3,4704.60,6,4704.70,5,4704.80,4,4704.90,3,4705.00,5,Buy,101,55,156,46.00,46.00,-6.00,2.30,56.5,4705.30,4705.90,4703.60,4704.00,20,14,34,6.00,11.00,-1.00,1.20,25.0,18,69,0.8333,0.0000,49.00,94.00,4697.71,0.6381,UP,71.35,0.4765,1.6557
20260824 104151 012,4704.00,1,4703.80,4704.10,0.30,4703.80,1,4703.70,3,4703.60,3,4703.50,3,4703.40,2,4703.30,6,4703.20,3,4703.10,6,4703.00,6,4702.90,3,4704.10,1,4704.20,4,4704.30,2,4704.40,3,4704.50,3,4704.60,6,4704.70,5,4704.80,4,4704.90,3,4705.00,5,Buy,102,55,157,47.00,47.00,-6.00,2.30,56.5,4705.30,4705.90,4703.60,4704.00,20,14,34,6.00,11.00,-1.00,1.20,25.0,18,69,0.8333,0.0000,50.00,95.00,4697.71,0.6381,UP,71.35,0.4765,1.6557
20260824 104151 032,4704.10,1,4703.80,4704.20,0.40,4703.80,3,4703.70,3,4703.60,3,4703.50,3,4703.40,3,4703.30,5,4703.20,3,4703.10,6,4703.00,6,4702.90,3,4704.20,3,4704.30,3,4704.40,3,4704.50,3,4704.60,6,4704.70,4,4704.80,4,4704.90,3,4705.00,4,4705.10,3,Buy,103,55,158,48.00,48.00,-6.00,2.30,52.2,4705.30,4705.90,4703.60,4704.10,20,14,34,6.00,11.00,-1.00,1.20,25.0,18,69,0.8333,0.0000,51.00,96.00,4697.72,0.6413,UP,71.35,0.4765,1.6557
20260824 104151 034,4703.90,1,4703.80,4704.20,0.40,4703.80,3,4703.70,3,4703.60,3,4703.50,3,4703.40,3,4703.30,5,4703.20,3,4703.10,6,4703.00,6,4702.90,3,4704.20,3,4704.30,3,4704.40,3,4704.50,3,4704.60,6,4704.70,4,4704.80,4,4704.90,3,4705.00,4,4705.10,3,Sell,103,56,159,47.00,48.00,-6.00,2.30,60.9,4705.30,4705.90,4703.60,4703.90,20,14,34,6.00,11.00,-1.00,1.20,25.0,18,69,0.8333,0.0213,50.00,95.00,4697.70,0.6349,UP,71.35,0.4765,1.6557
20260824 104151 053,4704.10,1,4703.80,4704.20,0.40,4703.80,3,4703.70,3,4703.60,3,4703.50,3,4703.40,3,4703.30,5,4703.20,3,4703.10,6,4703.00,6,4702.90,3,4704.20,3,4704.30,3,4704.40,3,4704.50,3,4704.60,6,4704.70,4,4704.80,4,4704.90,3,4705.00,4,4705.10,3,Buy,104,56,160,48.00,48.00,-6.00,2.30,52.2,4705.30,4705.90,4703.60,4704.10,20,14,34,6.00,11.00,-1.00,1.20,25.0,18,69,0.8333,0.0000,51.00,96.00,4697.72,0.6413,UP,71.35,0.4765,1.6557
20260824 104151 074,4704.10,1,4703.80,4704.20,0.40,4703.80,3,4703.70,3,4703.60,3,4703.50,3,4703.40,3,4703.30,5,4703.20,3,4703.10,6,4703.00,6,4702.90,3,4704.20,3,4704.30,3,4704.40,3,4704.50,3,4704.60,6,4704.70,4,4704.80,4,4704.90,3,4705.00,4,4705.10,3,Buy,105,56,161,49.00,49.00,-6.00,2.30,52.2,4705.30,4705.90,4703.60,4704.10,20,14,34,6.00,11.00,-1.00,1.20,25.0,18,69,0.8333,0.0000,52.00,97.00,4697.72,0.6413,UP,71.35,0.4765,1.6557
20260824 104151 095,4704.20,1,4703.80,4704.20,0.40,4703.80,3,4703.70,3,4703.60,3,4703.50,3,4703.40,3,4703.30,5,4703.20,3,4703.10,6,4703.00,6,4702.90,3,4704.20,3,4704.30,3,4704.40,3,4704.50,3,4704.60,6,4704.70,4,4704.80,4,4704.90,3,4705.00,4,4705.10,3,Buy,106,56,162,50.00,50.00,-6.00,2.30,47.8,4705.30,4705.90,4703.60,4704.20,20,14,34,6.00,11.00,-1.00,1.20,25.0,18,69,0.8333,0.0000,53.00,98.00,4697.73,0.6444,UP,71.35,0.4765,1.6557
20260824 104151 097,4703.90,1,4703.70,4704.10,0.40,4703.70,3,4703.60,3,4703.50,2,4703.40,2,4703.30,5,4703.20,4,4703.10,6,4703.00,6,4702.90,3,4702.80,5,4704.10,2,4704.20,2,4704.30,3,4704.40,4,4704.50,4,4704.60,5,4704.70,5,4704.80,4,4704.90,3,4705.00,5,Sell,106,57,163,49.00,50.00,-6.00,2.30,60.9,4705.30,4705.90,4703.60,4703.90,20,14,34,6.00,11.00,-1.00,1.20,25.0,18,69,0.8333,0.0204,52.00,97.00,4697.70,0.6349,UP,71.35,0.4765,1.6557
20260824 104151 106,4703.80,1,4703.70,4704.10,0.40,4703.70,3,4703.60,3,4703.50,2,4703.40,2,4703.30,5,4703.20,4,4703.10,6,4703.00,6,4702.90,3,4702.80,5,4704.10,2,4704.20,2,4704.30,3,4704.40,4,4704.50,4,4704.60,5,4704.70,5,4704.80,4,4704.90,3,4705.00,5,Sell,106,58,164,48.00,50.00,-6.00,2.30,65.2,4705.30,4705.90,4703.60,4703.80,20,14,34,6.00,11.00,-1.00,1.20,25.0,18,69,0.8333,0.0417,51.00,96.00,4697.69,0.6317,UP,71.35,0.4765,1.6557
20260824 104151 115,4704.00,1,4703.70,4704.10,0.40,4703.70,3,4703.60,3,4703.50,2,4703.40,2,4703.30,5,4703.20,4,4703.10,6,4703.00,6,4702.90,3,4702.80,5,4704.10,2,4704.20,2,4704.30,3,4704.40,4,4704.50,4,4704.60,5,4704.70,5,4704.80,4,4704.90,3,4705.00,5,Buy,107,58,165,49.00,50.00,-6.00,2.30,56.5,4705.30,4705.90,4703.60,4704.00,20,14,34,6.00,11.00,-1.00,1.20,25.0,18,69,0.8333,0.0204,52.00,97.00,4697.71,0.6381,UP,71.35,0.4765,1.6557
20260824 104151 118,4703.80,1,4703.70,4704.10,0.40,4703.70,3,4703.60,3,4703.50,2,4703.40,2,4703.30,5,4703.20,4,4703.10,6,4703.00,6,4702.90,3,4702.80,5,4704.10,2,4704.20,2,4704.30,3,4704.40,4,4704.50,4,4704.60,5,4704.70,5,4704.80,4,4704.90,3,4705.00,5,Sell,107,59,166,48.00,50.00,-6.00,2.30,65.2,4705.30,4705.90,4703.60,4703.80,20,14,34,6.00,11.00,-1.00,1.20,25.0,18,69,0.8333,0.0417,51.00,96.00,4697.69,0.6317,UP,71.35,0.4765,1.6557
20260824 104151 118,4703.80,1,4703.70,4704.10,0.40,4703.70,3,4703.60,3,4703.50,2,4703.40,2,4703.30,5,4703.20,4,4703.10,6,4703.00,6,4702.90,3,4702.80,5,4704.10,2,4704.20,2,4704.30,3,4704.40,4,4704.50,4,4704.60,5,4704.70,5,4704.80,4,4704.90,3,4705.00,5,Sell,107,60,167,47.00,50.00,-6.00,2.30,65.2,4705.30,4705.90,4703.60,4703.80,20,14,34,6.00,11.00,-1.00,1.20,25.0,18,69,0.8333,0.0638,50.00,95.00,4697.69,0.6317,UP,71.35,0.4765,1.6557
20260824 104151 137,4703.90,1,4703.70,4704.10,0.40,4703.70,3,4703.60,3,4703.50,2,4703.40,2,4703.30,5,4703.20,4,4703.10,6,4703.00,6,4702.90,3,4702.80,5,4704.10,2,4704.20,2,4704.30,3,4704.40,4,4704.50,4,4704.60,5,4704.70,5,4704.80,4,4704.90,3,4705.00,5,Buy,108,60,168,48.00,50.00,-6.00,2.30,60.9,4705.30,4705.90,4703.60,4703.90,20,14,34,6.00,11.00,-1.00,1.20,25.0,18,69,0.8333,0.0417,51.00,96.00,4697.70,0.6349,UP,71.35,0.4765,1.6557
20260824 104151 157,4703.90,1,4703.70,4704.10,0.40,4703.70,3,4703.60,3,4703.50,2,4703.40,2,4703.30,5,4703.20,4,4703.10,6,4703.00,6,4702.90,3,4702.80,5,4704.10,2,4704.20,2,4704.30,3,4704.40,4,4704.50,4,4704.60,5,4704.70,5,4704.80,4,4704.90,3,4705.00,5,Buy,109,60,169,49.00,50.00,-6.00,2.30,60.9,4705.30,4705.90,4703.60,4703.90,20,14,34,6.00,11.00,-1.00,1.20,25.0,18,69,0.8333,0.0204,52.00,97.00,4697.70,0.6349,UP,71.35,0.4765,1.6557
20260824 104151 179,4704.10,1,4703.90,4704.20,0.30,4703.90,1,4703.80,2,4703.70,3,4703.60,3,4703.50,3,4703.40,2,4703.30,6,4703.20,3,4703.10,6,4703.00,6,4704.20,2,4704.30,3,4704.40,4,4704.50,3,4704.60,5,4704.70,4,4704.80,4,4704.90,3,4705.00,4,4705.10,3,Buy,110,60,170,50.00,50.00,-6.00,2.30,52.2,4705.30,4705.90,4703.60,4704.10,20,14,34,6.00,11.00,-1.00,1.20,25.0,18,69,0.8333,0.0000,53.00,98.00,4697.72,0.6413,UP,71.35,0.4765,1.6557
20260824 104151 199,4704.10,1,4703.90,4704.20,0.30,4703.90,1,4703.80,2,4703.70,3,4703.60,3,4703.50,3,4703.40,2,4703.30,6,4703.20,3,4703.10,6,4703.00,6,4704.20,2,4704.30,3,4704.40,4,4704.50,3,4704.60,5,4704.70,4,4704.80,4,4704.90,3,4705.00,4,4705.10,3,Buy,111,60,171,51.00,51.00,-6.00,2.30,52.2,4705.30,4705.90,4703.60,4704.10,20,14,34,6.00,11.00,-1.00,1.20,25.0,18,69,0.8333,0.0000,54.00,99.00,4697.72,0.6413,UP,71.35,0.4765,1.6557
20260824 104151 221,4704.10,1,4703.90,4704.20,0.30,4703.90,1,4703.80,2,4703.70,3,4703.60,3,4703.50,3,4703.40,2,4703.30,6,4703.20,3,4703.10,6,4703.00,6,4704.20,2,4704.30,3,4704.40,4,4704.50,3,4704.60,5,4704.70,4,4704.80,4,4704.90,3,4705.00,4,4705.10,3,Buy,112,60,172,52.00,52.00,-6.00,2.30,52.2,4705.30,4705.90,4703.60,4704.10,20,14,34,6.00,11.00,-1.00,1.20,25.0,18,69,0.8333,0.0000,55.00,100.00,4697.72,0.6413,UP,71.35,0.4765,1.6557
20260824 104151 255,4703.90,1,4703.70,4704.00,0.30,4703.70,2,4703.60,3,4703.50,2,4703.40,2,4703.30,5,4703.20,4,4703.10,6,4703.00,6,4702.90,3,4702.80,4,4704.00,1,4704.10,4,4704.20,4,4704.30,2,4704.40,4,4704.50,4,4704.60,5,4704.70,5,4704.80,4,4704.90,2,Sell,112,61,173,51.00,52.00,-6.00,2.30,60.9,4705.30,4705.90,4703.60,4703.90,20,14,34,6.00,11.00,-1.00,1.20,25.0,18,69,0.8333,0.0196,54.00,99.00,4697.70,0.6349,UP,71.35,0.4765,1.6557
20260824 104151 519,4703.70,1,4703.70,4704.00,0.30,4703.70,2,4703.50,2,4703.40,2,4703.30,6,4703.20,4,4703.10,6,4703.00,6,4702.90,3,4702.80,4,4702.70,5,4704.00,2,4704.10,3,4704.20,3,4704.30,2,4704.40,4,4704.50,3,4704.60,6,4704.70,5,4704.80,4,4704.90,3,Sell,112,62,174,50.00,52.00,-6.00,2.30,69.6,4705.30,4705.90,4703.60,4703.70,20,14,34,6.00,11.00,-1.00,1.20,25.0,18,69,0.8333,0.0400,53.00,98.00,4697.68,0.6286,UP,71.35,0.4765,1.6557
20260824 104152 777,4703.90,1,4703.90,4704.20,0.30,4703.80,1,4703.70,4,4703.60,5,4703.50,3,4703.40,3,4703.30,7,4703.20,4,4703.10,6,4703.00,6,4702.90,3,4704.20,4,4704.30,3,4704.40,3,4704.50,3,4704.60,6,4704.70,4,4704.80,4,4704.90,3,4705.00,5,4705.10,4,Sell,112,63,175,49.00,52.00,-6.00,2.30,60.9,4705.30,4705.90,4703.60,4703.90,20,14,34,6.00,11.00,-1.00,1.20,25.0,18,69,0.8333,0.0612,52.00,97.00,4697.70,0.6349,UP,71.35,0.4765,1.6557
20260824 104203 785,4703.70,1,4702.90,4703.20,0.30,4702.90,2,4702.80,3,4702.70,5,4702.60,5,4702.50,5,4702.40,5,4702.30,4,4702.20,4,4702.10,5,4702.00,7,4703.20,2,4703.30,6,4703.40,2,4703.60,2,4703.70,5,4703.80,2,4703.90,3,4704.00,9,4704.10,4,4704.20,5,Sell,0,1,1,-1.00,-1.00,-1.00,0.00,0.0,4703.70,4703.70,4703.70,4703.70,112,63,175,49.00,52.00,-6.00,2.30,60.9,30,240,0.0612,0.0000,69.00,91.00,4697.68,0.6286,UP,74.70,2.3427,1.5517
20260824 104203 785,4703.70,1,4702.90,4703.20,0.30,4702.90,2,4702.80,3,4702.70,5,4702.60,5,4702.50,5,4702.40,5,4702.30,4,4702.20,4,4702.10,5,4702.00,7,4703.20,2,4703.30,6,4703.40,2,4703.60,2,4703.70,5,4703.80,2,4703.90,3,4704.00,9,4704.10,4,4704.20,5,Sell,0,2,2,-2.00,-1.00,-2.00,0.00,0.0,4703.70,4703.70,4703.70,4703.70,112,63,175,49.00,52.00,-6.00,2.30,60.9,30,240,0.0612,0.0000,68.00,90.00,4697.68,0.6286,UP,74.70,2.3427,1.5517
20260824 104203 785,4703.70,5,4702.90,4703.20,0.30,4702.90,2,4702.80,3,4702.70,5,4702.60,5,4702.50,5,4702.40,5,4702.30,4,4702.20,4,4702.10,5,4702.00,7,4703.20,2,4703.30,6,4703.40,2,4703.60,2,4703.70,5,4703.80,2,4703.90,3,4704.00,9,4704.10,4,4704.20,5,Sell,0,7,7,-7.00,-1.00,-7.00,0.00,0.0,4703.70,4703.70,4703.70,4703.70,112,63,175,49.00,52.00,-6.00,2.30,60.9,30,240,0.0612,0.0000,63.00,85.00,4697.68,0.6286,UP,74.70,2.3427,1.5517
20260824 104203 788,4703.60,1,4702.90,4703.20,0.30,4702.90,2,4702.80,3,4702.70,5,4702.60,5,4702.50,5,4702.40,5,4702.30,4,4702.20,4,4702.10,5,4702.00,7,4703.20,2,4703.30,6,4703.40,2,4703.60,2,4703.70,5,4703.80,2,4703.90,3,4704.00,9,4704.10,4,4704.20,5,Sell,0,8,8,-8.00,-1.00,-8.00,0.10,100.0,4703.70,4703.70,4703.60,4703.60,112,63,175,49.00,52.00,-6.00,2.30,60.9,30,240,0.0612,0.0000,62.00,84.00,4697.67,0.6254,UP,74.70,2.3427,1.5588
20260824 104203 788,4703.60,1,4702.90,4703.20,0.30,4702.90,2,4702.80,3,4702.70,5,4702.60,5,4702.50,5,4702.40,5,4702.30,4,4702.20,4,4702.10,5,4702.00,7,4703.20,2,4703.30,6,4703.40,2,4703.60,2,4703.70,5,4703.80,2,4703.90,3,4704.00,9,4704.10,4,4704.20,5,Sell,0,9,9,-9.00,-1.00,-9.00,0.10,100.0,4703.70,4703.70,4703.60,4703.60,112,63,175,49.00,52.00,-6.00,2.30,60.9,30,240,0.0612,0.0000,61.00,83.00,4697.67,0.6254,UP,74.70,2.3427,1.5588
20260824 104203 788,4703.60,1,4702.90,4703.20,0.30,4702.90,2,4702.80,3,4702.70,5,4702.60,5,4702.50,5,4702.40,5,4702.30,4,4702.20,4,4702.10,5,4702.00,7,4703.20,2,4703.30,6,4703.40,2,4703.60,2,4703.70,5,4703.80,2,4703.90,3,4704.00,9,4704.10,4,4704.20,5,Sell,0,10,10,-10.00,-1.00,-10.00,0.10,100.0,4703.70,4703.70,4703.60,4703.60,112,63,175,49.00,52.00,-6.00,2.30,60.9,30,240,0.0612,0.0000,60.00,82.00,4697.67,0.6254,UP,74.70,2.3427,1.5588
20260824 104203 813,4703.20,1,4702.90,4703.20,0.30,4702.90,2,4702.80,3,4702.70,5,4702.60,5,4702.50,5,4702.40,5,4702.30,4,4702.20,4,4702.10,5,4702.00,7,4703.20,2,4703.30,6,4703.40,2,4703.60,2,4703.70,5,4703.80,2,4703.90,3,4704.00,9,4704.10,4,4704.20,5,Sell,0,11,11,-11.00,-1.00,-11.00,0.50,100.0,4703.70,4703.70,4703.20,4703.20,112,63,175,49.00,52.00,-6.00,2.30,60.9,30,240,0.0612,0.0000,59.00,81.00,4697.63,0.6127,UP,74.70,2.3427,1.5874
20260824 104203 815,4703.10,1,4702.90,4703.20,0.30,4702.90,2,4702.80,3,4702.70,5,4702.60,5,4702.50,5,4702.40,5,4702.30,4,4702.20,4,4702.10,5,4702.00,7,4703.20,2,4703.30,6,4703.40,2,4703.60,2,4703.70,5,4703.80,2,4703.90,3,4704.00,9,4704.10,4,4704.20,5,Sell,0,12,12,-12.00,-1.00,-12.00,0.60,100.0,4703.70,4703.70,4703.10,4703.10,112,63,175,49.00,52.00,-6.00,2.30,60.9,30,240,0.0612,0.0000,58.00,80.00,4697.62,0.6095,UP,74.70,2.3427,1.5945
20260824 104203 815,4703.10,1,4702.90,4703.20,0.30,4702.90,2,4702.80,3,4702.70,5,4702.60,5,4702.50,5,4702.40,5,4702.30,4,4702.20,4,4702.10,5,4702.00,7,4703.20,2,4703.30,6,4703.40,2,4703.60,2,4703.70,5,4703.80,2,4703.90,3,4704.00,9,4704.10,4,4704.20,5,Sell,0,13,13,-13.00,-1.00,-13.00,0.60,100.0,4703.70,4703.70,4703.10,4703.10,112,63,175,49.00,52.00,-6.00,2.30,60.9,30,240,0.0612,0.0000,57.00,79.00,4697.62,0.6095,UP,74.70,2.3427,1.5945
20260824 104203 815,4703.10,1,4702.90,4703.20,0.30,4702.90,2,4702.80,3,4702.70,5,4702.60,5,4702.50,5,4702.40,5,4702.30,4,4702.20,4,4702.10,5,4702.00,7,4703.20,2,4703.30,6,4703.40,2,4703.60,2,4703.70,5,4703.80,2,4703.90,3,4704.00,9,4704.10,4,4704.20,5,Sell,0,14,14,-14.00,-1.00,-14.00,0.60,100.0,4703.70,4703.70,4703.10,4703.10,112,63,175,49.00,52.00,-6.00,2.30,60.9,30,240,0.0612,0.0000,56.00,78.00,4697.62,0.6095,UP,74.70,2.3427,1.5945
20260824 104203 815,4703.10,1,4702.90,4703.20,0.30,4702.90,2,4702.80,3,4702.70,5,4702.60,5,4702.50,5,4702.40,5,4702.30,4,4702.20,4,4702.10,5,4702.00,7,4703.20,2,4703.30,6,4703.40,2,4703.60,2,4703.70,5,4703.80,2,4703.90,3,4704.00,9,4704.10,4,4704.20,5,Sell,0,15,15,-15.00,-1.00,-15.00,0.60,100.0,4703.70,4703.70,4703.10,4703.10,112,63,175,49.00,52.00,-6.00,2.30,60.9,30,240,0.0612,0.0000,55.00,77.00,4697.62,0.6095,UP,74.70,2.3427,1.5945
20260824 104204 460,4702.80,1,4702.80,4703.10,0.30,4702.70,3,4702.60,7,4702.50,3,4702.40,7,4702.30,4,4702.20,4,4702.10,5,4702.00,6,4701.90,4,4701.80,4,4703.10,2,4703.20,5,4703.30,6,4703.40,2,4703.60,2,4703.70,5,4703.80,2,4703.90,3,4704.00,9,4704.10,4,Sell,0,16,16,-16.00,-1.00,-16.00,0.90,100.0,4703.70,4703.70,4702.80,4702.80,112,63,175,49.00,52.00,-6.00,2.30,60.9,30,240,0.0612,0.0000,54.00,76.00,4697.59,0.6000,UP,74.70,2.3427,1.6160
20260824 104204 823,4702.70,1,4702.60,4702.90,0.30,4702.60,2,4702.50,5,4702.40,5,4702.30,5,4702.20,6,4702.10,5,4702.00,5,4701.90,4,4701.80,4,4701.70,5,4702.90,2,4703.00,1,4703.10,2,4703.20,5,4703.30,5,4703.40,2,4703.60,3,4703.70,5,4703.80,2,4703.90,3,Sell,0,17,17,-17.00,-1.00,-17.00,1.00,100.0,4703.70,4703.70,4702.70,4702.70,112,63,175,49.00,52.00,-6.00,2.30,60.9,30,240,0.0612,0.0000,53.00,75.00,4697.58,0.5968,UP,74.70,2.3427,1.6231
20260824 104206 439,4702.90,1,4702.80,4703.00,0.20,4702.80,2,4702.70,5,4702.60,3,4702.50,4,4702.40,6,4702.30,5,4702.20,5,4702.10,5,4702.00,6,4701.90,4,4703.00,2,4703.20,2,4703.30,4,4703.40,1,4703.60,3,4703.70,5,4703.80,2,4703.90,3,4704.00,9,4704.10,4,Buy,1,17,18,-16.00,-1.00,-17.00,1.00,80.0,4703.70,4703.70,4702.70,4702.90,112,63,175,49.00,52.00,-6.00,2.30,60.9,30,240,0.0612,0.0625,54.00,76.00,4697.60,0.6032,UP,74.70,2.3427,1.6231
20260824 104206 714,4702.80,1,4702.70,4703.00,0.30,4702.70,2,4702.60,4,4702.50,4,4702.40,5,4702.30,6,4702.20,5,4702.10,5,4702.00,6,4701.90,4,4701.80,4,4703.00,2,4703.20,2,4703.30,4,4703.40,1,4703.60,3,4703.70,5,4703.80,2,4703.90,3,4704.00,9,4704.10,4,Sell,1,18,19,-17.00,-1.00,-17.00,1.00,90.0,4703.70,4703.70,4702.70,4702.80,112,63,175,49.00,52.00,-6.00,2.30,60.9,30,240,0.0612,0.0000,53.00,75.00,4697.59,0.6000,UP,74.70,2.3427,1.6231
20260824 104209 292,4703.00,2,4702.90,4703.20,0.30,4702.90,1,4702.80,1,4702.70,1,4702.60,4,4702.50,4,4702.40,6,4702.30,5,4702.20,5,4702.10,6,4702.00,6,4703.20,2,4703.30,4,4703.40,1,4703.60,3,4703.70,5,4703.80,2,4703.90,3,4704.00,9,4704.10,4,4704.20,5,Buy,3,18,21,-15.00,-1.00,-17.00,1.00,70.0,4703.70,4703.70,4702.70,4703.00,112,63,175,49.00,52.00,-6.00,2.30,60.9,30,240,0.0612,0.1333,55.00,77.00,4697.61,0.6064,UP,74.70,2.3427,1.6231
20260824 104215 788,4702.90,1,4702.80,4703.20,0.40,4702.80,3,4702.70,2,4702.60,4,4702.50,6,4702.40,6,4702.30,5,4702.20,5,4702.10,6,4702.00,6,4701.90,3,4703.20,1,4703.30,2,4703.40,1,4703.50,1,4703.60,1,4703.70,4,4703.80,2,4703.90,2,4704.00,9,4704.10,4,Sell,3,19,22,-16.00,-1.00,-17.00,1.00,80.0,4703.70,4703.70,4702.70,4702.90,112,63,175,49.00,52.00,-6.00,2.30,60.9,30,240,0.0612,0.0625,54.00,76.00,4697.60,0.6032,UP,74.70,2.3427,1.6231
20260824 104215 788,4702.80,1,4702.80,4703.20,0.40,4702.80,3,4702.70,2,4702.60,4,4702.50,6,4702.40,6,4702.30,5,4702.20,5,4702.10,6,4702.00,6,4701.90,3,4703.20,1,4703.30,2,4703.40,1,4703.50,1,4703.60,1,4703.70,4,4703.80,2,4703.90,2,4704.00,9,4704.10,4,Sell,3,20,23,-17.00,-1.00,-17.00,1.00,90.0,4703.70,4703.70,4702.70,4702.80,112,63,175,49.00,52.00,-6.00,2.30,60.9,30,240,0.0612,0.0000,53.00,75.00,4697.59,0.6000,UP,74.70,2.3427,1.6231
20260824 104215 788,4702.80,1,4702.80,4703.20,0.40,4702.80,3,4702.70,2,4702.60,4,4702.50,6,4702.40,6,4702.30,5,4702.20,5,4702.10,6,4702.00,6,4701.90,3,4703.20,1,4703.30,2,4703.40,1,4703.50,1,4703.60,1,4703.70,4,4703.80,2,4703.90,2,4704.00,9,4704.10,4,Sell,3,21,24,-18.00,-1.00,-18.00,1.00,90.0,4703.70,4703.70,4702.70,4702.80,112,63,175,49.00,52.00,-6.00,2.30,60.9,30,240,0.0612,0.0000,52.00,74.00,4697.59,0.6000,UP,74.70,2.3427,1.6231
20260824 104217 025,4702.90,1,4702.70,4703.10,0.40,4702.70,4,4702.60,5,4702.50,4,4702.40,7,4702.30,5,4702.20,5,4702.10,5,4702.00,7,4701.90,3,4701.80,4,4703.10,2,4703.20,3,4703.30,3,4703.40,1,4703.60,3,4703.70,5,4703.80,3,4703.90,3,4704.00,9,4704.10,4,Sell,3,22,25,-19.00,-1.00,-19.00,1.00,80.0,4703.70,4703.70,4702.70,4702.90,112,63,175,49.00,52.00,-6.00,2.30,60.9,30,240,0.0612,0.0000,51.00,73.00,4697.60,0.6032,UP,74.70,2.3427,1.6231
20260824 104217 025,4702.80,1,4702.70,4703.10,0.40,4702.70,4,4702.60,5,4702.50,4,4702.40,7,4702.30,5,4702.20,5,4702.10,5,4702.00,7,4701.90,3,4701.80,4,4703.10,2,4703.20,3,4703.30,3,4703.40,1,4703.60,3,4703.70,5,4703.80,3,4703.90,3,4704.00,9,4704.10,4,Sell,3,23,26,-20.00,-1.00,-20.00,1.00,90.0,4703.70,4703.70,4702.70,4702.80,112,63,175,49.00,52.00,-6.00,2.30,60.9,30,240,0.0612,0.0000,50.00,72.00,4697.59,0.6000,UP,74.70,2.3427,1.6231
20260824 104217 025,4702.80,1,4702.70,4703.10,0.40,4702.70,4,4702.60,5,4702.50,4,4702.40,7,4702.30,5,4702.20,5,4702.10,5,4702.00,7,4701.90,3,4701.80,4,4703.10,2,4703.20,3,4703.30,3,4703.40,1,4703.60,3,4703.70,5,4703.80,3,4703.90,3,4704.00,9,4704.10,4,Sell,3,24,27,-21.00,-1.00,-21.00,1.00,90.0,4703.70,4703.70,4702.70,4702.80,112,63,175,49.00,52.00,-6.00,2.30,60.9,30,240,0.0612,0.0000,49.00,71.00,4697.59,0.6000,UP,74.70,2.3427,1.6231
20260824 104217 025,4702.70,1,4702.70,4703.10,0.40,4702.70,4,4702.60,5,4702.50,4,4702.40,7,4702.30,5,4702.20,5,4702.10,5,4702.00,7,4701.90,3,4701.80,4,4703.10,2,4703.20,3,4703.30,3,4703.40,1,4703.60,3,4703.70,5,4703.80,3,4703.90,3,4704.00,9,4704.10,4,Sell,3,25,28,-22.00,-1.00,-22.00,1.00,100.0,4703.70,4703.70,4702.70,4702.70,112,63,175,49.00,52.00,-6.00,2.30,60.9,30,240,0.0612,0.0000,48.00,70.00,4697.58,0.5968,UP,74.70,2.3427,1.6231
20260824 104218 169,4702.70,1,4702.70,4703.10,0.40,4702.70,1,4702.60,5,4702.50,4,4702.40,7,4702.30,5,4702.20,5,4702.10,5,4702.00,7,4701.90,3,4701.80,4,4703.10,2,4703.20,3,4703.30,3,4703.40,1,4703.60,3,4703.70,5,4703.80,3,4703.90,3,4704.00,9,4704.10,4,Sell,3,26,29,-23.00,-1.00,-23.00,1.00,100.0,4703.70,4703.70,4702.70,4702.70,112,63,175,49.00,52.00,-6.00,2.30,60.9,30,240,0.0612,0.0000,47.00,69.00,4697.58,0.5968,UP,74.70,2.3427,1.6231
20260824 104218 169,4702.70,1,4702.70,4703.10,0.40,4702.70,1,4702.60,5,4702.50,4,4702.40,7,4702.30,5,4702.20,5,4702.10,5,4702.00,7,4701.90,3,4701.80,4,4703.10,2,4703.20,3,4703.30,3,4703.40,1,4703.60,3,4703.70,5,4703.80,3,4703.90,3,4704.00,9,4704.10,4,Sell,3,27,30,-24.00,-1.00,-24.00,1.00,100.0,4703.70,4703.70,4702.70,4702.70,112,63,175,49.00,52.00,-6.00,2.30,60.9,30,240,0.0612,0.0000,46.00,68.00,4697.58,0.5968,UP,74.70,2.3427,1.6231
20260824 104218 169,4702.70,1,4702.70,4703.10,0.40,4702.70,1,4702.60,5,4702.50,4,4702.40,7,4702.30,5,4702.20,5,4702.10,5,4702.00,7,4701.90,3,4701.80,4,4703.10,2,4703.20,3,4703.30,3,4703.40,1,4703.60,3,4703.70,5,4703.80,3,4703.90,3,4704.00,9,4704.10,4,Sell,3,28,31,-25.00,-1.00,-25.00,1.00,100.0,4703.70,4703.70,4702.70,4702.70,112,63,175,49.00,52.00,-6.00,2.30,60.9,30,240,0.0612,0.0000,45.00,67.00,4697.58,0.5968,UP,74.70,2.3427,1.6231
20260824 104219 989,4702.80,1,4702.70,4703.10,0.40,4702.70,2,4702.60,4,4702.50,4,4702.40,7,4702.30,5,4702.20,5,4702.10,5,4702.00,6,4701.90,3,4701.80,4,4703.10,1,4703.20,3,4703.30,2,4703.40,1,4703.50,1,4703.60,3,4703.70,5,4703.80,3,4703.90,3,4704.00,9,Sell,3,29,32,-26.00,-1.00,-26.00,1.00,90.0,4703.70,4703.70,4702.70,4702.80,112,63,175,49.00,52.00,-6.00,2.30,60.9,30,240,0.0612,0.0000,44.00,66.00,4697.59,0.6000,UP,74.70,2.3427,1.6231
20260824 104220 739,4702.70,1,4702.70,4703.00,0.30,4702.60,1,4702.50,5,4702.40,5,4702.30,4,4702.20,6,4702.10,5,4702.00,5,4701.90,3,4701.80,4,4701.70,5,4702.90,1,4703.00,2,4703.10,3,4703.20,3,4703.30,3,4703.40,2,4703.50,2,4703.60,4,4703.70,5,4703.80,3,Sell,3,30,33,-27.00,-1.00,-27.00,1.00,100.0,4703.70,4703.70,4702.70,4702.70,112,63,175,49.00,52.00,-6.00,2.30,60.9,30,240,0.0612,0.0000,43.00,65.00,4697.58,0.5968,UP,74.70,2.3427,1.6231
20260824 104220 739,4702.60,1,4702.70,4703.00,0.30,4702.60,1,4702.50,5,4702.40,5,4702.30,4,4702.20,6,4702.10,5,4702.00,5,4701.90,3,4701.80,4,4701.70,5,4702.90,1,4703.00,2,4703.10,3,4703.20,3,4703.30,3,4703.40,2,4703.50,2,4703.60,4,4703.70,5,4703.80,3,Sell,3,31,34,-28.00,-1.00,-28.00,1.10,100.0,4703.70,4703.70,4702.60,4702.60,112,63,175,49.00,52.00,-6.00,2.30,60.9,30,240,0.0612,0.0000,42.00,64.00,4697.57,0.5937,UP,74.70,2.3427,1.6303
20260824 104220 739,4702.60,1,4702.70,4703.00,0.30,4702.60,1,4702.50,5,4702.40,5,4702.30,4,4702.20,6,4702.10,5,4702.00,5,4701.90,3,4701.80,4,4701.70,5,4702.90,1,4703.00,2,4703.10,3,4703.20,3,4703.30,3,4703.40,2,4703.50,2,4703.60,4,4703.70,5,4703.80,3,Sell,3,32,35,-29.00,-1.00,-29.00,1.10,100.0,4703.70,4703.70,4702.60,4702.60,112,63,175,49.00,52.00,-6.00,2.30,60.9,30,240,0.0612,0.0000,41.00,63.00,4697.57,0.5937,UP,74.70,2.3427,1.6303
20260824 104222 108,4702.60,1,4702.50,4702.80,0.30,4702.50,1,4702.40,5,4702.30,4,4702.20,4,4702.10,6,4702.00,5,4701.90,3,4701.80,4,4701.70,5,4701.60,4,4702.80,2,4702.90,4,4703.00,1,4703.10,3,4703.20,3,4703.30,2,4703.40,2,4703.50,2,4703.60,4,4703.70,5,Sell,3,33,36,-30.00,-1.00,-30.00,1.10,100.0,4703.70,4703.70,4702.60,4702.60,112,63,175,49.00,52.00,-6.00,2.30,60.9,30,240,0.0612,0.0000,40.00,62.00,4697.57,0.5937,UP,74.70,2.3427,1.6303
20260824 104222 108,4702.50,1,4702.50,4702.80,0.30,4702.50,1,4702.40,5,4702.30,4,4702.20,4,4702.10,6,4702.00,5,4701.90,3,4701.80,4,4701.70,5,4701.60,4,4702.80,2,4702.90,4,4703.00,1,4703.10,3,4703.20,3,4703.30,2,4703.40,2,4703.50,2,4703.60,4,4703.70,5,Sell,3,34,37,-31.00,-1.00,-31.00,1.20,100.0,4703.70,4703.70,4702.50,4702.50,112,63,175,49.00,52.00,-6.00,2.30,60.9,30,240,0.0612,0.0000,39.00,61.00,4697.56,0.5905,UP,74.70,2.3427,1.6374
20260824 104222 108,4702.50,1,4702.50,4702.80,0.30,4702.50,1,4702.40,5,4702.30,4,4702.20,4,4702.10,6,4702.00,5,4701.90,3,4701.80,4,4701.70,5,4701.60,4,4702.80,2,4702.90,4,4703.00,1,4703.10,3,4703.20,3,4703.30,2,4703.40,2,4703.50,2,4703.60,4,4703.70,5,Sell,3,35,38,-32.00,-1.00,-32.00,1.20,100.0,4703.70,4703.70,4702.50,4702.50,112,63,175,49.00,52.00,-6.00,2.30,60.9,30,240,0.0612,0.0000,38.00,60.00,4697.56,0.5905,UP,74.70,2.3427,1.6374
20260824 104224 353,4702.50,1,4702.40,4702.70,0.30,4702.40,2,4702.30,5,4702.20,4,4702.10,6,4702.00,6,4701.90,3,4701.80,4,4701.70,5,4701.60,4,4701.50,6,4702.70,1,4702.80,1,4702.90,1,4703.00,2,4703.10,4,4703.20,5,4703.30,3,4703.40,3,4703.50,3,4703.60,4,Sell,3,36,39,-33.00,-1.00,-33.00,1.20,100.0,4703.70,4703.70,4702.50,4702.50,112,63,175,49.00,52.00,-6.00,2.30,60.9,30,240,0.0612,0.0000,37.00,59.00,4697.56,0.5905,UP,74.70,2.3427,1.6374
20260824 104224 353,4702.40,1,4702.40,4702.70,0.30,4702.40,2,4702.30,5,4702.20,4,4702.10,6,4702.00,6,4701.90,3,4701.80,4,4701.70,5,4701.60,4,4701.50,6,4702.70,1,4702.80,1,4702.90,1,4703.00,2,4703.10,4,4703.20,5,4703.30,3,4703.40,3,4703.50,3,4703.60,4,Sell,3,37,40,-34.00,-1.00,-34.00,1.30,100.0,4703.70,4703.70,4702.40,4702.40,112,63,175,49.00,52.00,-6.00,2.30,60.9,30,240,0.0612,0.0000,36.00,58.00,4697.56,0.5873,UP,74.70,2.3427,1.6445
20260824 104224 353,4702.40,1,4702.40,4702.70,0.30,4702.40,2,4702.30,5,4702.20,4,4702.10,6,4702.00,6,4701.90,3,4701.80,4,4701.70,5,4701.60,4,4701.50,6,4702.70,1,4702.80,1,4702.90,1,4703.00,2,4703.10,4,4703.20,5,4703.30,3,4703.40,3,4703.50,3,4703.60,4,Sell,3,38,41,-35.00,-1.00,-35.00,1.30,100.0,4703.70,4703.70,4702.40,4702.40,112,63,175,49.00,52.00,-6.00,2.30,60.9,30,240,0.0612,0.0000,35.00,57.00,4697.56,0.5873,UP,74.70,2.3427,1.6445
20260824 104224 594,4702.40,1,4702.20,4702.50,0.30,4702.20,3,4702.10,6,4702.00,7,4701.90,3,4701.80,4,4701.70,5,4701.60,3,4701.50,6,4701.40,5,4701.30,4,4702.50,1,4702.60,3,4702.70,2,4702.80,1,4703.00,3,4703.10,4,4703.20,4,4703.30,4,4703.40,3,4703.50,3,Sell,3,39,42,-36.00,-1.00,-36.00,1.30,100.0,4703.70,4703.70,4702.40,4702.40,112,63,175,49.00,52.00,-6.00,2.30,60.9,30,240,0.0612,0.0000,34.00,56.00,4697.56,0.5873,UP,74.70,2.3427,1.6445
20260824 104224 594,4702.40,1,4702.20,4702.50,0.30,4702.20,3,4702.10,6,4702.00,7,4701.90,3,4701.80,4,4701.70,5,4701.60,3,4701.50,6,4701.40,5,4701.30,4,4702.50,1,4702.60,3,4702.70,2,4702.80,1,4703.00,3,4703.10,4,4703.20,4,4703.30,4,4703.40,3,4703.50,3,Sell,3,40,43,-37.00,-1.00,-37.00,1.30,100.0,4703.70,4703.70,4702.40,4702.40,112,63,175,49.00,52.00,-6.00,2.30,60.9,30,240,0.0612,0.0000,33.00,55.00,4697.56,0.5873,UP,74.70,2.3427,1.6445
20260824 104225 315,4702.50,1,4702.30,4702.50,0.20,4702.40,1,4702.30,2,4702.20,5,4702.10,6,4702.00,7,4701.90,3,4701.80,4,4701.70,5,4701.60,3,4701.50,6,4702.70,2,4702.90,1,4703.00,3,4703.10,4,4703.20,3,4703.30,4,4703.40,3,4703.50,3,4703.60,4,4703.70,5,Buy,4,40,44,-36.00,-1.00,-37.00,1.30,92.3,4703.70,4703.70,4702.40,4702.50,112,63,175,49.00,52.00,-6.00,2.30,60.9,30,240,0.0612,0.0278,34.00,56.00,4697.56,0.5905,UP,74.70,2.3427,1.6445
20260824 104225 564,4702.70,1,4702.70,4703.10,0.40,4702.70,2,4702.60,6,4702.40,5,4702.30,4,4702.20,7,4702.10,7,4702.00,7,4701.90,4,4701.80,4,4701.70,5,4703.10,1,4703.20,1,4703.30,3,4703.40,2,4703.50,2,4703.60,2,4703.70,4,4703.80,2,4703.90,3,4704.00,9,Sell,4,41,45,-37.00,-1.00,-37.00,1.30,76.9,4703.70,4703.70,4702.40,4702.70,112,63,175,49.00,52.00,-6.00,2.30,60.9,30,240,0.0612,0.0000,33.00,55.00,4697.58,0.5968,UP,74.70,2.3427,1.6445
20260824 104225 591,4702.70,1,4702.70,4703.10,0.40,4702.70,2,4702.60,6,4702.40,5,4702.30,4,4702.20,7,4702.10,7,4702.00,7,4701.90,4,4701.80,4,4701.70,5,4703.10,1,4703.20,1,4703.30,3,4703.40,2,4703.50,2,4703.60,2,4703.70,4,4703.80,2,4703.90,3,4704.00,9,Sell,4,42,46,-38.00,-1.00,-38.00,1.30,76.9,4703.70,4703.70,4702.40,4702.70,112,63,175,49.00,52.00,-6.00,2.30,60.9,30,240,0.0612,0.0000,32.00,54.00,4697.58,0.5968,UP,74.70,2.3427,1.6445
20260824 104225 606,4702.70,1,4702.70,4703.10,0.40,4702.70,2,4702.60,6,4702.40,5,4702.30,4,4702.20,7,4702.10,7,4702.00,7,4701.90,4,4701.80,4,4701.70,5,4703.10,1,4703.20,1,4703.30,3,4703.40,2,4703.50,2,4703.60,2,4703.70,4,4703.80,2,4703.90,3,4704.00,9,Sell,4,43,47,-39.00,-1.00,-39.00,1.30,76.9,4703.70,4703.70,4702.40,4702.70,112,63,175,49.00,52.00,-6.00,2.30,60.9,30,240,0.0612,0.0000,31.00,53.00,4697.58,0.5968,UP,74.70,2.3427,1.6445
20260824 104226 704,4702.70,1,4702.60,4702.90,0.30,4702.60,2,4702.50,1,4702.40,5,4702.30,4,4702.20,7,4702.10,7,4702.00,7,4701.90,4,4701.80,4,4701.70,5,4702.90,3,4703.00,2,4703.10,3,4703.20,1,4703.30,2,4703.40,2,4703.50,2,4703.60,3,4703.70,4,4703.80,2,Sell,4,44,48,-40.00,-1.00,-40.00,1.30,76.9,4703.70,4703.70,4702.40,4702.70,112,63,175,49.00,52.00,-6.00,2.30,60.9,30,240,0.0612,0.0000,30.00,52.00,4697.58,0.5968,UP,74.70,2.3427,1.6445
20260824 104226 704,4702.60,1,4702.60,4702.90,0.30,4702.60,2,4702.50,1,4702.40,5,4702.30,4,4702.20,7,4702.10,7,4702.00,7,4701.90,4,4701.80,4,4701.70,5,4702.90,3,4703.00,2,4703.10,3,4703.20,1,4703.30,2,4703.40,2,4703.50,2,4703.60,3,4703.70,4,4703.80,2,Sell,4,45,49,-41.00,-1.00,-41.00,1.30,84.6,4703.70,4703.70,4702.40,4702.60,112,63,175,49.00,52.00,-6.00,2.30,60.9,30,240,0.0612,0.0000,29.00,51.00,4697.57,0.5937,UP,74.70,2.3427,1.6445
20260824 104229 121,4702.60,1,4702.50,4702.80,0.30,4702.50,1,4702.40,4,4702.30,3,4702.20,4,4702.10,8,4702.00,7,4701.90,4,4701.80,4,4701.70,5,4701.60,4,4702.80,1,4703.00,2,4703.10,3,4703.20,1,4703.30,3,4703.40,2,4703.50,3,4703.60,4,4703.70,5,4703.80,3,Sell,4,46,50,-42.00,-1.00,-42.00,1.30,84.6,4703.70,4703.70,4702.40,4702.60,112,63,175,49.00,52.00,-6.00,2.30,60.9,30,240,0.0612,0.0000,28.00,50.00,4697.57,0.5937,UP,74.70,2.3427,1.6445
20260824 104229 121,4702.50,1,4702.50,4702.80,0.30,4702.50,1,4702.40,4,4702.30,3,4702.20,4,4702.10,8,4702.00,7,4701.90,4,4701.80,4,4701.70,5,4701.60,4,4702.80,1,4703.00,2,4703.10,3,4703.20,1,4703.30,3,4703.40,2,4703.50,3,4703.60,4,4703.70,5,4703.80,3,Sell,4,47,51,-43.00,-1.00,-43.00,1.30,92.3,4703.70,4703.70,4702.40,4702.50,112,63,175,49.00,52.00,-6.00,2.30,60.9,30,240,0.0612,0.0000,27.00,49.00,4697.56,0.5905,UP,74.70,2.3427,1.6445
20260824 104229 121,4702.50,1,4702.50,4702.80,0.30,4702.50,1,4702.40,4,4702.30,3,4702.20,4,4702.10,8,4702.00,7,4701.90,4,4701.80,4,4701.70,5,4701.60,4,4702.80,1,4703.00,2,4703.10,3,4703.20,1,4703.30,3,4703.40,2,4703.50,3,4703.60,4,4703.70,5,4703.80,3,Sell,4,48,52,-44.00,-1.00,-44.00,1.30,92.3,4703.70,4703.70,4702.40,4702.50,112,63,175,49.00,52.00,-6.00,2.30,60.9,30,240,0.0612,0.0000,26.00,48.00,4697.56,0.5905,UP,74.70,2.3427,1.6445
20260824 104229 121,4702.50,1,4702.50,4702.80,0.30,4702.50,1,4702.40,4,4702.30,3,4702.20,4,4702.10,8,4702.00,7,4701.90,4,4701.80,4,4701.70,5,4701.60,4,4702.80,1,4703.00,2,4703.10,3,4703.20,1,4703.30,3,4703.40,2,4703.50,3,4703.60,4,4703.70,5,4703.80,3,Sell,4,49,53,-45.00,-1.00,-45.00,1.30,92.3,4703.70,4703.70,4702.40,4702.50,112,63,175,49.00,52.00,-6.00,2.30,60.9,30,240,0.0612,0.0000,25.00,47.00,4697.56,0.5905,UP,74.70,2.3427,1.6445
20260824 104230 294,4702.50,1,4702.40,4702.80,0.40,4702.40,3,4702.30,3,4702.20,4,4702.10,8,4702.00,7,4701.90,4,4701.80,4,4701.70,5,4701.60,4,4701.50,6,4702.80,4,4702.90,2,4703.00,3,4703.10,3,4703.20,1,4703.30,3,4703.40,2,4703.50,2,4703.60,3,4703.70,4,Sell,4,50,54,-46.00,-1.00,-46.00,1.30,92.3,4703.70,4703.70,4702.40,4702.50,112,63,175,49.00,52.00,-6.00,2.30,60.9,30,240,0.0612,0.0000,24.00,46.00,4697.56,0.5905,UP,74.70,2.3427,1.6445
20260824 104230 294,4702.50,1,4702.40,4702.80,0.40,4702.40,3,4702.30,3,4702.20,4,4702.10,8,4702.00,7,4701.90,4,4701.80,4,4701.70,5,4701.60,4,4701.50,6,4702.80,4,4702.90,2,4703.00,3,4703.10,3,4703.20,1,4703.30,3,4703.40,2,4703.50,2,4703.60,3,4703.70,4,Sell,4,51,55,-47.00,-1.00,-47.00,1.30,92.3,4703.70,4703.70,4702.40,4702.50,112,63,175,49.00,52.00,-6.00,2.30,60.9,30,240,0.0612,0.0000,23.00,45.00,4697.56,0.5905,UP,74.70,2.3427,1.6445
20260824 104230 294,4702.40,1,4702.40,4702.80,0.40,4702.40,3,4702.30,3,4702.20,4,4702.10,8,4702.00,7,4701.90,4,4701.80,4,4701.70,5,4701.60,4,4701.50,6,4702.80,4,4702.90,2,4703.00,3,4703.10,3,4703.20,1,4703.30,3,4703.40,2,4703.50,2,4703.60,3,4703.70,4,Sell,4,52,56,-48.00,-1.00,-48.00,1.30,100.0,4703.70,4703.70,4702.40,4702.40,112,63,175,49.00,52.00,-6.00,2.30,60.9,30,240,0.0612,0.0000,22.00,44.00,4697.56,0.5873,UP,74.70,2.3427,1.6445
20260824 104235 173,4702.30,1,4702.20,4702.40,0.20,4702.30,1,4702.20,2,4702.10,6,4702.00,7,4701.90,4,4701.80,4,4701.70,5,4701.60,4,4701.50,6,4701.40,5,4702.50,1,4702.60,2,4702.70,2,4702.80,2,4702.90,1,4703.00,2,4703.10,3,4703.20,2,4703.30,3,4703.40,3,Sell,4,53,57,-49.00,-1.00,-49.00,1.40,100.0,4703.70,4703.70,4702.30,4702.30,112,63,175,49.00,52.00,-6.00,2.30,60.9,30,240,0.0612,0.0000,21.00,43.00,4697.55,0.5841,UP,74.70,2.3427,1.6517
20260824 104235 196,4702.20,1,4702.20,4702.40,0.20,4702.30,1,4702.20,2,4702.10,6,4702.00,7,4701.90,4,4701.80,4,4701.70,5,4701.60,4,4701.50,6,4701.40,5,4702.50,1,4702.60,2,4702.70,2,4702.80,2,4702.90,1,4703.00,2,4703.10,3,4703.20,2,4703.30,3,4703.40,3,Sell,4,54,58,-50.00,-1.00,-50.00,1.50,100.0,4703.70,4703.70,4702.20,4702.20,112,63,175,49.00,52.00,-6.00,2.30,60.9,30,240,0.0612,0.0000,20.00,42.00,4697.54,0.5810,UP,74.70,2.3427,1.6588
20260824 104235 197,4702.10,1,4701.80,4702.10,0.30,4701.80,1,4701.70,6,4701.60,3,4701.50,6,4701.40,5,4701.30,3,4701.20,3,4701.10,5,4701.00,3,4700.90,4,4702.10,1,4702.20,4,4702.30,5,4702.40,2,4702.50,2,4702.60,2,4702.70,3,4702.80,4,4702.90,1,4703.00,3,Sell,4,55,59,-51.00,-1.00,-51.00,1.60,100.0,4703.70,4703.70,4702.10,4702.10,112,63,175,49.00,52.00,-6.00,2.30,60.9,30,240,0.0612,0.0000,19.00,41.00,4697.53,0.5778,UP,74.70,2.3427,1.6660
20260824 104235 197,4702.10,1,4701.80,4702.10,0.30,4701.80,1,4701.70,6,4701.60,3,4701.50,6,4701.40,5,4701.30,3,4701.20,3,4701.10,5,4701.00,3,4700.90,4,4702.10,1,4702.20,4,4702.30,5,4702.40,2,4702.50,2,4702.60,2,4702.70,3,4702.80,4,4702.90,1,4703.00,3,Sell,4,56,60,-52.00,-1.00,-52.00,1.60,100.0,4703.70,4703.70,4702.10,4702.10,112,63,175,49.00,52.00,-6.00,2.30,60.9,30,240,0.0612,0.0000,18.00,40.00,4697.53,0.5778,UP,74.70,2.3427,1.6660
20260824 104235 197,4702.10,1,4701.80,4702.10,0.30,4701.80,1,4701.70,6,4701.60,3,4701.50,6,4701.40,5,4701.30,3,4701.20,3,4701.10,5,4701.00,3,4700.90,4,4702.10,1,4702.20,4,4702.30,5,4702.40,2,4702.50,2,4702.60,2,4702.70,3,4702.80,4,4702.90,1,4703.00,3,Sell,4,57,61,-53.00,-1.00,-53.00,1.60,100.0,4703.70,4703.70,4702.10,4702.10,112,63,175,49.00,52.00,-6.00,2.30,60.9,30,240,0.0612,0.0000,17.00,39.00,4697.53,0.5778,UP,74.70,2.3427,1.6660
20260824 104236 231,4701.80,1,4701.90,4702.20,0.30,4701.90,1,4701.70,6,4701.60,4,4701.50,6,4701.40,5,4701.30,3,4701.20,2,4701.10,5,4701.00,3,4700.90,4,4702.20,1,4702.30,2,4702.40,3,4702.50,2,4702.60,1,4702.70,3,4702.80,4,4702.90,1,4703.00,2,4703.10,5,Sell,4,58,62,-54.00,-1.00,-54.00,1.90,100.0,4703.70,4703.70,4701.80,4701.80,112,63,175,49.00,52.00,-6.00,2.30,60.9,30,240,0.0612,0.0000,16.00,38.00,4697.50,0.5683,UP,74.70,2.3427,1.6874
20260824 104236 231,4701.80,1,4701.90,4702.20,0.30,4701.90,1,4701.70,6,4701.60,4,4701.50,6,4701.40,5,4701.30,3,4701.20,2,4701.10,5,4701.00,3,4700.90,4,4702.20,1,4702.30,2,4702.40,3,4702.50,2,4702.60,1,4702.70,3,4702.80,4,4702.90,1,4703.00,2,4703.10,5,Sell,4,59,63,-55.00,-1.00,-55.00,1.90,100.0,4703.70,4703.70,4701.80,4701.80,112,63,175,49.00,52.00,-6.00,2.30,60.9,30,240,0.0612,0.0000,15.00,37.00,4697.50,0.5683,UP,74.70,2.3427,1.6874
20260824 104236 246,4702.00,1,4701.90,4702.20,0.30,4701.90,1,4701.70,6,4701.60,4,4701.50,6,4701.40,5,4701.30,3,4701.20,2,4701.10,5,4701.00,3,4700.90,4,4702.20,1,4702.30,2,4702.40,3,4702.50,2,4702.60,1,4702.70,3,4702.80,4,4702.90,1,4703.00,2,4703.10,5,Buy,5,59,64,-54.00,-1.00,-55.00,1.90,89.5,4703.70,4703.70,4701.80,4702.00,112,63,175,49.00,52.00,-6.00,2.30,60.9,30,240,0.0612,0.0185,16.00,38.00,4697.52,0.5746,UP,74.70,2.3427,1.6874
20260824 104236 262,4701.90,1,4701.90,4702.20,0.30,4701.90,1,4701.70,6,4701.60,4,4701.50,6,4701.40,5,4701.30,3,4701.20,2,4701.10,5,4701.00,3,4700.90,4,4702.20,1,4702.30,2,4702.40,3,4702.50,2,4702.60,1,4702.70,3,4702.80,4,4702.90,1,4703.00,2,4703.10,5,Sell,5,60,65,-55.00,-1.00,-55.00,1.90,94.7,4703.70,4703.70,4701.80,4701.90,112,63,175,49.00,52.00,-6.00,2.30,60.9,30,240,0.0612,0.0000,15.00,37.00,4697.51,0.5714,UP,74.70,2.3427,1.6874
20260824 104241 474,4702.20,1,4702.10,4702.40,0.30,4702.10,3,4702.00,4,4701.90,2,4701.80,2,4701.70,5,4701.60,4,4701.50,7,4701.40,4,4701.30,3,4701.20,3,4702.40,1,4702.50,4,4702.60,2,4702.70,3,4702.80,3,4702.90,1,4703.00,2,4703.10,5,4703.20,4,4703.30,4,Buy,6,60,66,-54.00,-1.00,-55.00,1.90,78.9,4703.70,4703.70,4701.80,4702.20,112,63,175,49.00,52.00,-6.00,2.30,60.9,30,240,0.0612,0.0185,16.00,38.00,4697.54,0.5810,UP,74.70,2.3427,1.6874
20260824 104242 524,4702.20,1,4702.20,4702.40,0.20,4702.20,1,4702.10,5,4702.00,2,4701.90,2,4701.80,2,4701.70,7,4701.60,4,4701.50,6,4701.40,4,4701.30,3,4702.40,1,4702.50,2,4702.60,1,4702.70,1,4702.80,4,4703.00,2,4703.10,4,4703.20,4,4703.30,4,4703.40,3,Sell,6,61,67,-55.00,-1.00,-55.00,1.90,78.9,4703.70,4703.70,4701.80,4702.20,112,63,175,49.00,52.00,-6.00,2.30,60.9,30,240,0.0612,0.0000,15.00,37.00,4697.54,0.5810,UP,74.70,2.3427,1.6874
20260824 104248 794,4702.70,1,4702.50,4702.80,0.30,4702.50,1,4702.40,3,4702.30,3,4702.20,3,4702.10,6,4702.00,4,4701.90,3,4701.80,3,4701.70,6,4701.60,5,4702.80,2,4702.90,4,4703.00,2,4703.10,3,4703.20,1,4703.30,2,4703.40,2,4703.50,2,4703.60,4,4703.70,5,Buy,7,61,68,-54.00,-1.00,-55.00,1.90,52.6,4703.70,4703.70,4701.80,4702.70,112,63,175,49.00,52.00,-6.00,2.30,60.9,30,240,0.0612,0.0185,16.00,38.00,4697.58,0.5968,UP,74.70,2.3427,1.6874
20260824 104248 794,4702.70,1,4702.50,4702.80,0.30,4702.50,1,4702.40,3,4702.30,3,4702.20,3,4702.10,6,4702.00,4,4701.90,3,4701.80,3,4701.70,6,4701.60,5,4702.80,2,4702.90,4,4703.00,2,4703.10,3,4703.20,1,4703.30,2,4703.40,2,4703.50,2,4703.60,4,4703.70,5,Buy,8,61,69,-53.00,-1.00,-55.00,1.90,52.6,4703.70,4703.70,4701.80,4702.70,112,63,175,49.00,52.00,-6.00,2.30,60.9,30,240,0.0612,0.0377,17.00,39.00,4697.58,0.5968,UP,74.70,2.3427,1.6874
20260824 104248 794,4702.50,1,4702.50,4702.80,0.30,4702.50,1,4702.40,3,4702.30,3,4702.20,3,4702.10,6,4702.00,4,4701.90,3,4701.80,3,4701.70,6,4701.60,5,4702.80,2,4702.90,4,4703.00,2,4703.10,3,4703.20,1,4703.30,2,4703.40,2,4703.50,2,4703.60,4,4703.70,5,Sell,8,62,70,-54.00,-1.00,-55.00,1.90,63.2,4703.70,4703.70,4701.80,4702.50,112,63,175,49.00,52.00,-6.00,2.30,60.9,30,240,0.0612,0.0185,16.00,38.00,4697.56,0.5905,UP,74.70,2.3427,1.6874
20260824 104251 581,4702.30,1,4702.30,4702.70,0.40,4702.30,2,4702.20,3,4702.10,4,4702.00,5,4701.90,3,4701.80,3,4701.70,7,4701.60,5,4701.50,6,4701.40,4,4702.60,2,4702.70,3,4702.80,3,4702.90,1,4703.00,1,4703.10,3,4703.20,3,4703.30,2,4703.40,3,4703.50,3,Sell,8,63,71,-55.00,-1.00,-55.00,1.90,73.7,4703.70,4703.70,4701.80,4702.30,112,63,175,49.00,52.00,-6.00,2.30,60.9,30,240,0.0612,0.0000,15.00,37.00,4697.55,0.5841,UP,74.70,2.3427,1.6874
20260824 104300 657,4702.50,1,4702.10,4702.50,0.40,4702.20,1,4702.10,2,4702.00,4,4701.90,4,4701.80,3,4701.70,6,4701.60,5,4701.50,6,4701.40,4,4701.30,3,4702.50,3,4702.60,3,4702.70,2,4702.80,3,4702.90,2,4703.00,3,4703.10,4,4703.20,2,4703.30,3,4703.40,3,Buy,1,0,1,1.00,1.00,1.00,0.00,0.0,4702.50,4702.50,4702.50,4702.50,8,63,71,-55.00,-1.00,-55.00,1.90,73.7,-21,45,0.0000,0.0000,5.00,47.00,4697.56,0.5905,UP,75.40,0.9416,1.5812
20260824 104305 717,4702.50,1,4702.50,4702.80,0.30,4702.50,2,4702.40,4,4702.30,4,4702.20,3,4702.10,5,4702.00,3,4701.90,4,4701.80,3,4701.70,7,4701.60,5,4702.80,1,4702.90,2,4703.00,1,4703.10,3,4703.20,2,4703.30,2,4703.40,2,4703.50,2,4703.60,4,4703.70,5,Buy,2,0,2,2.00,2.00,1.00,0.00,0.0,4702.50,4702.50,4702.50,4702.50,8,63,71,-55.00,-1.00,-55.00,1.90,73.7,-21,45,0.0000,0.0000,6.00,48.00,4697.56,0.5905,UP,75.40,0.9416,1.5812
20260824 104305 717,4702.50,2,4702.50,4702.80,0.30,4702.50,2,4702.40,4,4702.30,4,4702.20,3,4702.10,5,4702.00,3,4701.90,4,4701.80,3,4701.70,7,4701.60,5,4702.80,1,4702.90,2,4703.00,1,4703.10,3,4703.20,2,4703.30,2,4703.40,2,4703.50,2,4703.60,4,4703.70,5,Buy,4,0,4,4.00,4.00,1.00,0.00,0.0,4702.50,4702.50,4702.50,4702.50,8,63,71,-55.00,-1.00,-55.00,1.90,73.7,-21,45,0.0000,0.0000,8.00,50.00,4697.56,0.5905,UP,75.40,0.9416,1.5812
20260824 104305 900,4702.40,1,4702.40,4702.70,0.30,4702.40,2,4702.30,5,4702.20,3,4702.10,5,4702.00,3,4701.90,4,4701.80,3,4701.70,7,4701.60,5,4701.50,6,4702.70,1,4702.80,2,4702.90,1,4703.00,1,4703.10,4,4703.20,1,4703.30,2,4703.40,2,4703.50,2,4703.60,4,Sell,4,1,5,3.00,4.00,1.00,0.10,100.0,4702.50,4702.50,4702.40,4702.40,8,63,71,-55.00,-1.00,-55.00,1.90,73.7,-21,45,0.0000,0.3333,7.00,49.00,4697.56,0.5873,UP,75.40,0.9416,1.5812
20260824 104305 923,4702.30,1,4702.00,4702.30,0.30,4702.00,2,4701.90,3,4701.80,3,4701.70,6,4701.60,5,4701.50,6,4701.40,4,4701.30,3,4701.20,3,4701.10,5,4702.30,1,4702.40,1,4702.50,2,4702.60,4,4702.70,1,4702.80,2,4702.90,2,4703.00,3,4703.10,4,4703.20,3,Sell,4,2,6,2.00,4.00,1.00,0.20,100.0,4702.50,4702.50,4702.30,4702.30,8,63,71,-55.00,-1.00,-55.00,1.90,73.7,-21,45,0.0000,1.0000,6.00,48.00,4697.55,0.5841,UP,75.40,0.9416,1.5812
20260824 104305 959,4702.30,1,4702.00,4702.30,0.30,4702.00,2,4701.90,3,4701.80,3,4701.70,6,4701.60,5,4701.50,6,4701.40,4,4701.30,3,4701.20,3,4701.10,5,4702.30,1,4702.40,1,4702.50,2,4702.60,4,4702.70,1,4702.80,2,4702.90,2,4703.00,3,4703.10,4,4703.20,3,Buy,5,2,7,3.00,4.00,1.00,0.20,100.0,4702.50,4702.50,4702.30,4702.30,8,63,71,-55.00,-1.00,-55.00,1.90,73.7,-21,45,0.0000,0.3333,7.00,49.00,4697.55,0.5841,UP,75.40,0.9416,1.5812
20260824 104309 127,4702.40,1,4702.20,4702.40,0.20,4702.20,3,4702.10,2,4702.00,2,4701.90,4,4701.80,3,4701.70,6,4701.60,4,4701.50,6,4701.40,4,4701.30,3,4702.40,1,4702.50,1,4702.60,4,4702.70,1,4702.80,1,4702.90,2,4703.00,3,4703.10,3,4703.20,3,4703.30,2,Buy,6,2,8,4.00,4.00,1.00,0.20,50.0,4702.50,4702.50,4702.30,4702.40,8,63,71,-55.00,-1.00,-55.00,1.90,73.7,-21,45,0.0000,0.0000,8.00,50.00,4697.56,0.5873,UP,75.40,0.9416,1.5812
20260824 104309 128,4702.40,1,4702.20,4702.40,0.20,4702.20,3,4702.10,2,4702.00,2,4701.90,4,4701.80,3,4701.70,6,4701.60,4,4701.50,6,4701.40,4,4701.30,3,4702.40,1,4702.50,1,4702.60,4,4702.70,1,4702.80,1,4702.90,2,4703.00,3,4703.10,3,4703.20,3,4703.30,2,Buy,7,2,9,5.00,5.00,1.00,0.20,50.0,4702.50,4702.50,4702.30,4702.40,8,63,71,-55.00,-1.00,-55.00,1.90,73.7,-21,45,0.0000,0.0000,9.00,51.00,4697.56,0.5873,UP,75.40,0.9416,1.5812
20260824 104309 129,4702.40,1,4702.20,4702.40,0.20,4702.20,3,4702.10,2,4702.00,2,4701.90,4,4701.80,3,4701.70,6,4701.60,4,4701.50,6,4701.40,4,4701.30,3,4702.40,1,4702.50,1,4702.60,4,4702.70,1,4702.80,1,4702.90,2,4703.00,3,4703.10,3,4703.20,3,4703.30,2,Buy,8,2,10,6.00,6.00,1.00,0.20,50.0,4702.50,4702.50,4702.30,4702.40,8,63,71,-55.00,-1.00,-55.00,1.90,73.7,-21,45,0.0000,0.0000,10.00,52.00,4697.56,0.5873,UP,75.40,0.9416,1.5812
20260824 104310 067,4701.90,1,4701.70,4702.00,0.30,4701.70,1,4701.60,2,4701.50,6,4701.40,4,4701.30,5,4701.20,2,4701.10,4,4701.00,3,4700.90,4,4700.80,5,4702.00,1,4702.10,4,4702.20,3,4702.30,3,4702.40,2,4702.50,2,4702.60,4,4702.70,3,4702.80,5,4702.90,2,Sell,8,3,11,5.00,6.00,1.00,0.60,100.0,4702.50,4702.50,4701.90,4701.90,8,63,71,-55.00,-1.00,-55.00,1.90,73.7,-21,45,0.0000,0.2000,9.00,51.00,4697.51,0.5714,UP,75.40,0.9416,1.6097
20260824 104310 067,4701.90,1,4701.70,4702.00,0.30,4701.70,1,4701.60,2,4701.50,6,4701.40,4,4701.30,5,4701.20,2,4701.10,4,4701.00,3,4700.90,4,4700.80,5,4702.00,1,4702.10,4,4702.20,3,4702.30,3,4702.40,2,4702.50,2,4702.60,4,4702.70,3,4702.80,5,4702.90,2,Sell,8,4,12,4.00,6.00,1.00,0.60,100.0,4702.50,4702.50,4701.90,4701.90,8,63,71,-55.00,-1.00,-55.00,1.90,73.7,-21,45,0.0000,0.5000,8.00,50.00,4697.51,0.5714,UP,75.40,0.9416,1.6097
20260824 104310 796,4701.70,1,4701.70,4702.00,0.30,4701.70,1,4701.60,3,4701.50,5,4701.40,4,4701.30,5,4701.20,2,4701.10,4,4701.00,4,4700.90,4,4700.80,5,4702.00,2,4702.10,3,4702.20,3,4702.30,2,4702.40,2,4702.50,2,4702.60,3,4702.70,2,4702.80,5,4702.90,3,Sell,8,5,13,3.00,6.00,1.00,0.80,100.0,4702.50,4702.50,4701.70,4701.70,8,63,71,-55.00,-1.00,-55.00,1.90,73.7,-21,45,0.0000,1.0000,7.00,49.00,4697.49,0.5651,UP,75.40,0.9416,1.6240
20260824 104318 105,4701.80,1,4701.70,4702.00,0.30,4701.70,2,4701.60,3,4701.50,4,4701.40,4,4701.30,4,4701.20,2,4701.10,4,4701.00,3,4700.90,4,4700.80,5,4702.00,1,4702.10,2,4702.20,2,4702.30,3,4702.40,3,4702.50,1,4702.60,4,4702.70,3,4702.80,4,4702.90,3,Sell,8,6,14,2.00,6.00,1.00,0.80,87.5,4702.50,4702.50,4701.70,4701.80,8,63,71,-55.00,-1.00,-55.00,1.90,73.7,-21,45,0.0000,2.0000,6.00,48.00,4697.50,0.5683,UP,75.40,0.9416,1.6240
20260824 104318 107,4701.70,1,4701.70,4702.00,0.30,4701.70,2,4701.60,3,4701.50,4,4701.40,4,4701.30,4,4701.20,2,4701.10,4,4701.00,3,4700.90,4,4700.80,5,4702.00,1,4702.10,2,4702.20,2,4702.30,3,4702.40,3,4702.50,1,4702.60,4,4702.70,3,4702.80,4,4702.90,3,Sell,8,7,15,1.00,6.00,1.00,0.80,100.0,4702.50,4702.50,4701.70,4701.70,8,63,71,-55.00,-1.00,-55.00,1.90,73.7,-21,45,0.0000,5.0000,5.00,47.00,4697.49,0.5651,UP,75.40,0.9416,1.6240
20260824 104318 107,4701.70,4,4701.70,4702.00,0.30,4701.70,2,4701.60,3,4701.50,4,4701.40,4,4701.30,4,4701.20,2,4701.10,4,4701.00,3,4700.90,4,4700.80,5,4702.00,1,4702.10,2,4702.20,2,4702.30,3,4702.40,3,4702.50,1,4702.60,4,4702.70,3,4702.80,4,4702.90,3,Sell,8,11,19,-3.00,6.00,-3.00,0.80,100.0,4702.50,4702.50,4701.70,4701.70,8,63,71,-55.00,-1.00,-55.00,1.90,73.7,-21,45,0.0000,0.0000,1.00,43.00,4697.49,0.5651,UP,75.40,0.9416,1.6240
20260824 104318 110,4701.80,1,4701.70,4702.00,0.30,4701.70,2,4701.60,3,4701.50,4,4701.40,4,4701.30,4,4701.20,2,4701.10,4,4701.00,3,4700.90,4,4700.80,5,4702.00,1,4702.10,2,4702.20,2,4702.30,3,4702.40,3,4702.50,1,4702.60,4,4702.70,3,4702.80,4,4702.90,3,Buy,9,11,20,-2.00,6.00,-3.00,0.80,87.5,4702.50,4702.50,4701.70,4701.80,8,63,71,-55.00,-1.00,-55.00,1.90,73.7,-21,45,0.0000,0.5000,2.00,44.00,4697.50,0.5683,UP,75.40,0.9416,1.6240
20260824 104318 112,4701.90,1,4701.70,4702.00,0.30,4701.70,2,4701.60,3,4701.50,4,4701.40,4,4701.30,4,4701.20,2,4701.10,4,4701.00,3,4700.90,4,4700.80,5,4702.00,1,4702.10,2,4702.20,2,4702.30,3,4702.40,3,4702.50,1,4702.60,4,4702.70,3,4702.80,4,4702.90,3,Buy,10,11,21,-1.00,6.00,-3.00,0.80,75.0,4702.50,4702.50,4701.70,4701.90,8,63,71,-55.00,-1.00,-55.00,1.90,73.7,-21,45,0.0000,2.0000,3.00,45.00,4697.51,0.5714,UP,75.40,0.9416,1.6240
20260824 104318 130,4701.70,2,4701.70,4702.00,0.30,4701.70,2,4701.60,3,4701.50,4,4701.40,4,4701.30,4,4701.20,2,4701.10,4,4701.00,3,4700.90,4,4700.80,5,4702.00,1,4702.10,2,4702.20,2,4702.30,3,4702.40,3,4702.50,1,4702.60,4,4702.70,3,4702.80,4,4702.90,3,Sell,10,13,23,-3.00,6.00,-3.00,0.80,100.0,4702.50,4702.50,4701.70,4701.70,8,63,71,-55.00,-1.00,-55.00,1.90,73.7,-21,45,0.0000,0.0000,1.00,43.00,4697.49,0.5651,UP,75.40,0.9416,1.6240
20260824 104318 130,4701.70,1,4701.70,4702.00,0.30,4701.70,2,4701.60,3,4701.50,4,4701.40,4,4701.30,4,4701.20,2,4701.10,4,4701.00,3,4700.90,4,4700.80,5,4702.00,1,4702.10,2,4702.20,2,4702.30,3,4702.40,3,4702.50,1,4702.60,4,4702.70,3,4702.80,4,4702.90,3,Sell,10,14,24,-4.00,6.00,-4.00,0.80,100.0,4702.50,4702.50,4701.70,4701.70,8,63,71,-55.00,-1.00,-55.00,1.90,73.7,-21,45,0.0000,0.0000,0.00,42.00,4697.49,0.5651,UP,75.40,0.9416,1.6240
20260824 104318 131,4701.80,1,4701.70,4702.00,0.30,4701.70,2,4701.60,3,4701.50,4,4701.40,4,4701.30,4,4701.20,2,4701.10,4,4701.00,3,4700.90,4,4700.80,5,4702.00,1,4702.10,2,4702.20,2,4702.30,3,4702.40,3,4702.50,1,4702.60,4,4702.70,3,4702.80,4,4702.90,3,Buy,11,14,25,-3.00,6.00,-4.00,0.80,87.5,4702.50,4702.50,4701.70,4701.80,8,63,71,-55.00,-1.00,-55.00,1.90,73.7,-21,45,0.0000,0.3333,1.00,43.00,4697.50,0.5683,UP,75.40,0.9416,1.6240
20260824 104320 154,4701.70,1,4701.80,4702.10,0.30,4701.80,2,4701.70,5,4701.60,3,4701.50,2,4701.40,3,4701.30,3,4701.20,4,4701.10,6,4701.00,4,4700.90,4,4702.10,1,4702.20,2,4702.30,2,4702.40,2,4702.50,2,4702.60,4,4702.70,3,4702.80,4,4702.90,2,4703.00,4,Sell,11,15,26,-4.00,6.00,-4.00,0.80,100.0,4702.50,4702.50,4701.70,4701.70,8,63,71,-55.00,-1.00,-55.00,1.90,73.7,-21,45,0.0000,0.0000,0.00,42.00,4697.49,0.5651,UP,75.40,0.9416,1.6240
20260824 104320 154,4701.70,1,4701.80,4702.10,0.30,4701.80,2,4701.70,5,4701.60,3,4701.50,2,4701.40,3,4701.30,3,4701.20,4,4701.10,6,4701.00,4,4700.90,4,4702.10,1,4702.20,2,4702.30,2,4702.40,2,4702.50,2,4702.60,4,4702.70,3,4702.80,4,4702.90,2,4703.00,4,Sell,11,16,27,-5.00,6.00,-5.00,0.80,100.0,4702.50,4702.50,4701.70,4701.70,8,63,71,-55.00,-1.00,-55.00,1.90,73.7,-21,45,0.0000,0.0000,-1.00,41.00,4697.49,0.5651,UP,75.40,0.9416,1.6240
20260824 104320 155,4701.70,1,4701.80,4702.10,0.30,4701.80,2,4701.70,5,4701.60,3,4701.50,2,4701.40,3,4701.30,3,4701.20,4,4701.10,6,4701.00,4,4700.90,4,4702.10,1,4702.20,2,4702.30,2,4702.40,2,4702.50,2,4702.60,4,4702.70,3,4702.80,4,4702.90,2,4703.00,4,Sell,11,17,28,-6.00,6.00,-6.00,0.80,100.0,4702.50,4702.50,4701.70,4701.70,8,63,71,-55.00,-1.00,-55.00,1.90,73.7,-21,45,0.0000,0.0000,-2.00,40.00,4697.49,0.5651,UP,75.40,0.9416,1.6240
20260824 104320 193,4701.80,1,4701.70,4702.10,0.40,4701.70,4,4701.60,4,4701.50,2,4701.40,3,4701.30,3,4701.20,4,4701.10,6,4701.00,4,4700.90,4,4700.80,5,4702.10,1,4702.20,2,4702.30,2,4702.40,2,4702.50,2,4702.60,3,4702.70,2,4702.80,4,4702.90,2,4703.00,4,Buy,12,17,29,-5.00,6.00,-6.00,0.80,87.5,4702.50,4702.50,4701.70,4701.80,8,63,71,-55.00,-1.00,-55.00,1.90,73.7,-21,45,0.0000,0.2000,-1.00,41.00,4697.50,0.5683,UP,75.40,0.9416,1.6240
20260824 104320 195,4701.90,1,4701.70,4702.10,0.40,4701.70,4,4701.60,4,4701.50,2,4701.40,3,4701.30,3,4701.20,4,4701.10,6,4701.00,4,4700.90,4,4700.80,5,4702.10,1,4702.20,2,4702.30,2,4702.40,2,4702.50,2,4702.60,3,4702.70,2,4702.80,4,4702.90,2,4703.00,4,Buy,13,17,30,-4.00,6.00,-6.00,0.80,75.0,4702.50,4702.50,4701.70,4701.90,8,63,71,-55.00,-1.00,-55.00,1.90,73.7,-21,45,0.0000,0.5000,0.00,42.00,4697.51,0.5714,UP,75.40,0.9416,1.6240
20260824 104320 273,4701.70,1,4701.70,4702.00,0.30,4701.70,2,4701.60,2,4701.50,2,4701.40,3,4701.30,4,4701.20,4,4701.10,5,4701.00,4,4700.90,4,4700.80,5,4702.00,2,4702.10,3,4702.20,2,4702.30,2,4702.40,2,4702.50,2,4702.60,3,4702.70,2,4702.80,4,4702.90,2,Sell,13,18,31,-5.00,6.00,-6.00,0.80,100.0,4702.50,4702.50,4701.70,4701.70,8,63,71,-55.00,-1.00,-55.00,1.90,73.7,-21,45,0.0000,0.2000,-1.00,41.00,4697.49,0.5651,UP,75.40,0.9416,1.6240
20260824 104321 165,4701.40,1,4701.60,4701.90,0.30,4701.60,1,4701.50,3,4701.40,2,4701.20,5,4701.10,5,4701.00,4,4700.90,5,4700.80,4,4700.70,5,4700.60,4,4701.90,2,4702.00,2,4702.10,4,4702.20,2,4702.30,3,4702.40,3,4702.50,1,4702.60,4,4702.70,3,4702.80,4,Sell,13,19,32,-6.00,6.00,-6.00,1.10,100.0,4702.50,4702.50,4701.40,4701.40,8,63,71,-55.00,-1.00,-55.00,1.90,73.7,-21,45,0.0000,0.0000,-2.00,40.00,4697.46,0.5556,UP,75.40,0.9416,1.6454
20260824 104321 165,4701.30,1,4701.60,4701.90,0.30,4701.60,1,4701.50,3,4701.40,2,4701.20,5,4701.10,5,4701.00,4,4700.90,5,4700.80,4,4700.70,5,4700.60,4,4701.90,2,4702.00,2,4702.10,4,4702.20,2,4702.30,3,4702.40,3,4702.50,1,4702.60,4,4702.70,3,4702.80,4,Sell,13,20,33,-7.00,6.00,-7.00,1.20,100.0,4702.50,4702.50,4701.30,4701.30,8,63,71,-55.00,-1.00,-55.00,1.90,73.7,-21,45,0.0000,0.0000,-3.00,39.00,4697.45,0.5524,UP,75.40,0.9416,1.6526
20260824 104321 170,4701.60,1,4701.60,4701.90,0.30,4701.60,1,4701.50,4,4701.40,1,4701.30,1,4701.20,5,4701.10,5,4701.00,4,4700.90,5,4700.80,5,4700.70,5,4701.90,2,4702.00,1,4702.10,4,4702.20,2,4702.30,3,4702.40,3,4702.50,1,4702.60,4,4702.70,3,4702.80,4,Buy,14,20,34,-6.00,6.00,-7.00,1.20,75.0,4702.50,4702.50,4701.30,4701.60,8,63,71,-55.00,-1.00,-55.00,1.90,73.7,-21,45,0.0000,0.1667,-2.00,40.00,4697.48,0.5619,UP,75.40,0.9416,1.6526
20260824 104321 170,4701.60,1,4701.60,4701.90,0.30,4701.60,1,4701.50,4,4701.40,1,4701.30,1,4701.20,5,4701.10,5,4701.00,4,4700.90,5,4700.80,5,4700.70,5,4701.90,2,4702.00,1,4702.10,4,4702.20,2,4702.30,3,4702.40,3,4702.50,1,4702.60,4,4702.70,3,4702.80,4,Buy,15,20,35,-5.00,6.00,-7.00,1.20,75.0,4702.50,4702.50,4701.30,4701.60,8,63,71,-55.00,-1.00,-55.00,1.90,73.7,-21,45,0.0000,0.4000,-1.00,41.00,4697.48,0.5619,UP,75.40,0.9416,1.6526
20260824 104322 099,4701.90,1,4701.70,4702.00,0.30,4701.70,1,4701.60,1,4701.50,5,4701.40,2,4701.30,3,4701.20,4,4701.10,5,4701.00,4,4700.90,5,4700.80,5,4702.00,1,4702.10,2,4702.20,3,4702.30,1,4702.40,1,4702.50,2,4702.60,3,4702.70,2,4702.80,3,4702.90,1,Sell,15,21,36,-6.00,6.00,-7.00,1.20,50.0,4702.50,4702.50,4701.30,4701.90,8,63,71,-55.00,-1.00,-55.00,1.90,73.7,-21,45,0.0000,0.1667,-2.00,40.00,4697.51,0.5714,UP,75.40,0.9416,1.6526
20260824 104323 450,4701.80,1,4701.70,4702.00,0.30,4701.70,1,4701.60,2,4701.50,4,4701.40,3,4701.30,2,4701.20,4,4701.10,5,4701.00,4,4700.90,5,4700.80,5,4702.00,2,4702.10,2,4702.20,3,4702.30,1,4702.40,1,4702.50,2,4702.60,3,4702.70,2,4702.80,4,4702.90,2,Sell,15,22,37,-7.00,6.00,-7.00,1.20,58.3,4702.50,4702.50,4701.30,4701.80,8,63,71,-55.00,-1.00,-55.00,1.90,73.7,-21,45,0.0000,0.0000,-3.00,39.00,4697.50,0.5683,UP,75.40,0.9416,1.6526
20260824 104324 147,4702.00,1,4701.90,4702.10,0.20,4701.80,1,4701.70,2,4701.60,1,4701.50,4,4701.40,1,4701.30,3,4701.20,4,4701.10,5,4701.00,4,4700.90,5,4702.10,2,4702.20,3,4702.30,1,4702.40,1,4702.50,2,4702.60,3,4702.70,2,4702.80,4,4702.90,2,4703.00,4,Buy,16,22,38,-6.00,6.00,-7.00,1.20,41.7,4702.50,4702.50,4701.30,4702.00,8,63,71,-55.00,-1.00,-55.00,1.90,73.7,-21,45,0.0000,0.1667,-2.00,40.00,4697.52,0.5746,UP,75.40,0.9416,1.6526
20260824 104324 147,4702.00,1,4701.90,4702.10,0.20,4701.80,1,4701.70,2,4701.60,1,4701.50,4,4701.40,1,4701.30,3,4701.20,4,4701.10,5,4701.00,4,4700.90,5,4702.10,2,4702.20,3,4702.30,1,4702.40,1,4702.50,2,4702.60,3,4702.70,2,4702.80,4,4702.90,2,4703.00,4,Buy,17,22,39,-5.00,6.00,-7.00,1.20,41.7,4702.50,4702.50,4701.30,4702.00,8,63,71,-55.00,-1.00,-55.00,1.90,73.7,-21,45,0.0000,0.4000,-1.00,41.00,4697.52,0.5746,UP,75.40,0.9416,1.6526
20260824 104324 156,4702.10,1,4701.90,4702.10,0.20,4701.80,1,4701.70,2,4701.60,1,4701.50,4,4701.40,1,4701.30,3,4701.20,4,4701.10,5,4701.00,4,4700.90,5,4702.10,2,4702.20,3,4702.30,1,4702.40,1,4702.50,2,4702.60,3,4702.70,2,4702.80,4,4702.90,2,4703.00,4,Buy,18,22,40,-4.00,6.00,-7.00,1.20,33.3,4702.50,4702.50,4701.30,4702.10,8,63,71,-55.00,-1.00,-55.00,1.90,73.7,-21,45,0.0000,0.7500,0.00,42.00,4697.53,0.5778,UP,75.40,0.9416,1.6526
20260824 104328 355,4702.30,1,4702.10,4702.40,0.30,4702.10,1,4702.00,3,4701.90,4,4701.80,1,4701.70,4,4701.60,3,4701.50,5,4701.40,3,4701.30,2,4701.20,6,4702.40,2,4702.50,2,4702.60,3,4702.70,2,4702.80,3,4702.90,1,4703.00,3,4703.10,6,4703.20,3,4703.30,3,Buy,19,22,41,-3.00,6.00,-7.00,1.20,16.7,4702.50,4702.50,4701.30,4702.30,8,63,71,-55.00,-1.00,-55.00,1.90,73.7,-21,45,0.0000,1.3333,1.00,43.00,4697.55,0.5841,UP,75.40,0.9416,1.6526
20260824 104328 355,4702.30,1,4702.10,4702.40,0.30,4702.10,1,4702.00,3,4701.90,4,4701.80,1,4701.70,4,4701.60,3,4701.50,5,4701.40,3,4701.30,2,4701.20,6,4702.40,2,4702.50,2,4702.60,3,4702.70,2,4702.80,3,4702.90,1,4703.00,3,4703.10,6,4703.20,3,4703.30,3,Buy,20,22,42,-2.00,6.00,-7.00,1.20,16.7,4702.50,4702.50,4701.30,4702.30,8,63,71,-55.00,-1.00,-55.00,1.90,73.7,-21,45,0.0000,2.5000,2.00,44.00,4697.55,0.5841,UP,75.40,0.9416,1.6526
20260824 104328 363,4702.40,1,4702.20,4702.40,0.20,4702.20,1,4702.10,4,4702.00,3,4701.90,3,4701.80,2,4701.70,4,4701.60,3,4701.50,5,4701.40,3,4701.30,2,4702.40,1,4702.60,1,4702.70,2,4702.80,1,4702.90,2,4703.00,2,4703.10,4,4703.20,1,4703.30,3,4703.40,3,Buy,21,22,43,-1.00,6.00,-7.00,1.20,8.3,4702.50,4702.50,4701.30,4702.40,8,63,71,-55.00,-1.00,-55.00,1.90,73.7,-21,45,0.0000,6.0000,3.00,45.00,4697.56,0.5873,UP,75.40,0.9416,1.6526
20260824 104328 363,4702.40,1,4702.20,4702.40,0.20,4702.20,1,4702.10,4,4702.00,3,4701.90,3,4701.80,2,4701.70,4,4701.60,3,4701.50,5,4701.40,3,4701.30,2,4702.40,1,4702.60,1,4702.70,2,4702.80,1,4702.90,2,4703.00,2,4703.10,4,4703.20,1,4703.30,3,4703.40,3,Buy,22,22,44,0.00,6.00,-7.00,1.20,8.3,4702.50,4702.50,4701.30,4702.40,8,63,71,-55.00,-1.00,-55.00,1.90,73.7,-21,45,0.0000,6.0000,4.00,46.00,4697.56,0.5873,UP,75.40,0.9416,1.6526
20260824 104328 365,4702.40,1,4702.20,4702.40,0.20,4702.20,1,4702.10,4,4702.00,3,4701.90,3,4701.80,2,4701.70,4,4701.60,3,4701.50,5,4701.40,3,4701.30,2,4702.40,1,4702.60,1,4702.70,2,4702.80,1,4702.90,2,4703.00,2,4703.10,4,4703.20,1,4703.30,3,4703.40,3,Buy,23,22,45,1.00,6.00,-7.00,1.20,8.3,4702.50,4702.50,4701.30,4702.40,8,63,71,-55.00,-1.00,-55.00,1.90,73.7,-21,45,0.0000,5.0000,5.00,47.00,4697.56,0.5873,UP,75.40,0.9416,1.6526
20260824 104328 366,4702.40,1,4702.20,4702.40,0.20,4702.20,1,4702.10,4,4702.00,3,4701.90,3,4701.80,2,4701.70,4,4701.60,3,4701.50,5,4701.40,3,4701.30,2,4702.40,1,4702.60,1,4702.70,2,4702.80,1,4702.90,2,4703.00,2,4703.10,4,4703.20,1,4703.30,3,4703.40,3,Buy,24,22,46,2.00,6.00,-7.00,1.20,8.3,4702.50,4702.50,4701.30,4702.40,8,63,71,-55.00,-1.00,-55.00,1.90,73.7,-21,45,0.0000,2.0000,6.00,48.00,4697.56,0.5873,UP,75.40,0.9416,1.6526
20260824 104329 642,4702.20,1,4702.10,4702.40,0.30,4702.10,1,4702.00,3,4701.90,3,4701.80,2,4701.70,4,4701.60,3,4701.50,5,4701.40,3,4701.30,2,4701.20,5,4702.40,1,4702.60,1,4702.70,2,4702.80,2,4702.90,1,4703.00,3,4703.10,5,4703.20,3,4703.30,3,4703.40,3,Sell,24,23,47,1.00,6.00,-7.00,1.20,25.0,4702.50,4702.50,4701.30,4702.20,8,63,71,-55.00,-1.00,-55.00,1.90,73.7,-21,45,0.0000,5.0000,5.00,47.00,4697.54,0.5810,UP,75.40,0.9416,1.6526
20260824 104330 295,4702.40,1,4702.00,4702.40,0.40,4702.00,3,4701.90,3,4701.80,2,4701.70,4,4701.60,3,4701.50,5,4701.40,3,4701.30,2,4701.20,5,4701.10,5,4702.40,2,4702.60,1,4702.70,2,4702.80,2,4702.90,1,4703.00,3,4703.10,5,4703.20,3,4703.30,3,4703.40,3,Buy,25,23,48,2.00,6.00,-7.00,1.20,8.3,4702.50,4702.50,4701.30,4702.40,8,63,71,-55.00,-1.00,-55.00,1.90,73.7,-21,45,0.0000,2.0000,6.00,48.00,4697.56,0.5873,UP,75.40,0.9416,1.6526
20260824 104331 485,4702.00,1,4701.70,4702.00,0.30,4701.70,1,4701.60,3,4701.50,5,4701.40,3,4701.30,2,4701.20,5,4701.10,5,4701.00,4,4700.90,5,4700.80,5,4702.00,1,4702.20,1,4702.30,2,4702.40,3,4702.50,1,4702.60,1,4702.70,1,4702.80,2,4702.90,2,4703.00,3,Sell,25,24,49,1.00,6.00,-7.00,1.20,41.7,4702.50,4702.50,4701.30,4702.00,8,63,71,-55.00,-1.00,-55.00,1.90,73.7,-21,45,0.0000,5.0000,5.00,47.00,4697.52,0.5746,UP,75.40,0.9416,1.6526
20260824 104331 485,4701.90,1,4701.70,4702.00,0.30,4701.70,1,4701.60,3,4701.50,5,4701.40,3,4701.30,2,4701.20,5,4701.10,5,4701.00,4,4700.90,5,4700.80,5,4702.00,1,4702.20,1,4702.30,2,4702.40,3,4702.50,1,4702.60,1,4702.70,1,4702.80,2,4702.90,2,4703.00,3,Sell,25,25,50,0.00,6.00,-7.00,1.20,50.0,4702.50,4702.50,4701.30,4701.90,8,63,71,-55.00,-1.00,-55.00,1.90,73.7,-21,45,0.0000,6.0000,4.00,46.00,4697.51,0.5714,UP,75.40,0.9416,1.6526
20260824 104331 485,4701.90,1,4701.70,4702.00,0.30,4701.70,1,4701.60,3,4701.50,5,4701.40,3,4701.30,2,4701.20,5,4701.10,5,4701.00,4,4700.90,5,4700.80,5,4702.00,1,4702.20,1,4702.30,2,4702.40,3,4702.50,1,4702.60,1,4702.70,1,4702.80,2,4702.90,2,4703.00,3,Sell,25,26,51,-1.00,6.00,-7.00,1.20,50.0,4702.50,4702.50,4701.30,4701.90,8,63,71,-55.00,-1.00,-55.00,1.90,73.7,-21,45,0.0000,6.0000,3.00,45.00,4697.51,0.5714,UP,75.40,0.9416,1.6526
20260824 104331 485,4701.80,1,4701.70,4702.00,0.30,4701.70,1,4701.60,3,4701.50,5,4701.40,3,4701.30,2,4701.20,5,4701.10,5,4701.00,4,4700.90,5,4700.80,5,4702.00,1,4702.20,1,4702.30,2,4702.40,3,4702.50,1,4702.60,1,4702.70,1,4702.80,2,4702.90,2,4703.00,3,Sell,25,27,52,-2.00,6.00,-7.00,1.20,58.3,4702.50,4702.50,4701.30,4701.80,8,63,71,-55.00,-1.00,-55.00,1.90,73.7,-21,45,0.0000,2.5000,2.00,44.00,4697.50,0.5683,UP,75.40,0.9416,1.6526
20260824 104331 485,4701.70,1,4701.70,4702.00,0.30,4701.70,1,4701.60,3,4701.50,5,4701.40,3,4701.30,2,4701.20,5,4701.10,5,4701.00,4,4700.90,5,4700.80,5,4702.00,1,4702.20,1,4702.30,2,4702.40,3,4702.50,1,4702.60,1,4702.70,1,4702.80,2,4702.90,2,4703.00,3,Sell,25,28,53,-3.00,6.00,-7.00,1.20,66.7,4702.50,4702.50,4701.30,4701.70,8,63,71,-55.00,-1.00,-55.00,1.90,73.7,-21,45,0.0000,1.3333,1.00,43.00,4697.49,0.5651,UP,75.40,0.9416,1.6526
20260824 104331 485,4701.70,1,4701.70,4702.00,0.30,4701.70,1,4701.60,3,4701.50,5,4701.40,3,4701.30,2,4701.20,5,4701.10,5,4701.00,4,4700.90,5,4700.80,5,4702.00,1,4702.20,1,4702.30,2,4702.40,3,4702.50,1,4702.60,1,4702.70,1,4702.80,2,4702.90,2,4703.00,3,Sell,25,29,54,-4.00,6.00,-7.00,1.20,66.7,4702.50,4702.50,4701.30,4701.70,8,63,71,-55.00,-1.00,-55.00,1.90,73.7,-21,45,0.0000,0.7500,0.00,42.00,4697.49,0.5651,UP,75.40,0.9416,1.6526
20260824 104339 591,4702.20,1,4702.60,4702.90,0.30,4702.60,1,4702.50,4,4702.40,2,4702.30,4,4702.20,4,4702.10,3,4702.00,5,4701.90,4,4701.80,3,4701.70,3,4702.90,1,4703.00,1,4703.10,3,4703.20,1,4703.30,2,4703.40,2,4703.50,2,4703.60,3,4703.70,5,4703.80,2,Buy,26,29,55,-3.00,6.00,-7.00,1.20,25.0,4702.50,4702.50,4701.30,4702.20,8,63,71,-55.00,-1.00,-55.00,1.90,73.7,-21,45,0.0000,1.3333,1.00,43.00,4697.54,0.5810,UP,75.40,0.9416,1.6526
20260824 104339 591,4702.20,1,4702.60,4702.90,0.30,4702.60,1,4702.50,4,4702.40,2,4702.30,4,4702.20,4,4702.10,3,4702.00,5,4701.90,4,4701.80,3,4701.70,3,4702.90,1,4703.00,1,4703.10,3,4703.20,1,4703.30,2,4703.40,2,4703.50,2,4703.60,3,4703.70,5,4703.80,2,Buy,27,29,56,-2.00,6.00,-7.00,1.20,25.0,4702.50,4702.50,4701.30,4702.20,8,63,71,-55.00,-1.00,-55.00,1.90,73.7,-21,45,0.0000,2.5000,2.00,44.00,4697.54,0.5810,UP,75.40,0.9416,1.6526
20260824 104339 591,4702.30,1,4702.60,4702.90,0.30,4702.60,1,4702.50,4,4702.40,2,4702.30,4,4702.20,4,4702.10,3,4702.00,5,4701.90,4,4701.80,3,4701.70,3,4702.90,1,4703.00,1,4703.10,3,4703.20,1,4703.30,2,4703.40,2,4703.50,2,4703.60,3,4703.70,5,4703.80,2,Buy,28,29,57,-1.00,6.00,-7.00,1.20,16.7,4702.50,4702.50,4701.30,4702.30,8,63,71,-55.00,-1.00,-55.00,1.90,73.7,-21,45,0.0000,6.0000,3.00,45.00,4697.55,0.5841,UP,75.40,0.9416,1.6526
20260824 104339 591,4702.40,1,4702.60,4702.90,0.30,4702.60,1,4702.50,4,4702.40,2,4702.30,4,4702.20,4,4702.10,3,4702.00,5,4701.90,4,4701.80,3,4701.70,3,4702.90,1,4703.00,1,4703.10,3,4703.20,1,4703.30,2,4703.40,2,4703.50,2,4703.60,3,4703.70,5,4703.80,2,Buy,29,29,58,0.00,6.00,-7.00,1.20,8.3,4702.50,4702.50,4701.30,4702.40,8,63,71,-55.00,-1.00,-55.00,1.90,73.7,-21,45,0.0000,6.0000,4.00,46.00,4697.56,0.5873,UP,75.40,0.9416,1.6526
20260824 104339 591,4702.40,1,4702.60,4702.90,0.30,4702.60,1,4702.50,4,4702.40,2,4702.30,4,4702.20,4,4702.10,3,4702.00,5,4701.90,4,4701.80,3,4701.70,3,4702.90,1,4703.00,1,4703.10,3,4703.20,1,4703.30,2,4703.40,2,4703.50,2,4703.60,3,4703.70,5,4703.80,2,Buy,30,29,59,1.00,6.00,-7.00,1.20,8.3,4702.50,4702.50,4701.30,4702.40,8,63,71,-55.00,-1.00,-55.00,1.90,73.7,-21,45,0.0000,5.0000,5.00,47.00,4697.56,0.5873,UP,75.40,0.9416,1.6526
20260824 104339 591,4702.40,2,4702.60,4702.90,0.30,4702.60,1,4702.50,4,4702.40,2,4702.30,4,4702.20,4,4702.10,3,4702.00,5,4701.90,4,4701.80,3,4701.70,3,4702.90,1,4703.00,1,4703.10,3,4703.20,1,4703.30,2,4703.40,2,4703.50,2,4703.60,3,4703.70,5,4703.80,2,Buy,32,29,61,3.00,6.00,-7.00,1.20,8.3,4702.50,4702.50,4701.30,4702.40,8,63,71,-55.00,-1.00,-55.00,1.90,73.7,-21,45,0.0000,1.0000,7.00,49.00,4697.56,0.5873,UP,75.40,0.9416,1.6526
20260824 104339 644,4702.70,1,4702.50,4702.90,0.40,4702.50,2,4702.40,3,4702.30,4,4702.20,4,4702.10,3,4702.00,5,4701.90,4,4701.80,3,4701.70,3,4701.60,4,4702.90,2,4703.00,1,4703.10,3,4703.20,1,4703.30,3,4703.40,2,4703.50,2,4703.60,3,4703.70,5,4703.80,2,Buy,33,29,62,4.00,6.00,-7.00,1.40,14.3,4702.50,4702.70,4701.30,4702.70,8,63,71,-55.00,-1.00,-55.00,1.90,73.7,-21,45,0.0000,0.5000,8.00,50.00,4697.58,0.5968,UP,75.40,0.9416,1.6669
20260824 104340 433,4702.60,1,4702.50,4702.90,0.40,4702.50,2,4702.40,2,4702.30,3,4702.20,4,4702.10,3,4702.00,5,4701.90,4,4701.80,3,4701.70,3,4701.60,4,4702.90,2,4703.00,1,4703.10,3,4703.20,1,4703.30,3,4703.40,2,4703.50,2,4703.60,3,4703.70,4,4703.80,2,Sell,33,30,63,3.00,6.00,-7.00,1.40,7.1,4702.50,4702.70,4701.30,4702.60,8,63,71,-55.00,-1.00,-55.00,1.90,73.7,-21,45,0.0000,1.0000,7.00,49.00,4697.57,0.5937,UP,75.40,0.9416,1.6669
20260824 104342 280,4702.60,1,4702.50,4702.80,0.30,4702.50,2,4702.40,2,4702.30,2,4702.20,3,4702.10,3,4702.00,5,4701.90,4,4701.80,3,4701.70,3,4701.60,4,4702.80,2,4702.90,1,4703.00,1,4703.10,1,4703.20,1,4703.30,3,4703.40,2,4703.50,2,4703.60,4,4703.70,5,Sell,33,31,64,2.00,6.00,-7.00,1.40,7.1,4702.50,4702.70,4701.30,4702.60,8,63,71,-55.00,-1.00,-55.00,1.90,73.7,-21,45,0.0000,2.0000,6.00,48.00,4697.57,0.5937,UP,75.40,0.9416,1.6669
20260824 104352 395,4702.50,1,4702.50,4702.80,0.30,4702.50,1,4702.40,2,4702.30,2,4702.20,3,4702.10,4,4702.00,5,4701.90,3,4701.80,3,4701.70,3,4701.60,4,4702.80,1,4702.90,1,4703.00,1,4703.10,2,4703.20,1,4703.30,3,4703.40,2,4703.50,2,4703.60,4,4703.70,5,Sell,33,32,65,1.00,6.00,-7.00,1.40,0.0,4702.50,4702.70,4701.30,4702.50,8,63,71,-55.00,-1.00,-55.00,1.90,73.7,-21,45,0.0000,5.0000,5.00,47.00,4697.56,0.5905,UP,75.40,0.9416,1.6669
20260824 104358 636,4702.50,1,4702.20,4702.60,0.40,4702.20,2,4702.10,3,4702.00,5,4701.90,4,4701.80,3,4701.70,3,4701.60,3,4701.50,5,4701.40,4,4701.30,3,4702.60,2,4702.70,1,4702.80,2,4702.90,2,4703.00,2,4703.10,2,4703.20,1,4703.30,5,4703.40,3,4703.50,4,Sell,33,33,66,0.00,6.00,-7.00,1.40,0.0,4702.50,4702.70,4701.30,4702.50,8,63,71,-55.00,-1.00,-55.00,1.90,73.7,-21,45,0.0000,6.0000,4.00,46.00,4697.56,0.5905,UP,75.40,0.9416,1.6669
20260824 104400 165,4702.20,1,4702.10,4702.40,0.30,4702.10,1,4702.00,3,4701.90,2,4701.80,4,4701.70,3,4701.60,3,4701.50,5,4701.40,4,4701.30,3,4701.20,4,4702.40,1,4702.50,2,4702.60,2,4702.70,1,4702.80,3,4702.90,2,4703.00,3,4703.10,4,4703.20,3,4703.30,5,Sell,0,1,1,-1.00,-1.00,-1.00,0.00,0.0,4702.20,4702.20,4702.20,4702.20,33,33,66,0.00,6.00,-7.00,1.40,0.0,-3,54,6.0000,0.0000,-1.00,34.00,4697.54,0.5810,UP,74.60,0.8847,1.5692
20260824 104407 640,4701.80,1,4701.70,4702.10,0.40,4701.70,2,4701.60,2,4701.50,4,4701.40,4,4701.30,2,4701.20,3,4701.10,5,4701.00,4,4700.90,5,4700.80,5,4702.10,3,4702.20,1,4702.30,1,4702.40,1,4702.50,2,4702.60,2,4702.70,2,4702.80,5,4702.90,2,4703.00,3,Sell,0,2,2,-2.00,-1.00,-2.00,0.40,100.0,4702.20,4702.20,4701.80,4701.80,33,33,66,0.00,6.00,-7.00,1.40,0.0,-3,54,6.0000,0.0000,-2.00,33.00,4697.50,0.5683,UP,74.60,0.8847,1.5978
20260824 104409 126,4701.70,1,4701.60,4702.00,0.40,4701.60,2,4701.50,4,4701.40,1,4701.30,5,4701.20,4,4701.10,5,4701.00,5,4700.90,5,4700.80,5,4700.70,5,4702.00,1,4702.10,3,4702.20,2,4702.30,1,4702.40,3,4702.50,2,4702.60,2,4702.70,3,4702.80,5,4703.00,3,Buy,1,2,3,-1.00,-1.00,-2.00,0.50,100.0,4702.20,4702.20,4701.70,4701.70,33,33,66,0.00,6.00,-7.00,1.40,0.0,-3,54,6.0000,1.0000,-1.00,34.00,4697.49,0.5651,UP,74.60,0.8847,1.6049
20260824 104409 126,4701.70,1,4701.60,4702.00,0.40,4701.60,2,4701.50,4,4701.40,1,4701.30,5,4701.20,4,4701.10,5,4701.00,5,4700.90,5,4700.80,5,4700.70,5,4702.00,1,4702.10,3,4702.20,2,4702.30,1,4702.40,3,4702.50,2,4702.60,2,4702.70,3,4702.80,5,4703.00,3,Buy,2,2,4,0.00,0.00,-2.00,0.50,100.0,4702.20,4702.20,4701.70,4701.70,33,33,66,0.00,6.00,-7.00,1.40,0.0,-3,54,6.0000,0.0000,0.00,35.00,4697.49,0.5651,UP,74.60,0.8847,1.6049
20260824 104412 916,4701.80,1,4701.70,4702.00,0.30,4701.70,1,4701.60,2,4701.50,3,4701.40,2,4701.30,4,4701.20,4,4701.10,6,4701.00,4,4700.90,5,4700.80,6,4702.00,1,4702.10,2,4702.20,1,4702.30,2,4702.40,2,4702.50,3,4702.60,2,4702.70,2,4702.80,4,4703.00,3,Sell,2,3,5,-1.00,0.00,-2.00,0.50,80.0,4702.20,4702.20,4701.70,4701.80,33,33,66,0.00,6.00,-7.00,1.40,0.0,-3,54,6.0000,1.0000,-1.00,34.00,4697.50,0.5683,UP,74.60,0.8847,1.6049
20260824 104419 800,4701.60,1,4701.30,4701.60,0.30,4701.30,1,4701.20,3,4701.10,5,4701.00,3,4700.90,5,4700.80,4,4700.70,5,4700.60,4,4700.50,4,4700.40,6,4701.60,1,4701.70,3,4701.80,2,4701.90,2,4702.00,2,4702.10,3,4702.20,4,4702.30,3,4702.40,4,4702.50,3,Buy,3,3,6,0.00,0.00,-2.00,0.60,100.0,4702.20,4702.20,4701.60,4701.60,33,33,66,0.00,6.00,-7.00,1.40,0.0,-3,54,6.0000,0.0000,0.00,35.00,4697.48,0.5619,UP,74.60,0.8847,1.6121
20260824 104420 391,4701.60,1,4701.50,4701.80,0.30,4701.50,2,4701.40,3,4701.30,1,4701.20,1,4701.10,6,4701.00,4,4700.90,5,4700.80,6,4700.70,5,4700.60,4,4701.80,1,4701.90,2,4702.00,3,4702.10,2,4702.20,4,4702.30,2,4702.40,3,4702.50,2,4702.60,3,4702.70,2,Buy,4,3,7,1.00,1.00,-2.00,0.60,100.0,4702.20,4702.20,4701.60,4701.60,33,33,66,0.00,6.00,-7.00,1.40,0.0,-3,54,6.0000,0.0000,1.00,36.00,4697.48,0.5619,UP,74.60,0.8847,1.6121
20260824 104426 257,4702.00,1,4701.80,4702.10,0.30,4701.80,1,4701.60,4,4701.50,2,4701.40,3,4701.30,2,4701.20,2,4701.10,7,4701.00,3,4700.90,5,4700.80,6,4702.10,3,4702.20,2,4702.30,2,4702.40,2,4702.50,4,4702.60,3,4702.70,3,4702.80,4,4702.90,2,4703.00,3,Buy,5,3,8,2.00,2.00,-2.00,0.60,33.3,4702.20,4702.20,4701.60,4702.00,33,33,66,0.00,6.00,-7.00,1.40,0.0,-3,54,6.0000,0.0000,2.00,37.00,4697.52,0.5746,UP,74.60,0.8847,1.6121
20260824 104426 257,4701.90,1,4701.80,4702.10,0.30,4701.80,1,4701.60,4,4701.50,2,4701.40,3,4701.30,2,4701.20,2,4701.10,7,4701.00,3,4700.90,5,4700.80,6,4702.10,3,4702.20,2,4702.30,2,4702.40,2,4702.50,4,4702.60,3,4702.70,3,4702.80,4,4702.90,2,4703.00,3,Sell,5,4,9,1.00,2.00,-2.00,0.60,50.0,4702.20,4702.20,4701.60,4701.90,33,33,66,0.00,6.00,-7.00,1.40,0.0,-3,54,6.0000,1.0000,1.00,36.00,4697.51,0.5714,UP,74.60,0.8847,1.6121
20260824 104426 260,4701.90,1,4701.80,4702.10,0.30,4701.80,1,4701.60,4,4701.50,2,4701.40,3,4701.30,2,4701.20,2,4701.10,7,4701.00,3,4700.90,5,4700.80,6,4702.10,3,4702.20,2,4702.30,2,4702.40,2,4702.50,4,4702.60,3,4702.70,3,4702.80,4,4702.90,2,4703.00,3,Buy,6,4,10,2.00,2.00,-2.00,0.60,50.0,4702.20,4702.20,4701.60,4701.90,33,33,66,0.00,6.00,-7.00,1.40,0.0,-3,54,6.0000,0.0000,2.00,37.00,4697.51,0.5714,UP,74.60,0.8847,1.6121
20260824 104429 630,4701.80,1,4701.50,4701.80,0.30,4701.50,1,4701.40,1,4701.30,4,4701.20,2,4701.10,7,4701.00,3,4700.90,5,4700.80,6,4700.70,5,4700.60,5,4701.80,1,4701.90,2,4702.00,1,4702.10,4,4702.20,2,4702.30,4,4702.40,3,4702.50,2,4702.60,3,4702.70,3,Sell,6,5,11,1.00,2.00,-2.00,0.60,66.7,4702.20,4702.20,4701.60,4701.80,33,33,66,0.00,6.00,-7.00,1.40,0.0,-3,54,6.0000,1.0000,1.00,36.00,4697.50,0.5683,UP,74.60,0.8847,1.6121
20260824 104429 908,4701.50,1,4701.40,4701.70,0.30,4701.40,1,4701.30,1,4701.20,6,4701.10,6,4701.00,4,4700.90,5,4700.80,5,4700.70,5,4700.60,5,4700.50,4,4701.70,2,4701.80,4,4701.90,2,4702.10,5,4702.20,3,4702.30,5,4702.40,4,4702.50,3,4702.60,3,4702.70,3,Sell,6,6,12,0.00,2.00,-2.00,0.70,100.0,4702.20,4702.20,4701.50,4701.50,33,33,66,0.00,6.00,-7.00,1.40,0.0,-3,54,6.0000,2.0000,0.00,35.00,4697.47,0.5587,UP,74.60,0.8847,1.6192
20260824 104431 147,4701.50,1,4701.50,4701.90,0.40,4701.50,1,4701.40,1,4701.30,4,4701.20,5,4701.10,8,4701.00,3,4700.90,5,4700.80,6,4700.70,5,4700.60,5,4701.90,3,4702.00,1,4702.10,4,4702.20,2,4702.30,4,4702.40,3,4702.50,2,4702.60,3,4702.70,3,4702.80,5,Sell,6,7,13,-1.00,2.00,-2.00,0.70,100.0,4702.20,4702.20,4701.50,4701.50,33,33,66,0.00,6.00,-7.00,1.40,0.0,-3,54,6.0000,1.0000,-1.00,34.00,4697.47,0.5587,UP,74.60,0.8847,1.6192
20260824 104435 913,4701.60,1,4700.90,4701.30,0.40,4700.90,2,4700.80,5,4700.70,4,4700.60,7,4700.50,4,4700.40,4,4700.30,3,4700.20,5,4700.10,3,4700.00,7,4701.30,2,4701.40,3,4701.50,1,4701.60,2,4701.70,2,4701.80,3,4701.90,3,4702.00,4,4702.10,3,4702.20,4,Sell,6,8,14,-2.00,2.00,-2.00,0.70,85.7,4702.20,4702.20,4701.50,4701.60,33,33,66,0.00,6.00,-7.00,1.40,0.0,-3,54,6.0000,0.0000,-2.00,33.00,4697.48,0.5619,UP,74.60,0.8847,1.6192
20260824 104435 916,4701.40,1,4700.90,4701.30,0.40,4700.90,2,4700.80,5,4700.70,4,4700.60,7,4700.50,4,4700.40,4,4700.30,3,4700.20,5,4700.10,3,4700.00,7,4701.30,2,4701.40,3,4701.50,1,4701.60,2,4701.70,2,4701.80,3,4701.90,3,4702.00,4,4702.10,3,4702.20,4,Sell,6,9,15,-3.00,2.00,-3.00,0.80,100.0,4702.20,4702.20,4701.40,4701.40,33,33,66,0.00,6.00,-7.00,1.40,0.0,-3,54,6.0000,0.0000,-3.00,32.00,4697.46,0.5556,UP,74.60,0.8847,1.6264
20260824 104435 916,4701.30,1,4700.90,4701.30,0.40,4700.90,2,4700.80,5,4700.70,4,4700.60,7,4700.50,4,4700.40,4,4700.30,3,4700.20,5,4700.10,3,4700.00,7,4701.30,2,4701.40,3,4701.50,1,4701.60,2,4701.70,2,4701.80,3,4701.90,3,4702.00,4,4702.10,3,4702.20,4,Sell,6,10,16,-4.00,2.00,-4.00,0.90,100.0,4702.20,4702.20,4701.30,4701.30,33,33,66,0.00,6.00,-7.00,1.40,0.0,-3,54,6.0000,0.0000,-4.00,31.00,4697.45,0.5524,UP,74.60,0.8847,1.6335
20260824 104435 916,4701.30,1,4700.90,4701.30,0.40,4700.90,2,4700.80,5,4700.70,4,4700.60,7,4700.50,4,4700.40,4,4700.30,3,4700.20,5,4700.10,3,4700.00,7,4701.30,2,4701.40,3,4701.50,1,4701.60,2,4701.70,2,4701.80,3,4701.90,3,4702.00,4,4702.10,3,4702.20,4,Sell,6,11,17,-5.00,2.00,-5.00,0.90,100.0,4702.20,4702.20,4701.30,4701.30,33,33,66,0.00,6.00,-7.00,1.40,0.0,-3,54,6.0000,0.0000,-5.00,30.00,4697.45,0.5524,UP,74.60,0.8847,1.6335
20260824 104435 916,4701.30,1,4700.90,4701.30,0.40,4700.90,2,4700.80,5,4700.70,4,4700.60,7,4700.50,4,4700.40,4,4700.30,3,4700.20,5,4700.10,3,4700.00,7,4701.30,2,4701.40,3,4701.50,1,4701.60,2,4701.70,2,4701.80,3,4701.90,3,4702.00,4,4702.10,3,4702.20,4,Sell,6,12,18,-6.00,2.00,-6.00,0.90,100.0,4702.20,4702.20,4701.30,4701.30,33,33,66,0.00,6.00,-7.00,1.40,0.0,-3,54,6.0000,0.0000,-6.00,29.00,4697.45,0.5524,UP,74.60,0.8847,1.6335
20260824 104435 924,4701.20,1,4700.90,4701.30,0.40,4700.90,2,4700.80,5,4700.70,4,4700.60,7,4700.50,4,4700.40,4,4700.30,3,4700.20,5,4700.10,3,4700.00,7,4701.30,2,4701.40,3,4701.50,1,4701.60,2,4701.70,2,4701.80,3,4701.90,3,4702.00,4,4702.10,3,4702.20,4,Buy,7,12,19,-5.00,2.00,-6.00,1.00,100.0,4702.20,4702.20,4701.20,4701.20,33,33,66,0.00,6.00,-7.00,1.40,0.0,-3,54,6.0000,0.2000,-5.00,30.00,4697.44,0.5492,UP,74.60,0.8847,1.6407
20260824 104435 927,4701.40,1,4700.90,4701.30,0.40,4700.90,2,4700.80,5,4700.70,4,4700.60,7,4700.50,4,4700.40,4,4700.30,3,4700.20,5,4700.10,3,4700.00,7,4701.30,2,4701.40,3,4701.50,1,4701.60,2,4701.70,2,4701.80,3,4701.90,3,4702.00,4,4702.10,3,4702.20,4,Sell,7,13,20,-6.00,2.00,-6.00,1.00,80.0,4702.20,4702.20,4701.20,4701.40,33,33,66,0.00,6.00,-7.00,1.40,0.0,-3,54,6.0000,0.0000,-6.00,29.00,4697.46,0.5556,UP,74.60,0.8847,1.6407
20260824 104435 927,4701.40,1,4700.90,4701.30,0.40,4700.90,2,4700.80,5,4700.70,4,4700.60,7,4700.50,4,4700.40,4,4700.30,3,4700.20,5,4700.10,3,4700.00,7,4701.30,2,4701.40,3,4701.50,1,4701.60,2,4701.70,2,4701.80,3,4701.90,3,4702.00,4,4702.10,3,4702.20,4,Sell,7,14,21,-7.00,2.00,-7.00,1.00,80.0,4702.20,4702.20,4701.20,4701.40,33,33,66,0.00,6.00,-7.00,1.40,0.0,-3,54,6.0000,0.0000,-7.00,28.00,4697.46,0.5556,UP,74.60,0.8847,1.6407
20260824 104435 927,4701.40,1,4700.90,4701.30,0.40,4700.90,2,4700.80,5,4700.70,4,4700.60,7,4700.50,4,4700.40,4,4700.30,3,4700.20,5,4700.10,3,4700.00,7,4701.30,2,4701.40,3,4701.50,1,4701.60,2,4701.70,2,4701.80,3,4701.90,3,4702.00,4,4702.10,3,4702.20,4,Sell,7,15,22,-8.00,2.00,-8.00,1.00,80.0,4702.20,4702.20,4701.20,4701.40,33,33,66,0.00,6.00,-7.00,1.40,0.0,-3,54,6.0000,0.0000,-8.00,27.00,4697.46,0.5556,UP,74.60,0.8847,1.6407
20260824 104435 930,4701.30,1,4700.90,4701.30,0.40,4700.90,2,4700.80,5,4700.70,4,4700.60,7,4700.50,4,4700.40,4,4700.30,3,4700.20,5,4700.10,3,4700.00,7,4701.30,2,4701.40,3,4701.50,1,4701.60,2,4701.70,2,4701.80,3,4701.90,3,4702.00,4,4702.10,3,4702.20,4,Sell,7,16,23,-9.00,2.00,-9.00,1.00,90.0,4702.20,4702.20,4701.20,4701.30,33,33,66,0.00,6.00,-7.00,1.40,0.0,-3,54,6.0000,0.0000,-9.00,26.00,4697.45,0.5524,UP,74.60,0.8847,1.6407
20260824 104435 930,4701.10,1,4700.90,4701.30,0.40,4700.90,2,4700.80,5,4700.70,4,4700.60,7,4700.50,4,4700.40,4,4700.30,3,4700.20,5,4700.10,3,4700.00,7,4701.30,2,4701.40,3,4701.50,1,4701.60,2,4701.70,2,4701.80,3,4701.90,3,4702.00,4,4702.10,3,4702.20,4,Sell,7,17,24,-10.00,2.00,-10.00,1.10,100.0,4702.20,4702.20,4701.10,4701.10,33,33,66,0.00,6.00,-7.00,1.40,0.0,-3,54,6.0000,0.0000,-10.00,25.00,4697.43,0.5460,UP,74.60,0.8847,1.6478
20260824 104435 931,4701.10,1,4700.90,4701.30,0.40,4700.90,2,4700.80,5,4700.70,4,4700.60,7,4700.50,4,4700.40,4,4700.30,3,4700.20,5,4700.10,3,4700.00,7,4701.30,2,4701.40,3,4701.50,1,4701.60,2,4701.70,2,4701.80,3,4701.90,3,4702.00,4,4702.10,3,4702.20,4,Sell,7,18,25,-11.00,2.00,-11.00,1.10,100.0,4702.20,4702.20,4701.10,4701.10,33,33,66,0.00,6.00,-7.00,1.40,0.0,-3,54,6.0000,0.0000,-11.00,24.00,4697.43,0.5460,UP,74.60,0.8847,1.6478
20260824 104435 931,4701.10,1,4700.90,4701.30,0.40,4700.90,2,4700.80,5,4700.70,4,4700.60,7,4700.50,4,4700.40,4,4700.30,3,4700.20,5,4700.10,3,4700.00,7,4701.30,2,4701.40,3,4701.50,1,4701.60,2,4701.70,2,4701.80,3,4701.90,3,4702.00,4,4702.10,3,4702.20,4,Sell,7,19,26,-12.00,2.00,-12.00,1.10,100.0,4702.20,4702.20,4701.10,4701.10,33,33,66,0.00,6.00,-7.00,1.40,0.0,-3,54,6.0000,0.0000,-12.00,23.00,4697.43,0.5460,UP,74.60,0.8847,1.6478
20260824 104436 139,4701.20,1,4701.10,4701.40,0.30,4701.10,1,4701.00,2,4700.90,3,4700.80,6,4700.70,6,4700.60,6,4700.50,4,4700.40,5,4700.30,3,4700.20,5,4701.40,1,4701.60,1,4701.70,3,4701.80,4,4701.90,4,4702.00,2,4702.10,2,4702.20,4,4702.30,5,4702.40,6,Buy,8,19,27,-11.00,2.00,-12.00,1.10,90.9,4702.20,4702.20,4701.10,4701.20,33,33,66,0.00,6.00,-7.00,1.40,0.0,-3,54,6.0000,0.0909,-11.00,24.00,4697.44,0.5492,UP,74.60,0.8847,1.6478
20260824 104436 356,4701.20,1,4701.10,4701.40,0.30,4701.10,1,4701.00,1,4700.90,3,4700.80,6,4700.70,6,4700.60,6,4700.50,4,4700.40,5,4700.30,3,4700.20,5,4701.40,2,4701.60,1,4701.70,3,4701.80,4,4701.90,3,4702.00,2,4702.10,3,4702.20,4,4702.30,5,4702.40,7,Buy,9,19,28,-10.00,2.00,-12.00,1.10,90.9,4702.20,4702.20,4701.10,4701.20,33,33,66,0.00,6.00,-7.00,1.40,0.0,-3,54,6.0000,0.2000,-10.00,25.00,4697.44,0.5492,UP,74.60,0.8847,1.6478
20260824 104437 444,4701.20,1,4701.10,4701.40,0.30,4701.10,3,4701.00,1,4700.90,4,4700.80,6,4700.70,5,4700.60,6,4700.50,5,4700.40,5,4700.30,3,4700.20,5,4701.40,1,4701.50,2,4701.60,2,4701.70,3,4701.80,3,4701.90,4,4702.00,2,4702.10,2,4702.20,4,4702.30,5,Sell,9,20,29,-11.00,2.00,-12.00,1.10,90.9,4702.20,4702.20,4701.10,4701.20,33,33,66,0.00,6.00,-7.00,1.40,0.0,-3,54,6.0000,0.0909,-11.00,24.00,4697.44,0.5492,UP,74.60,0.8847,1.6478
20260824 104443 282,4701.10,1,4700.90,4701.20,0.30,4700.90,2,4700.80,3,4700.70,4,4700.60,6,4700.50,4,4700.40,4,4700.30,3,4700.20,5,4700.10,3,4700.00,7,4701.20,2,4701.40,1,4701.50,3,4701.60,2,4701.70,2,4701.80,6,4701.90,4,4702.00,3,4702.10,3,4702.20,3,Sell,9,21,30,-12.00,2.00,-12.00,1.10,100.0,4702.20,4702.20,4701.10,4701.10,33,33,66,0.00,6.00,-7.00,1.40,0.0,-3,54,6.0000,0.0000,-12.00,23.00,4697.43,0.5460,UP,74.60,0.8847,1.6478
20260824 104443 292,4701.10,1,4700.90,4701.20,0.30,4700.90,2,4700.80,3,4700.70,4,4700.60,6,4700.50,4,4700.40,4,4700.30,3,4700.20,5,4700.10,3,4700.00,7,4701.20,2,4701.40,1,4701.50,3,4701.60,2,4701.70,2,4701.80,6,4701.90,4,4702.00,3,4702.10,3,4702.20,3,Sell,9,22,31,-13.00,2.00,-13.00,1.10,100.0,4702.20,4702.20,4701.10,4701.10,33,33,66,0.00,6.00,-7.00,1.40,0.0,-3,54,6.0000,0.0000,-13.00,22.00,4697.43,0.5460,UP,74.60,0.8847,1.6478
20260824 104443 293,4701.10,1,4700.90,4701.20,0.30,4700.90,2,4700.80,3,4700.70,4,4700.60,6,4700.50,4,4700.40,4,4700.30,3,4700.20,5,4700.10,3,4700.00,7,4701.20,2,4701.40,1,4701.50,3,4701.60,2,4701.70,2,4701.80,6,4701.90,4,4702.00,3,4702.10,3,4702.20,3,Sell,9,23,32,-14.00,2.00,-14.00,1.10,100.0,4702.20,4702.20,4701.10,4701.10,33,33,66,0.00,6.00,-7.00,1.40,0.0,-3,54,6.0000,0.0000,-14.00,21.00,4697.43,0.5460,UP,74.60,0.8847,1.6478
20260824 104444 112,4701.10,1,4701.30,4701.70,0.40,4701.30,2,4701.20,6,4701.10,2,4701.00,4,4700.90,3,4700.80,5,4700.70,5,4700.60,7,4700.50,5,4700.40,5,4701.70,3,4701.80,4,4701.90,2,4702.00,2,4702.10,3,4702.20,2,4702.30,3,4702.40,5,4702.50,4,4702.60,3,Buy,10,23,33,-13.00,2.00,-14.00,1.10,100.0,4702.20,4702.20,4701.10,4701.10,33,33,66,0.00,6.00,-7.00,1.40,0.0,-3,54,6.0000,0.0769,-13.00,22.00,4697.43,0.5460,UP,74.60,0.8847,1.6478
20260824 104444 115,4701.20,1,4701.30,4701.70,0.40,4701.30,2,4701.20,6,4701.10,2,4701.00,4,4700.90,3,4700.80,5,4700.70,5,4700.60,7,4700.50,5,4700.40,5,4701.70,3,4701.80,4,4701.90,2,4702.00,2,4702.10,3,4702.20,2,4702.30,3,4702.40,5,4702.50,4,4702.60,3,Buy,11,23,34,-12.00,2.00,-14.00,1.10,90.9,4702.20,4702.20,4701.10,4701.20,33,33,66,0.00,6.00,-7.00,1.40,0.0,-3,54,6.0000,0.1667,-12.00,23.00,4697.44,0.5492,UP,74.60,0.8847,1.6478
20260824 104444 117,4701.20,1,4701.30,4701.70,0.40,4701.30,2,4701.20,6,4701.10,2,4701.00,4,4700.90,3,4700.80,5,4700.70,5,4700.60,7,4700.50,5,4700.40,5,4701.70,3,4701.80,4,4701.90,2,4702.00,2,4702.10,3,4702.20,2,4702.30,3,4702.40,5,4702.50,4,4702.60,3,Buy,12,23,35,-11.00,2.00,-14.00,1.10,90.9,4702.20,4702.20,4701.10,4701.20,33,33,66,0.00,6.00,-7.00,1.40,0.0,-3,54,6.0000,0.2727,-11.00,24.00,4697.44,0.5492,UP,74.60,0.8847,1.6478
20260824 104444 127,4701.40,1,4701.30,4701.70,0.40,4701.30,2,4701.20,6,4701.10,2,4701.00,4,4700.90,3,4700.80,5,4700.70,5,4700.60,7,4700.50,5,4700.40,5,4701.70,3,4701.80,4,4701.90,2,4702.00,2,4702.10,3,4702.20,2,4702.30,3,4702.40,5,4702.50,4,4702.60,3,Buy,13,23,36,-10.00,2.00,-14.00,1.10,72.7,4702.20,4702.20,4701.10,4701.40,33,33,66,0.00,6.00,-7.00,1.40,0.0,-3,54,6.0000,0.4000,-10.00,25.00,4697.46,0.5556,UP,74.60,0.8847,1.6478
20260824 104444 128,4701.40,1,4701.30,4701.70,0.40,4701.30,2,4701.20,6,4701.10,2,4701.00,4,4700.90,3,4700.80,5,4700.70,5,4700.60,7,4700.50,5,4700.40,5,4701.70,3,4701.80,4,4701.90,2,4702.00,2,4702.10,3,4702.20,2,4702.30,3,4702.40,5,4702.50,4,4702.60,3,Buy,14,23,37,-9.00,2.00,-14.00,1.10,72.7,4702.20,4702.20,4701.10,4701.40,33,33,66,0.00,6.00,-7.00,1.40,0.0,-3,54,6.0000,0.5556,-9.00,26.00,4697.46,0.5556,UP,74.60,0.8847,1.6478
20260824 104450 615,4701.40,1,4701.20,4701.60,0.40,4701.20,1,4701.10,2,4701.00,2,4700.90,4,4700.80,5,4700.70,5,4700.60,6,4700.50,5,4700.40,5,4700.30,3,4701.60,1,4701.70,1,4701.80,4,4701.90,3,4702.00,2,4702.10,2,4702.20,4,4702.30,4,4702.40,5,4702.50,4,Sell,14,24,38,-10.00,2.00,-14.00,1.10,72.7,4702.20,4702.20,4701.10,4701.40,33,33,66,0.00,6.00,-7.00,1.40,0.0,-3,54,6.0000,0.4000,-10.00,25.00,4697.46,0.5556,UP,74.60,0.8847,1.6478
20260824 104450 772,4701.30,1,4701.30,4701.70,0.40,4701.30,2,4701.20,4,4701.10,3,4701.00,2,4700.90,3,4700.80,5,4700.70,5,4700.60,6,4700.50,6,4700.40,5,4701.70,2,4701.80,3,4701.90,3,4702.00,3,4702.10,2,4702.20,3,4702.30,3,4702.40,5,4702.50,4,4702.60,3,Sell,14,25,39,-11.00,2.00,-14.00,1.10,81.8,4702.20,4702.20,4701.10,4701.30,33,33,66,0.00,6.00,-7.00,1.40,0.0,-3,54,6.0000,0.2727,-11.00,24.00,4697.45,0.5524,UP,74.60,0.8847,1.6478
20260824 104500 295,4701.40,1,4701.30,4701.50,0.20,4701.30,2,4701.20,1,4701.10,3,4701.00,3,4700.90,3,4700.80,5,4700.70,5,4700.60,5,4700.50,6,4700.40,5,4701.50,6,4701.60,3,4701.70,3,4701.80,2,4701.90,2,4702.00,3,4702.10,2,4702.20,3,4702.30,3,4702.40,5,Sell,0,1,1,-1.00,-1.00,-1.00,0.00,0.0,4701.40,4701.40,4701.40,4701.40,14,25,39,-11.00,2.00,-14.00,1.10,81.8,-33,81,0.2727,0.0000,-18.00,10.00,4697.83,0.3887,UP,74.60,0.5228,1.5372
20260824 104503 116,4701.40,1,4701.10,4701.40,0.30,4701.20,1,4701.10,2,4701.00,3,4700.90,1,4700.80,5,4700.70,5,4700.60,5,4700.50,6,4700.40,5,4700.30,3,4701.40,1,4701.50,6,4701.60,3,4701.70,3,4701.80,3,4701.90,3,4702.00,3,4702.10,2,4702.20,4,4702.30,4,Buy,1,1,2,0.00,0.00,-1.00,0.00,0.0,4701.40,4701.40,4701.40,4701.40,14,25,39,-11.00,2.00,-14.00,1.10,81.8,-33,81,0.2727,0.0000,-17.00,11.00,4697.83,0.3887,UP,74.60,0.5228,1.5372
20260824 104505 333,4701.20,1,4701.90,4702.20,0.30,4702.00,1,4701.90,2,4701.80,2,4701.70,2,4701.60,6,4701.50,3,4701.40,4,4701.30,2,4701.20,2,4701.10,3,4702.20,2,4702.30,1,4702.40,1,4702.50,3,4702.60,2,4702.70,1,4702.80,3,4702.90,3,4703.00,5,4703.10,4,Buy,2,1,3,1.00,1.00,-1.00,0.20,100.0,4701.40,4701.40,4701.20,4701.20,14,25,39,-11.00,2.00,-14.00,1.10,81.8,-33,81,0.2727,0.0000,-16.00,12.00,4697.81,0.3823,UP,74.60,0.5228,1.5444
20260824 104505 333,4701.20,1,4701.90,4702.20,0.30,4702.00,1,4701.90,2,4701.80,2,4701.70,2,4701.60,6,4701.50,3,4701.40,4,4701.30,2,4701.20,2,4701.10,3,4702.20,2,4702.30,1,4702.40,1,4702.50,3,4702.60,2,4702.70,1,4702.80,3,4702.90,3,4703.00,5,4703.10,4,Buy,3,1,4,2.00,2.00,-1.00,0.20,100.0,4701.40,4701.40,4701.20,4701.20,14,25,39,-11.00,2.00,-14.00,1.10,81.8,-33,81,0.2727,0.0000,-15.00,13.00,4697.81,0.3823,UP,74.60,0.5228,1.5444
20260824 104505 335,4701.40,1,4701.90,4702.20,0.30,4702.00,1,4701.90,2,4701.80,2,4701.70,2,4701.60,6,4701.50,3,4701.40,4,4701.30,2,4701.20,2,4701.10,3,4702.20,2,4702.30,1,4702.40,1,4702.50,3,4702.60,2,4702.70,1,4702.80,3,4702.90,3,4703.00,5,4703.10,4,Buy,4,1,5,3.00,3.00,-1.00,0.20,0.0,4701.40,4701.40,4701.20,4701.40,14,25,39,-11.00,2.00,-14.00,1.10,81.8,-33,81,0.2727,0.0000,-14.00,14.00,4697.83,0.3887,UP,74.60,0.5228,1.5444
20260824 104505 335,4701.40,1,4701.90,4702.20,0.30,4702.00,1,4701.90,2,4701.80,2,4701.70,2,4701.60,6,4701.50,3,4701.40,4,4701.30,2,4701.20,2,4701.10,3,4702.20,2,4702.30,1,4702.40,1,4702.50,3,4702.60,2,4702.70,1,4702.80,3,4702.90,3,4703.00,5,4703.10,4,Buy,5,1,6,4.00,4.00,-1.00,0.20,0.0,4701.40,4701.40,4701.20,4701.40,14,25,39,-11.00,2.00,-14.00,1.10,81.8,-33,81,0.2727,0.0000,-13.00,15.00,4697.83,0.3887,UP,74.60,0.5228,1.5444
20260824 104505 336,4701.40,1,4701.90,4702.20,0.30,4702.00,1,4701.90,2,4701.80,2,4701.70,2,4701.60,6,4701.50,3,4701.40,4,4701.30,2,4701.20,2,4701.10,3,4702.20,2,4702.30,1,4702.40,1,4702.50,3,4702.60,2,4702.70,1,4702.80,3,4702.90,3,4703.00,5,4703.10,4,Buy,6,1,7,5.00,5.00,-1.00,0.20,0.0,4701.40,4701.40,4701.20,4701.40,14,25,39,-11.00,2.00,-14.00,1.10,81.8,-33,81,0.2727,0.0000,-12.00,16.00,4697.83,0.3887,UP,74.60,0.5228,1.5444
20260824 104505 336,4701.50,1,4701.90,4702.20,0.30,4702.00,1,4701.90,2,4701.80,2,4701.70,2,4701.60,6,4701.50,3,4701.40,4,4701.30,2,4701.20,2,4701.10,3,4702.20,2,4702.30,1,4702.40,1,4702.50,3,4702.60,2,4702.70,1,4702.80,3,4702.90,3,4703.00,5,4703.10,4,Buy,7,1,8,6.00,6.00,-1.00,0.30,33.3,4701.40,4701.50,4701.20,4701.50,14,25,39,-11.00,2.00,-14.00,1.10,81.8,-33,81,0.2727,0.0000,-11.00,17.00,4697.84,0.3918,UP,74.60,0.5228,1.5515
20260824 104505 336,4701.50,1,4701.90,4702.20,0.30,4702.00,1,4701.90,2,4701.80,2,4701.70,2,4701.60,6,4701.50,3,4701.40,4,4701.30,2,4701.20,2,4701.10,3,4702.20,2,4702.30,1,4702.40,1,4702.50,3,4702.60,2,4702.70,1,4702.80,3,4702.90,3,4703.00,5,4703.10,4,Buy,8,1,9,7.00,7.00,-1.00,0.30,33.3,4701.40,4701.50,4701.20,4701.50,14,25,39,-11.00,2.00,-14.00,1.10,81.8,-33,81,0.2727,0.0000,-10.00,18.00,4697.84,0.3918,UP,74.60,0.5228,1.5515
20260824 104505 337,4701.50,2,4701.90,4702.20,0.30,4702.00,1,4701.90,2,4701.80,2,4701.70,2,4701.60,6,4701.50,3,4701.40,4,4701.30,2,4701.20,2,4701.10,3,4702.20,2,4702.30,1,4702.40,1,4702.50,3,4702.60,2,4702.70,1,4702.80,3,4702.90,3,4703.00,5,4703.10,4,Buy,10,1,11,9.00,9.00,-1.00,0.30,33.3,4701.40,4701.50,4701.20,4701.50,14,25,39,-11.00,2.00,-14.00,1.10,81.8,-33,81,0.2727,0.0000,-8.00,20.00,4697.84,0.3918,UP,74.60,0.5228,1.5515
20260824 104505 337,4701.50,1,4701.90,4702.20,0.30,4702.00,1,4701.90,2,4701.80,2,4701.70,2,4701.60,6,4701.50,3,4701.40,4,4701.30,2,4701.20,2,4701.10,3,4702.20,2,4702.30,1,4702.40,1,4702.50,3,4702.60,2,4702.70,1,4702.80,3,4702.90,3,4703.00,5,4703.10,4,Buy,11,1,12,10.00,10.00,-1.00,0.30,33.3,4701.40,4701.50,4701.20,4701.50,14,25,39,-11.00,2.00,-14.00,1.10,81.8,-33,81,0.2727,0.0000,-7.00,21.00,4697.84,0.3918,UP,74.60,0.5228,1.5515
20260824 104505 337,4701.50,1,4701.90,4702.20,0.30,4702.00,1,4701.90,2,4701.80,2,4701.70,2,4701.60,6,4701.50,3,4701.40,4,4701.30,2,4701.20,2,4701.10,3,4702.20,2,4702.30,1,4702.40,1,4702.50,3,4702.60,2,4702.70,1,4702.80,3,4702.90,3,4703.00,5,4703.10,4,Buy,12,1,13,11.00,11.00,-1.00,0.30,33.3,4701.40,4701.50,4701.20,4701.50,14,25,39,-11.00,2.00,-14.00,1.10,81.8,-33,81,0.2727,0.0000,-6.00,22.00,4697.84,0.3918,UP,74.60,0.5228,1.5515
20260824 104505 339,4701.60,3,4701.90,4702.20,0.30,4702.00,1,4701.90,2,4701.80,2,4701.70,2,4701.60,6,4701.50,3,4701.40,4,4701.30,2,4701.20,2,4701.10,3,4702.20,2,4702.30,1,4702.40,1,4702.50,3,4702.60,2,4702.70,1,4702.80,3,4702.90,3,4703.00,5,4703.10,4,Buy,15,1,16,14.00,14.00,-1.00,0.40,50.0,4701.40,4701.60,4701.20,4701.60,14,25,39,-11.00,2.00,-14.00,1.10,81.8,-33,81,0.2727,0.0000,-3.00,25.00,4697.85,0.3950,UP,74.60,0.5228,1.5587
20260824 104505 339,4701.60,2,4701.90,4702.20,0.30,4702.00,1,4701.90,2,4701.80,2,4701.70,2,4701.60,6,4701.50,3,4701.40,4,4701.30,2,4701.20,2,4701.10,3,4702.20,2,4702.30,1,4702.40,1,4702.50,3,4702.60,2,4702.70,1,4702.80,3,4702.90,3,4703.00,5,4703.10,4,Buy,17,1,18,16.00,16.00,-1.00,0.40,50.0,4701.40,4701.60,4701.20,4701.60,14,25,39,-11.00,2.00,-14.00,1.10,81.8,-33,81,0.2727,0.0000,-1.00,27.00,4697.85,0.3950,UP,74.60,0.5228,1.5587
20260824 104505 343,4701.70,1,4701.90,4702.20,0.30,4702.00,1,4701.90,2,4701.80,2,4701.70,2,4701.60,6,4701.50,3,4701.40,4,4701.30,2,4701.20,2,4701.10,3,4702.20,2,4702.30,1,4702.40,1,4702.50,3,4702.60,2,4702.70,1,4702.80,3,4702.90,3,4703.00,5,4703.10,4,Buy,18,1,19,17.00,17.00,-1.00,0.50,60.0,4701.40,4701.70,4701.20,4701.70,14,25,39,-11.00,2.00,-14.00,1.10,81.8,-33,81,0.2727,0.0000,0.00,28.00,4697.86,0.3982,UP,74.60,0.5228,1.5658
20260824 104505 343,4701.70,1,4701.90,4702.20,0.30,4702.00,1,4701.90,2,4701.80,2,4701.70,2,4701.60,6,4701.50,3,4701.40,4,4701.30,2,4701.20,2,4701.10,3,4702.20,2,4702.30,1,4702.40,1,4702.50,3,4702.60,2,4702.70,1,4702.80,3,4702.90,3,4703.00,5,4703.10,4,Buy,19,1,20,18.00,18.00,-1.00,0.50,60.0,4701.40,4701.70,4701.20,4701.70,14,25,39,-11.00,2.00,-14.00,1.10,81.8,-33,81,0.2727,0.0000,1.00,29.00,4697.86,0.3982,UP,74.60,0.5228,1.5658
20260824 104505 344,4701.80,1,4701.90,4702.20,0.30,4702.00,1,4701.90,2,4701.80,2,4701.70,2,4701.60,6,4701.50,3,4701.40,4,4701.30,2,4701.20,2,4701.10,3,4702.20,2,4702.30,1,4702.40,1,4702.50,3,4702.60,2,4702.70,1,4702.80,3,4702.90,3,4703.00,5,4703.10,4,Buy,20,1,21,19.00,19.00,-1.00,0.60,66.7,4701.40,4701.80,4701.20,4701.80,14,25,39,-11.00,2.00,-14.00,1.10,81.8,-33,81,0.2727,0.0000,2.00,30.00,4697.86,0.4014,UP,74.60,0.5228,1.5730
20260824 104505 346,4701.80,1,4701.90,4702.20,0.30,4702.00,1,4701.90,2,4701.80,2,4701.70,2,4701.60,6,4701.50,3,4701.40,4,4701.30,2,4701.20,2,4701.10,3,4702.20,2,4702.30,1,4702.40,1,4702.50,3,4702.60,2,4702.70,1,4702.80,3,4702.90,3,4703.00,5,4703.10,4,Buy,21,1,22,20.00,20.00,-1.00,0.60,66.7,4701.40,4701.80,4701.20,4701.80,14,25,39,-11.00,2.00,-14.00,1.10,81.8,-33,81,0.2727,0.0000,3.00,31.00,4697.86,0.4014,UP,74.60,0.5228,1.5730
20260824 104505 353,4702.10,1,4701.90,4702.20,0.30,4702.00,1,4701.90,2,4701.80,2,4701.70,2,4701.60,6,4701.50,3,4701.40,4,4701.30,2,4701.20,2,4701.10,3,4702.20,2,4702.30,1,4702.40,1,4702.50,3,4702.60,2,4702.70,1,4702.80,3,4702.90,3,4703.00,5,4703.10,4,Buy,22,1,23,21.00,21.00,-1.00,0.90,77.8,4701.40,4702.10,4701.20,4702.10,14,25,39,-11.00,2.00,-14.00,1.10,81.8,-33,81,0.2727,0.0000,4.00,32.00,4697.89,0.4109,UP,74.60,0.5228,1.5944
20260824 104505 356,4702.20,1,4701.90,4702.20,0.30,4702.00,1,4701.90,2,4701.80,2,4701.70,2,4701.60,6,4701.50,3,4701.40,4,4701.30,2,4701.20,2,4701.10,3,4702.20,2,4702.30,1,4702.40,1,4702.50,3,4702.60,2,4702.70,1,4702.80,3,4702.90,3,4703.00,5,4703.10,4,Buy,23,1,24,22.00,22.00,-1.00,1.00,80.0,4701.40,4702.20,4701.20,4702.20,14,25,39,-11.00,2.00,-14.00,1.10,81.8,-33,81,0.2727,0.0000,5.00,33.00,4697.90,0.4141,UP,74.60,0.5228,1.6015
20260824 104505 356,4702.20,1,4701.90,4702.20,0.30,4702.00,1,4701.90,2,4701.80,2,4701.70,2,4701.60,6,4701.50,3,4701.40,4,4701.30,2,4701.20,2,4701.10,3,4702.20,2,4702.30,1,4702.40,1,4702.50,3,4702.60,2,4702.70,1,4702.80,3,4702.90,3,4703.00,5,4703.10,4,Buy,24,1,25,23.00,23.00,-1.00,1.00,80.0,4701.40,4702.20,4701.20,4702.20,14,25,39,-11.00,2.00,-14.00,1.10,81.8,-33,81,0.2727,0.0000,6.00,34.00,4697.90,0.4141,UP,74.60,0.5228,1.6015
20260824 104505 828,4701.90,1,4701.50,4701.70,0.20,4701.90,1,4701.80,2,4701.70,4,4701.60,4,4701.50,3,4701.40,4,4701.30,3,4701.20,4,4701.10,3,4701.00,2,4702.20,3,4702.30,2,4702.40,1,4702.50,3,4702.60,4,4702.70,2,4702.80,2,4702.90,2,4703.00,3,4703.10,4,Sell,24,2,26,22.00,23.00,-1.00,1.00,50.0,4701.40,4702.20,4701.20,4701.90,14,25,39,-11.00,2.00,-14.00,1.10,81.8,-33,81,0.2727,0.0455,5.00,33.00,4697.87,0.4045,UP,74.60,0.5228,1.6015
20260824 104505 836,4701.60,1,4701.50,4701.70,0.20,4701.90,1,4701.80,2,4701.70,4,4701.60,4,4701.50,3,4701.40,4,4701.30,3,4701.20,4,4701.10,3,4701.00,2,4702.20,3,4702.30,2,4702.40,1,4702.50,3,4702.60,4,4702.70,2,4702.80,2,4702.90,2,4703.00,3,4703.10,4,Sell,24,3,27,21.00,23.00,-1.00,1.00,20.0,4701.40,4702.20,4701.20,4701.60,14,25,39,-11.00,2.00,-14.00,1.10,81.8,-33,81,0.2727,0.0952,4.00,32.00,4697.85,0.3950,UP,74.60,0.5228,1.6015
20260824 104505 836,4701.60,1,4701.50,4701.70,0.20,4701.90,1,4701.80,2,4701.70,4,4701.60,4,4701.50,3,4701.40,4,4701.30,3,4701.20,4,4701.10,3,4701.00,2,4702.20,3,4702.30,2,4702.40,1,4702.50,3,4702.60,4,4702.70,2,4702.80,2,4702.90,2,4703.00,3,4703.10,4,Sell,24,4,28,20.00,23.00,-1.00,1.00,20.0,4701.40,4702.20,4701.20,4701.60,14,25,39,-11.00,2.00,-14.00,1.10,81.8,-33,81,0.2727,0.1500,3.00,31.00,4697.85,0.3950,UP,74.60,0.5228,1.6015
20260824 104505 839,4701.70,1,4701.50,4701.70,0.20,4701.90,1,4701.80,2,4701.70,4,4701.60,4,4701.50,3,4701.40,4,4701.30,3,4701.20,4,4701.10,3,4701.00,2,4702.20,3,4702.30,2,4702.40,1,4702.50,3,4702.60,4,4702.70,2,4702.80,2,4702.90,2,4703.00,3,4703.10,4,Buy,25,4,29,21.00,23.00,-1.00,1.00,30.0,4701.40,4702.20,4701.20,4701.70,14,25,39,-11.00,2.00,-14.00,1.10,81.8,-33,81,0.2727,0.0952,4.00,32.00,4697.86,0.3982,UP,74.60,0.5228,1.6015
20260824 104505 840,4701.70,1,4701.50,4701.70,0.20,4701.90,1,4701.80,2,4701.70,4,4701.60,4,4701.50,3,4701.40,4,4701.30,3,4701.20,4,4701.10,3,4701.00,2,4702.20,3,4702.30,2,4702.40,1,4702.50,3,4702.60,4,4702.70,2,4702.80,2,4702.90,2,4703.00,3,4703.10,4,Buy,26,4,30,22.00,23.00,-1.00,1.00,30.0,4701.40,4702.20,4701.20,4701.70,14,25,39,-11.00,2.00,-14.00,1.10,81.8,-33,81,0.2727,0.0455,5.00,33.00,4697.86,0.3982,UP,74.60,0.5228,1.6015
20260824 104506 239,4701.80,1,4701.60,4702.00,0.40,4701.60,2,4701.50,7,4701.40,2,4701.30,4,4701.20,4,4701.10,3,4701.00,2,4700.90,3,4700.80,5,4700.70,6,4702.00,2,4702.10,6,4702.20,6,4702.30,2,4702.40,4,4702.50,4,4702.60,4,4702.70,5,4702.80,4,4702.90,2,Sell,26,5,31,21.00,23.00,-1.00,1.00,40.0,4701.40,4702.20,4701.20,4701.80,14,25,39,-11.00,2.00,-14.00,1.10,81.8,-33,81,0.2727,0.0952,4.00,32.00,4697.86,0.4014,UP,74.60,0.5228,1.6015
20260824 104506 239,4701.80,1,4701.60,4702.00,0.40,4701.60,2,4701.50,7,4701.40,2,4701.30,4,4701.20,4,4701.10,3,4701.00,2,4700.90,3,4700.80,5,4700.70,6,4702.00,2,4702.10,6,4702.20,6,4702.30,2,4702.40,4,4702.50,4,4702.60,4,4702.70,5,4702.80,4,4702.90,2,Sell,26,6,32,20.00,23.00,-1.00,1.00,40.0,4701.40,4702.20,4701.20,4701.80,14,25,39,-11.00,2.00,-14.00,1.10,81.8,-33,81,0.2727,0.1500,3.00,31.00,4697.86,0.4014,UP,74.60,0.5228,1.6015
20260824 104506 239,4701.70,1,4701.60,4702.00,0.40,4701.60,2,4701.50,7,4701.40,2,4701.30,4,4701.20,4,4701.10,3,4701.00,2,4700.90,3,4700.80,5,4700.70,6,4702.00,2,4702.10,6,4702.20,6,4702.30,2,4702.40,4,4702.50,4,4702.60,4,4702.70,5,4702.80,4,4702.90,2,Sell,26,7,33,19.00,23.00,-1.00,1.00,30.0,4701.40,4702.20,4701.20,4701.70,14,25,39,-11.00,2.00,-14.00,1.10,81.8,-33,81,0.2727,0.2105,2.00,30.00,4697.86,0.3982,UP,74.60,0.5228,1.6015
20260824 104506 239,4701.70,1,4701.60,4702.00,0.40,4701.60,2,4701.50,7,4701.40,2,4701.30,4,4701.20,4,4701.10,3,4701.00,2,4700.90,3,4700.80,5,4700.70,6,4702.00,2,4702.10,6,4702.20,6,4702.30,2,4702.40,4,4702.50,4,4702.60,4,4702.70,5,4702.80,4,4702.90,2,Sell,26,8,34,18.00,23.00,-1.00,1.00,30.0,4701.40,4702.20,4701.20,4701.70,14,25,39,-11.00,2.00,-14.00,1.10,81.8,-33,81,0.2727,0.2778,1.00,29.00,4697.86,0.3982,UP,74.60,0.5228,1.6015
20260824 104506 239,4701.60,1,4701.60,4702.00,0.40,4701.60,2,4701.50,7,4701.40,2,4701.30,4,4701.20,4,4701.10,3,4701.00,2,4700.90,3,4700.80,5,4700.70,6,4702.00,2,4702.10,6,4702.20,6,4702.30,2,4702.40,4,4702.50,4,4702.60,4,4702.70,5,4702.80,4,4702.90,2,Sell,26,9,35,17.00,23.00,-1.00,1.00,20.0,4701.40,4702.20,4701.20,4701.60,14,25,39,-11.00,2.00,-14.00,1.10,81.8,-33,81,0.2727,0.3529,0.00,28.00,4697.85,0.3950,UP,74.60,0.5228,1.6015
20260824 104506 239,4701.60,1,4701.60,4702.00,0.40,4701.60,2,4701.50,7,4701.40,2,4701.30,4,4701.20,4,4701.10,3,4701.00,2,4700.90,3,4700.80,5,4700.70,6,4702.00,2,4702.10,6,4702.20,6,4702.30,2,4702.40,4,4702.50,4,4702.60,4,4702.70,5,4702.80,4,4702.90,2,Sell,26,10,36,16.00,23.00,-1.00,1.00,20.0,4701.40,4702.20,4701.20,4701.60,14,25,39,-11.00,2.00,-14.00,1.10,81.8,-33,81,0.2727,0.4375,-1.00,27.00,4697.85,0.3950,UP,74.60,0.5228,1.6015
20260824 104506 239,4701.60,1,4701.60,4702.00,0.40,4701.60,2,4701.50,7,4701.40,2,4701.30,4,4701.20,4,4701.10,3,4701.00,2,4700.90,3,4700.80,5,4700.70,6,4702.00,2,4702.10,6,4702.20,6,4702.30,2,4702.40,4,4702.50,4,4702.60,4,4702.70,5,4702.80,4,4702.90,2,Sell,26,11,37,15.00,23.00,-1.00,1.00,20.0,4701.40,4702.20,4701.20,4701.60,14,25,39,-11.00,2.00,-14.00,1.10,81.8,-33,81,0.2727,0.5333,-2.00,26.00,4697.85,0.3950,UP,74.60,0.5228,1.6015
20260824 104506 239,4701.50,1,4701.60,4702.00,0.40,4701.60,2,4701.50,7,4701.40,2,4701.30,4,4701.20,4,4701.10,3,4701.00,2,4700.90,3,4700.80,5,4700.70,6,4702.00,2,4702.10,6,4702.20,6,4702.30,2,4702.40,4,4702.50,4,4702.60,4,4702.70,5,4702.80,4,4702.90,2,Sell,26,12,38,14.00,23.00,-1.00,1.00,10.0,4701.40,4702.20,4701.20,4701.50,14,25,39,-11.00,2.00,-14.00,1.10,81.8,-33,81,0.2727,0.6429,-3.00,25.00,4697.84,0.3918,UP,74.60,0.5228,1.6015
20260824 104506 239,4701.50,1,4701.60,4702.00,0.40,4701.60,2,4701.50,7,4701.40,2,4701.30,4,4701.20,4,4701.10,3,4701.00,2,4700.90,3,4700.80,5,4700.70,6,4702.00,2,4702.10,6,4702.20,6,4702.30,2,4702.40,4,4702.50,4,4702.60,4,4702.70,5,4702.80,4,4702.90,2,Sell,26,13,39,13.00,23.00,-1.00,1.00,10.0,4701.40,4702.20,4701.20,4701.50,14,25,39,-11.00,2.00,-14.00,1.10,81.8,-33,81,0.2727,0.7692,-4.00,24.00,4697.84,0.3918,UP,74.60,0.5228,1.6015
20260824 104506 239,4701.50,1,4701.60,4702.00,0.40,4701.60,2,4701.50,7,4701.40,2,4701.30,4,4701.20,4,4701.10,3,4701.00,2,4700.90,3,4700.80,5,4700.70,6,4702.00,2,4702.10,6,4702.20,6,4702.30,2,4702.40,4,4702.50,4,4702.60,4,4702.70,5,4702.80,4,4702.90,2,Sell,26,14,40,12.00,23.00,-1.00,1.00,10.0,4701.40,4702.20,4701.20,4701.50,14,25,39,-11.00,2.00,-14.00,1.10,81.8,-33,81,0.2727,0.9167,-5.00,23.00,4697.84,0.3918,UP,74.60,0.5228,1.6015
20260824 104506 449,4701.80,1,4701.70,4702.00,0.30,4701.70,1,4701.60,2,4701.50,6,4701.40,2,4701.30,4,4701.20,4,4701.10,3,4701.00,2,4700.90,3,4700.80,5,4702.00,2,4702.10,3,4702.20,5,4702.30,2,4702.40,3,4702.50,5,4702.60,4,4702.70,3,4702.80,3,4702.90,2,Sell,26,15,41,11.00,23.00,-1.00,1.00,40.0,4701.40,4702.20,4701.20,4701.80,14,25,39,-11.00,2.00,-14.00,1.10,81.8,-33,81,0.2727,1.0909,-6.00,22.00,4697.86,0.4014,UP,74.60,0.5228,1.6015
20260824 104506 996,4701.90,1,4701.70,4702.10,0.40,4701.70,2,4701.60,1,4701.50,6,4701.40,3,4701.30,4,4701.20,3,4701.10,3,4701.00,2,4700.90,3,4700.80,5,4702.10,2,4702.20,4,4702.30,2,4702.40,3,4702.50,5,4702.60,4,4702.70,3,4702.80,4,4702.90,2,4703.00,3,Buy,27,15,42,12.00,23.00,-1.00,1.00,50.0,4701.40,4702.20,4701.20,4701.90,14,25,39,-11.00,2.00,-14.00,1.10,81.8,-33,81,0.2727,0.9167,-5.00,23.00,4697.87,0.4045,UP,74.60,0.5228,1.6015
20260824 104506 996,4701.90,1,4701.70,4702.10,0.40,4701.70,2,4701.60,1,4701.50,6,4701.40,3,4701.30,4,4701.20,3,4701.10,3,4701.00,2,4700.90,3,4700.80,5,4702.10,2,4702.20,4,4702.30,2,4702.40,3,4702.50,5,4702.60,4,4702.70,3,4702.80,4,4702.90,2,4703.00,3,Buy,28,15,43,13.00,23.00,-1.00,1.00,50.0,4701.40,4702.20,4701.20,4701.90,14,25,39,-11.00,2.00,-14.00,1.10,81.8,-33,81,0.2727,0.7692,-4.00,24.00,4697.87,0.4045,UP,74.60,0.5228,1.6015
20260824 104510 554,4701.80,1,4701.70,4702.00,0.30,4701.70,1,4701.60,1,4701.50,4,4701.40,3,4701.30,3,4701.20,2,4701.10,3,4701.00,3,4700.90,3,4700.80,5,4702.00,2,4702.10,2,4702.20,2,4702.30,3,4702.40,3,4702.50,5,4702.60,4,4702.70,3,4702.80,3,4702.90,1,Sell,28,16,44,12.00,23.00,-1.00,1.00,40.0,4701.40,4702.20,4701.20,4701.80,14,25,39,-11.00,2.00,-14.00,1.10,81.8,-33,81,0.2727,0.9167,-5.00,23.00,4697.86,0.4014,UP,74.60,0.5228,1.6015
20260824 104510 558,4701.70,1,4701.70,4702.00,0.30,4701.70,1,4701.60,1,4701.50,4,4701.40,3,4701.30,3,4701.20,2,4701.10,3,4701.00,3,4700.90,3,4700.80,5,4702.00,2,4702.10,2,4702.20,2,4702.30,3,4702.40,3,4702.50,5,4702.60,4,4702.70,3,4702.80,3,4702.90,1,Sell,28,17,45,11.00,23.00,-1.00,1.00,30.0,4701.40,4702.20,4701.20,4701.70,14,25,39,-11.00,2.00,-14.00,1.10,81.8,-33,81,0.2727,1.0909,-6.00,22.00,4697.86,0.3982,UP,74.60,0.5228,1.6015
20260824 104510 579,4701.80,1,4701.70,4702.00,0.30,4701.70,1,4701.60,1,4701.50,4,4701.40,3,4701.30,3,4701.20,2,4701.10,3,4701.00,3,4700.90,3,4700.80,5,4702.00,2,4702.10,2,4702.20,2,4702.30,3,4702.40,3,4702.50,5,4702.60,4,4702.70,3,4702.80,3,4702.90,1,Buy,29,17,46,12.00,23.00,-1.00,1.00,40.0,4701.40,4702.20,4701.20,4701.80,14,25,39,-11.00,2.00,-14.00,1.10,81.8,-33,81,0.2727,0.9167,-5.00,23.00,4697.86,0.4014,UP,74.60,0.5228,1.6015
20260824 104511 011,4701.70,1,4701.50,4701.80,0.30,4701.50,1,4701.40,2,4701.30,2,4701.20,3,4701.10,3,4701.00,2,4700.90,4,4700.80,4,4700.70,5,4700.60,6,4701.80,1,4701.90,1,4702.00,1,4702.10,3,4702.20,2,4702.30,4,4702.40,4,4702.50,4,4702.60,4,4702.70,4,Sell,29,18,47,11.00,23.00,-1.00,1.00,30.0,4701.40,4702.20,4701.20,4701.70,14,25,39,-11.00,2.00,-14.00,1.10,81.8,-33,81,0.2727,1.0909,-6.00,22.00,4697.86,0.3982,UP,74.60,0.5228,1.6015
20260824 104511 032,4701.70,1,4701.50,4701.80,0.30,4701.50,1,4701.40,2,4701.30,2,4701.20,3,4701.10,3,4701.00,2,4700.90,4,4700.80,4,4700.70,5,4700.60,6,4701.80,1,4701.90,1,4702.00,1,4702.10,3,4702.20,2,4702.30,4,4702.40,4,4702.50,4,4702.60,4,4702.70,4,Sell,29,19,48,10.00,23.00,-1.00,1.00,30.0,4701.40,4702.20,4701.20,4701.70,14,25,39,-11.00,2.00,-14.00,1.10,81.8,-33,81,0.2727,1.3000,-7.00,21.00,4697.86,0.3982,UP,74.60,0.5228,1.6015
20260824 104511 053,4701.70,1,4701.50,4701.90,0.40,4701.50,1,4701.40,1,4701.30,3,4701.20,3,4701.10,4,4701.00,2,4700.90,3,4700.80,4,4700.70,5,4700.60,6,4701.80,1,4701.90,6,4702.00,1,4702.10,2,4702.20,2,4702.30,4,4702.40,4,4702.50,4,4702.60,4,4702.70,4,Sell,29,20,49,9.00,23.00,-1.00,1.00,30.0,4701.40,4702.20,4701.20,4701.70,14,25,39,-11.00,2.00,-14.00,1.10,81.8,-33,81,0.2727,1.5556,-8.00,20.00,4697.86,0.3982,UP,74.60,0.5228,1.6015
20260824 104511 080,4701.70,1,4701.50,4701.90,0.40,4701.50,1,4701.40,1,4701.30,3,4701.20,3,4701.10,4,4701.00,2,4700.90,3,4700.80,4,4700.70,5,4700.60,6,4701.80,1,4701.90,6,4702.00,1,4702.10,2,4702.20,2,4702.30,4,4702.40,4,4702.50,4,4702.60,4,4702.70,4,Sell,29,21,50,8.00,23.00,-1.00,1.00,30.0,4701.40,4702.20,4701.20,4701.70,14,25,39,-11.00,2.00,-14.00,1.10,81.8,-33,81,0.2727,1.8750,-9.00,19.00,4697.86,0.3982,UP,74.60,0.5228,1.6015
20260824 104511 101,4701.80,1,4701.50,4701.90,0.40,4701.50,1,4701.40,1,4701.30,3,4701.20,3,4701.10,4,4701.00,2,4700.90,3,4700.80,4,4700.70,5,4700.60,6,4701.80,1,4701.90,6,4702.00,1,4702.10,2,4702.20,2,4702.30,4,4702.40,4,4702.50,4,4702.60,4,4702.70,4,Buy,30,21,51,9.00,23.00,-1.00,1.00,40.0,4701.40,4702.20,4701.20,4701.80,14,25,39,-11.00,2.00,-14.00,1.10,81.8,-33,81,0.2727,1.5556,-8.00,20.00,4697.86,0.4014,UP,74.60,0.5228,1.6015
20260824 104511 101,4701.70,1,4701.50,4701.90,0.40,4701.50,1,4701.40,1,4701.30,3,4701.20,3,4701.10,4,4701.00,2,4700.90,3,4700.80,4,4700.70,5,4700.60,6,4701.80,1,4701.90,6,4702.00,1,4702.10,2,4702.20,2,4702.30,4,4702.40,4,4702.50,4,4702.60,4,4702.70,4,Sell,30,22,52,8.00,23.00,-1.00,1.00,30.0,4701.40,4702.20,4701.20,4701.70,14,25,39,-11.00,2.00,-14.00,1.10,81.8,-33,81,0.2727,1.8750,-9.00,19.00,4697.86,0.3982,UP,74.60,0.5228,1.6015
20260824 104511 121,4701.70,1,4701.40,4701.70,0.30,4701.40,1,4701.30,1,4701.20,3,4701.10,3,4701.00,3,4700.90,3,4700.80,4,4700.70,5,4700.60,6,4700.50,5,4701.70,1,4701.80,3,4701.90,5,4702.00,1,4702.10,3,4702.20,3,4702.30,3,4702.40,5,4702.50,4,4702.60,4,Buy,31,22,53,9.00,23.00,-1.00,1.00,30.0,4701.40,4702.20,4701.20,4701.70,14,25,39,-11.00,2.00,-14.00,1.10,81.8,-33,81,0.2727,1.5556,-8.00,20.00,4697.86,0.3982,UP,74.60,0.5228,1.6015
20260824 104511 142,4701.70,1,4701.40,4701.70,0.30,4701.40,1,4701.30,1,4701.20,3,4701.10,3,4701.00,3,4700.90,3,4700.80,4,4700.70,5,4700.60,6,4700.50,5,4701.70,1,4701.80,3,4701.90,5,4702.00,1,4702.10,3,4702.20,3,4702.30,3,4702.40,5,4702.50,4,4702.60,4,Buy,32,22,54,10.00,23.00,-1.00,1.00,30.0,4701.40,4702.20,4701.20,4701.70,14,25,39,-11.00,2.00,-14.00,1.10,81.8,-33,81,0.2727,1.3000,-7.00,21.00,4697.86,0.3982,UP,74.60,0.5228,1.6015
20260824 104511 163,4701.70,1,4701.40,4701.70,0.30,4701.40,1,4701.30,1,4701.20,3,4701.10,3,4701.00,3,4700.90,3,4700.80,4,4700.70,5,4700.60,6,4700.50,5,4701.70,1,4701.80,3,4701.90,5,4702.00,1,4702.10,3,4702.20,3,4702.30,3,4702.40,5,4702.50,4,4702.60,4,Buy,33,22,55,11.00,23.00,-1.00,1.00,30.0,4701.40,4702.20,4701.20,4701.70,14,25,39,-11.00,2.00,-14.00,1.10,81.8,-33,81,0.2727,1.0909,-6.00,22.00,4697.86,0.3982,UP,74.60,0.5228,1.6015
20260824 104511 184,4701.70,1,4701.50,4701.90,0.40,4701.50,2,4701.40,3,4701.30,2,4701.20,3,4701.10,3,4701.00,2,4700.90,3,4700.80,5,4700.70,5,4700.60,6,4701.90,4,4702.00,1,4702.10,3,4702.20,4,4702.30,3,4702.40,4,4702.50,4,4702.60,4,4702.70,4,4702.80,5,Buy,34,22,56,12.00,23.00,-1.00,1.00,30.0,4701.40,4702.20,4701.20,4701.70,14,25,39,-11.00,2.00,-14.00,1.10,81.8,-33,81,0.2727,0.9167,-5.00,23.00,4697.86,0.3982,UP,74.60,0.5228,1.6015
20260824 104511 205,4701.70,1,4701.50,4701.90,0.40,4701.50,2,4701.40,3,4701.30,2,4701.20,3,4701.10,3,4701.00,2,4700.90,3,4700.80,5,4700.70,5,4700.60,6,4701.90,4,4702.00,1,4702.10,3,4702.20,4,4702.30,3,4702.40,4,4702.50,4,4702.60,4,4702.70,4,4702.80,5,Buy,35,22,57,13.00,23.00,-1.00,1.00,30.0,4701.40,4702.20,4701.20,4701.70,14,25,39,-11.00,2.00,-14.00,1.10,81.8,-33,81,0.2727,0.7692,-4.00,24.00,4697.86,0.3982,UP,74.60,0.5228,1.6015
20260824 104511 226,4701.70,1,4701.50,4701.90,0.40,4701.50,2,4701.40,3,4701.30,2,4701.20,3,4701.10,3,4701.00,2,4700.90,3,4700.80,5,4700.70,5,4700.60,6,4701.90,4,4702.00,1,4702.10,3,4702.20,4,4702.30,3,4702.40,4,4702.50,4,4702.60,4,4702.70,4,4702.80,5,Buy,36,22,58,14.00,23.00,-1.00,1.00,30.0,4701.40,4702.20,4701.20,4701.70,14,25,39,-11.00,2.00,-14.00,1.10,81.8,-33,81,0.2727,0.6429,-3.00,25.00,4697.86,0.3982,UP,74.60,0.5228,1.6015
20260824 104511 248,4701.70,1,4701.70,4701.90,0.20,4701.70,1,4701.50,2,4701.40,2,4701.30,2,4701.20,3,4701.10,3,4701.00,2,4700.90,3,4700.80,5,4700.70,5,4701.90,3,4702.00,1,4702.10,3,4702.20,3,4702.30,4,4702.40,4,4702.50,4,4702.60,4,4702.70,4,4702.80,5,Sell,36,23,59,13.00,23.00,-1.00,1.00,30.0,4701.40,4702.20,4701.20,4701.70,14,25,39,-11.00,2.00,-14.00,1.10,81.8,-33,81,0.2727,0.7692,-4.00,24.00,4697.86,0.3982,UP,74.60,0.5228,1.6015
20260824 104512 276,4701.90,1,4701.70,4701.90,0.20,4701.70,2,4701.50,3,4701.40,2,4701.30,2,4701.20,3,4701.10,3,4701.00,2,4700.90,3,4700.80,5,4700.70,6,4702.00,1,4702.10,3,4702.20,2,4702.30,4,4702.40,4,4702.50,4,4702.60,4,4702.70,4,4702.80,5,4702.90,1,Buy,37,23,60,14.00,23.00,-1.00,1.00,50.0,4701.40,4702.20,4701.20,4701.90,14,25,39,-11.00,2.00,-14.00,1.10,81.8,-33,81,0.2727,0.6429,-3.00,25.00,4697.87,0.4045,UP,74.60,0.5228,1.6015
20260824 104512 954,4702.00,1,4701.70,4702.10,0.40,4701.70,3,4701.60,1,4701.50,4,4701.40,1,4701.30,2,4701.20,3,4701.10,3,4701.00,2,4700.90,3,4700.80,6,4702.10,2,4702.20,3,4702.30,2,4702.40,3,4702.50,5,4702.60,4,4702.70,3,4702.80,3,4703.00,3,4703.10,4,Buy,38,23,61,15.00,23.00,-1.00,1.00,60.0,4701.40,4702.20,4701.20,4702.00,14,25,39,-11.00,2.00,-14.00,1.10,81.8,-33,81,0.2727,0.5333,-2.00,26.00,4697.88,0.4077,UP,74.60,0.5228,1.6015
20260824 104519 108,4702.00,1,4702.00,4702.20,0.20,4702.00,1,4701.90,1,4701.70,3,4701.60,1,4701.50,4,4701.40,4,4701.30,3,4701.20,4,4701.10,3,4701.00,2,4702.20,1,4702.30,1,4702.40,3,4702.50,2,4702.60,5,4702.70,3,4702.80,3,4703.00,4,4703.10,4,4703.20,3,Sell,38,24,62,14.00,23.00,-1.00,1.00,60.0,4701.40,4702.20,4701.20,4702.00,14,25,39,-11.00,2.00,-14.00,1.10,81.8,-33,81,0.2727,0.6429,-3.00,25.00,4697.88,0.4077,UP,74.60,0.5228,1.6015
20260824 104522 750,4702.30,1,4702.10,4702.50,0.40,4702.10,2,4701.90,1,4701.80,2,4701.70,2,4701.60,2,4701.50,4,4701.40,3,4701.30,3,4701.20,4,4701.10,3,4702.50,2,4702.60,3,4702.70,4,4702.80,3,4703.00,5,4703.10,5,4703.20,2,4703.30,4,4703.40,3,4703.50,2,Buy,39,24,63,15.00,23.00,-1.00,1.10,81.8,4701.40,4702.30,4701.20,4702.30,14,25,39,-11.00,2.00,-14.00,1.10,81.8,-33,81,0.2727,0.5333,-2.00,26.00,4697.91,0.4172,UP,74.60,0.5228,1.6087
20260824 104526 790,4702.20,1,4702.10,4702.30,0.20,4702.10,1,4701.90,2,4701.80,1,4701.70,2,4701.60,1,4701.50,4,4701.40,3,4701.30,3,4701.20,4,4701.10,3,4702.30,3,4702.40,1,4702.50,3,4702.60,3,4702.70,3,4702.80,4,4703.00,4,4703.10,5,4703.20,3,4703.30,5,Sell,39,25,64,14.00,23.00,-1.00,1.10,72.7,4701.40,4702.30,4701.20,4702.20,14,25,39,-11.00,2.00,-14.00,1.10,81.8,-33,81,0.2727,0.6429,-3.00,25.00,4697.90,0.4141,UP,74.60,0.5228,1.6087
20260824 104526 790,4702.20,1,4702.10,4702.30,0.20,4702.10,1,4701.90,2,4701.80,1,4701.70,2,4701.60,1,4701.50,4,4701.40,3,4701.30,3,4701.20,4,4701.10,3,4702.30,3,4702.40,1,4702.50,3,4702.60,3,4702.70,3,4702.80,4,4703.00,4,4703.10,5,4703.20,3,4703.30,5,Sell,39,26,65,13.00,23.00,-1.00,1.10,72.7,4701.40,4702.30,4701.20,4702.20,14,25,39,-11.00,2.00,-14.00,1.10,81.8,-33,81,0.2727,0.7692,-4.00,24.00,4697.90,0.4141,UP,74.60,0.5228,1.6087
20260824 104533 725,4701.80,1,4701.30,4701.50,0.20,4701.40,1,4701.30,2,4701.20,1,4701.10,3,4701.00,3,4700.90,4,4700.80,5,4700.70,5,4700.60,6,4700.50,5,4701.60,1,4701.70,1,4701.80,1,4701.90,3,4702.00,4,4702.10,4,4702.20,3,4702.30,3,4702.40,4,4702.50,3,Sell,39,27,66,12.00,23.00,-1.00,1.10,36.4,4701.40,4702.30,4701.20,4701.80,14,25,39,-11.00,2.00,-14.00,1.10,81.8,-33,81,0.2727,0.9167,-5.00,23.00,4697.86,0.4014,UP,74.60,0.5228,1.6087
20260824 104533 737,4701.80,2,4701.30,4701.50,0.20,4701.40,1,4701.30,2,4701.20,1,4701.10,3,4701.00,3,4700.90,4,4700.80,5,4700.70,5,4700.60,6,4700.50,5,4701.60,1,4701.70,1,4701.80,1,4701.90,3,4702.00,4,4702.10,4,4702.20,3,4702.30,3,4702.40,4,4702.50,3,Sell,39,29,68,10.00,23.00,-1.00,1.10,36.4,4701.40,4702.30,4701.20,4701.80,14,25,39,-11.00,2.00,-14.00,1.10,81.8,-33,81,0.2727,1.3000,-7.00,21.00,4697.86,0.4014,UP,74.60,0.5228,1.6087
20260824 104533 738,4701.70,1,4701.30,4701.50,0.20,4701.40,1,4701.30,2,4701.20,1,4701.10,3,4701.00,3,4700.90,4,4700.80,5,4700.70,5,4700.60,6,4700.50,5,4701.60,1,4701.70,1,4701.80,1,4701.90,3,4702.00,4,4702.10,4,4702.20,3,4702.30,3,4702.40,4,4702.50,3,Sell,39,30,69,9.00,23.00,-1.00,1.10,27.3,4701.40,4702.30,4701.20,4701.70,14,25,39,-11.00,2.00,-14.00,1.10,81.8,-33,81,0.2727,1.5556,-8.00,20.00,4697.86,0.3982,UP,74.60,0.5228,1.6087
20260824 104533 759,4701.70,1,4701.30,4701.50,0.20,4701.40,1,4701.30,2,4701.20,1,4701.10,3,4701.00,3,4700.90,4,4700.80,5,4700.70,5,4700.60,6,4700.50,5,4701.60,1,4701.70,1,4701.80,1,4701.90,3,4702.00,4,4702.10,4,4702.20,3,4702.30,3,4702.40,4,4702.50,3,Buy,40,30,70,10.00,23.00,-1.00,1.10,27.3,4701.40,4702.30,4701.20,4701.70,14,25,39,-11.00,2.00,-14.00,1.10,81.8,-33,81,0.2727,1.3000,-7.00,21.00,4697.86,0.3982,UP,74.60,0.5228,1.6087
20260824 104533 762,4701.60,1,4701.30,4701.50,0.20,4701.40,1,4701.30,2,4701.20,1,4701.10,3,4701.00,3,4700.90,4,4700.80,5,4700.70,5,4700.60,6,4700.50,5,4701.60,1,4701.70,1,4701.80,1,4701.90,3,4702.00,4,4702.10,4,4702.20,3,4702.30,3,4702.40,4,4702.50,3,Buy,41,30,71,11.00,23.00,-1.00,1.10,18.2,4701.40,4702.30,4701.20,4701.60,14,25,39,-11.00,2.00,-14.00,1.10,81.8,-33,81,0.2727,1.0909,-6.00,22.00,4697.85,0.3950,UP,74.60,0.5228,1.6087
20260824 104533 776,4701.40,1,4701.30,4701.50,0.20,4701.40,1,4701.30,2,4701.20,1,4701.10,3,4701.00,3,4700.90,4,4700.80,5,4700.70,5,4700.60,6,4700.50,5,4701.60,1,4701.70,1,4701.80,1,4701.90,3,4702.00,4,4702.10,4,4702.20,3,4702.30,3,4702.40,4,4702.50,3,Sell,41,31,72,10.00,23.00,-1.00,1.10,0.0,4701.40,4702.30,4701.20,4701.40,14,25,39,-11.00,2.00,-14.00,1.10,81.8,-33,81,0.2727,1.3000,-7.00,21.00,4697.83,0.3887,UP,74.60,0.5228,1.6087
20260824 104533 777,4701.40,1,4701.30,4701.50,0.20,4701.40,1,4701.30,2,4701.20,1,4701.10,3,4701.00,3,4700.90,4,4700.80,5,4700.70,5,4700.60,6,4700.50,5,4701.60,1,4701.70,1,4701.80,1,4701.90,3,4702.00,4,4702.10,4,4702.20,3,4702.30,3,4702.40,4,4702.50,3,Sell,41,32,73,9.00,23.00,-1.00,1.10,0.0,4701.40,4702.30,4701.20,4701.40,14,25,39,-11.00,2.00,-14.00,1.10,81.8,-33,81,0.2727,1.5556,-8.00,20.00,4697.83,0.3887,UP,74.60,0.5228,1.6087
20260824 104533 781,4701.50,1,4701.30,4701.50,0.20,4701.40,1,4701.30,2,4701.20,1,4701.10,3,4701.00,3,4700.90,4,4700.80,5,4700.70,5,4700.60,6,4700.50,5,4701.60,1,4701.70,1,4701.80,1,4701.90,3,4702.00,4,4702.10,4,4702.20,3,4702.30,3,4702.40,4,4702.50,3,Buy,42,32,74,10.00,23.00,-1.00,1.10,9.1,4701.40,4702.30,4701.20,4701.50,14,25,39,-11.00,2.00,-14.00,1.10,81.8,-33,81,0.2727,1.3000,-7.00,21.00,4697.84,0.3918,UP,74.60,0.5228,1.6087
20260824 104533 800,4701.60,1,4701.10,4701.40,0.30,4701.30,1,4701.10,2,4701.00,4,4700.90,3,4700.80,4,4700.70,5,4700.60,6,4700.50,5,4700.40,5,4700.30,3,4701.50,1,4701.60,2,4701.70,3,4701.80,1,4701.90,2,4702.00,5,4702.10,4,4702.20,5,4702.30,4,4702.40,3,Buy,43,32,75,11.00,23.00,-1.00,1.10,18.2,4701.40,4702.30,4701.20,4701.60,14,25,39,-11.00,2.00,-14.00,1.10,81.8,-33,81,0.2727,1.0909,-6.00,22.00,4697.85,0.3950,UP,74.60,0.5228,1.6087
20260824 104533 821,4701.60,1,4701.10,4701.40,0.30,4701.30,1,4701.10,2,4701.00,4,4700.90,3,4700.80,4,4700.70,5,4700.60,6,4700.50,5,4700.40,5,4700.30,3,4701.50,1,4701.60,2,4701.70,3,4701.80,1,4701.90,2,4702.00,5,4702.10,4,4702.20,5,4702.30,4,4702.40,3,Buy,44,32,76,12.00,23.00,-1.00,1.10,18.2,4701.40,4702.30,4701.20,4701.60,14,25,39,-11.00,2.00,-14.00,1.10,81.8,-33,81,0.2727,0.9167,-5.00,23.00,4697.85,0.3950,UP,74.60,0.5228,1.6087
20260824 104533 823,4701.40,1,4701.10,4701.40,0.30,4701.30,1,4701.10,2,4701.00,4,4700.90,3,4700.80,4,4700.70,5,4700.60,6,4700.50,5,4700.40,5,4700.30,3,4701.50,1,4701.60,2,4701.70,3,4701.80,1,4701.90,2,4702.00,5,4702.10,4,4702.20,5,4702.30,4,4702.40,3,Sell,44,33,77,11.00,23.00,-1.00,1.10,0.0,4701.40,4702.30,4701.20,4701.40,14,25,39,-11.00,2.00,-14.00,1.10,81.8,-33,81,0.2727,1.0909,-6.00,22.00,4697.83,0.3887,UP,74.60,0.5228,1.6087
20260824 104533 841,4701.30,1,4701.10,4701.40,0.30,4701.30,1,4701.10,2,4701.00,4,4700.90,3,4700.80,4,4700.70,5,4700.60,6,4700.50,5,4700.40,5,4700.30,3,4701.50,1,4701.60,2,4701.70,3,4701.80,1,4701.90,2,4702.00,5,4702.10,4,4702.20,5,4702.30,4,4702.40,3,Sell,44,34,78,10.00,23.00,-1.00,1.10,9.1,4701.40,4702.30,4701.20,4701.30,14,25,39,-11.00,2.00,-14.00,1.10,81.8,-33,81,0.2727,1.3000,-7.00,21.00,4697.82,0.3855,UP,74.60,0.5228,1.6087
20260824 104533 844,4701.40,1,4701.10,4701.40,0.30,4701.30,1,4701.10,2,4701.00,4,4700.90,3,4700.80,4,4700.70,5,4700.60,6,4700.50,5,4700.40,5,4700.30,3,4701.50,1,4701.60,2,4701.70,3,4701.80,1,4701.90,2,4702.00,5,4702.10,4,4702.20,5,4702.30,4,4702.40,3,Buy,45,34,79,11.00,23.00,-1.00,1.10,0.0,4701.40,4702.30,4701.20,4701.40,14,25,39,-11.00,2.00,-14.00,1.10,81.8,-33,81,0.2727,1.0909,-6.00,22.00,4697.83,0.3887,UP,74.60,0.5228,1.6087
20260824 104533 863,4701.40,1,4701.10,4701.50,0.40,4701.10,3,4701.00,2,4700.90,2,4700.80,4,4700.70,6,4700.60,5,4700.50,5,4700.40,4,4700.30,3,4700.20,5,4701.50,2,4701.60,3,4701.70,1,4701.80,1,4701.90,3,4702.00,6,4702.10,5,4702.20,3,4702.30,5,4702.40,5,Buy,46,34,80,12.00,23.00,-1.00,1.10,0.0,4701.40,4702.30,4701.20,4701.40,14,25,39,-11.00,2.00,-14.00,1.10,81.8,-33,81,0.2727,0.9167,-5.00,23.00,4697.83,0.3887,UP,74.60,0.5228,1.6087
20260824 104533 884,4701.50,1,4701.10,4701.50,0.40,4701.10,3,4701.00,2,4700.90,2,4700.80,4,4700.70,6,4700.60,5,4700.50,5,4700.40,4,4700.30,3,4700.20,5,4701.50,2,4701.60,3,4701.70,1,4701.80,1,4701.90,3,4702.00,6,4702.10,5,4702.20,3,4702.30,5,4702.40,5,Buy,47,34,81,13.00,23.00,-1.00,1.10,9.1,4701.40,4702.30,4701.20,4701.50,14,25,39,-11.00,2.00,-14.00,1.10,81.8,-33,81,0.2727,0.7692,-4.00,24.00,4697.84,0.3918,UP,74.60,0.5228,1.6087
20260824 104533 886,4701.30,1,4701.10,4701.50,0.40,4701.10,3,4701.00,2,4700.90,2,4700.80,4,4700.70,6,4700.60,5,4700.50,5,4700.40,4,4700.30,3,4700.20,5,4701.50,2,4701.60,3,4701.70,1,4701.80,1,4701.90,3,4702.00,6,4702.10,5,4702.20,3,4702.30,5,4702.40,5,Sell,47,35,82,12.00,23.00,-1.00,1.10,9.1,4701.40,4702.30,4701.20,4701.30,14,25,39,-11.00,2.00,-14.00,1.10,81.8,-33,81,0.2727,0.9167,-5.00,23.00,4697.82,0.3855,UP,74.60,0.5228,1.6087
20260824 104533 905,4701.30,1,4701.10,4701.50,0.40,4701.10,3,4701.00,2,4700.90,2,4700.80,4,4700.70,6,4700.60,5,4700.50,5,4700.40,4,4700.30,3,4700.20,5,4701.50,2,4701.60,3,4701.70,1,4701.80,1,4701.90,3,4702.00,6,4702.10,5,4702.20,3,4702.30,5,4702.40,5,Buy,48,35,83,13.00,23.00,-1.00,1.10,9.1,4701.40,4702.30,4701.20,4701.30,14,25,39,-11.00,2.00,-14.00,1.10,81.8,-33,81,0.2727,0.7692,-4.00,24.00,4697.82,0.3855,UP,74.60,0.5228,1.6087
20260824 104533 926,4701.40,1,4701.10,4701.50,0.40,4701.10,3,4701.00,2,4700.90,2,4700.80,4,4700.70,6,4700.60,5,4700.50,5,4700.40,4,4700.30,3,4700.20,5,4701.50,2,4701.60,3,4701.70,1,4701.80,1,4701.90,3,4702.00,6,4702.10,5,4702.20,3,4702.30,5,4702.40,5,Buy,49,35,84,14.00,23.00,-1.00,1.10,0.0,4701.40,4702.30,4701.20,4701.40,14,25,39,-11.00,2.00,-14.00,1.10,81.8,-33,81,0.2727,0.6429,-3.00,25.00,4697.83,0.3887,UP,74.60,0.5228,1.6087
20260824 104533 947,4701.40,1,4701.20,4701.50,0.30,4701.20,1,4701.10,2,4701.00,2,4700.90,3,4700.80,4,4700.70,5,4700.60,5,4700.50,5,4700.40,4,4700.30,3,4701.50,2,4701.60,2,4701.70,1,4701.80,2,4701.90,3,4702.00,5,4702.10,3,4702.20,2,4702.30,5,4702.40,5,Buy,50,35,85,15.00,23.00,-1.00,1.10,0.0,4701.40,4702.30,4701.20,4701.40,14,25,39,-11.00,2.00,-14.00,1.10,81.8,-33,81,0.2727,0.5333,-2.00,26.00,4697.83,0.3887,UP,74.60,0.5228,1.6087
20260824 104533 953,4701.50,1,4701.20,4701.50,0.30,4701.20,1,4701.10,2,4701.00,2,4700.90,3,4700.80,4,4700.70,5,4700.60,5,4700.50,5,4700.40,4,4700.30,3,4701.50,2,4701.60,2,4701.70,1,4701.80,2,4701.90,3,4702.00,5,4702.10,3,4702.20,2,4702.30,5,4702.40,5,Buy,51,35,86,16.00,23.00,-1.00,1.10,9.1,4701.40,4702.30,4701.20,4701.50,14,25,39,-11.00,2.00,-14.00,1.10,81.8,-33,81,0.2727,0.4375,-1.00,27.00,4697.84,0.3918,UP,74.60,0.5228,1.6087
20260824 104533 968,4701.50,1,4701.20,4701.50,0.30,4701.20,1,4701.10,2,4701.00,2,4700.90,3,4700.80,4,4700.70,5,4700.60,5,4700.50,5,4700.40,4,4700.30,3,4701.50,2,4701.60,2,4701.70,1,4701.80,2,4701.90,3,4702.00,5,4702.10,3,4702.20,2,4702.30,5,4702.40,5,Buy,52,35,87,17.00,23.00,-1.00,1.10,9.1,4701.40,4702.30,4701.20,4701.50,14,25,39,-11.00,2.00,-14.00,1.10,81.8,-33,81,0.2727,0.3529,0.00,28.00,4697.84,0.3918,UP,74.60,0.5228,1.6087
20260824 104533 989,4701.50,1,4701.20,4701.50,0.30,4701.20,1,4701.10,2,4701.00,2,4700.90,3,4700.80,4,4700.70,5,4700.60,5,4700.50,5,4700.40,4,4700.30,3,4701.50,2,4701.60,2,4701.70,1,4701.80,2,4701.90,3,4702.00,5,4702.10,3,4702.20,2,4702.30,5,4702.40,5,Buy,53,35,88,18.00,23.00,-1.00,1.10,9.1,4701.40,4702.30,4701.20,4701.50,14,25,39,-11.00,2.00,-14.00,1.10,81.8,-33,81,0.2727,0.2778,1.00,29.00,4697.84,0.3918,UP,74.60,0.5228,1.6087
20260824 104534 010,4701.50,1,4701.20,4701.50,0.30,4701.20,1,4701.10,2,4701.00,2,4700.90,3,4700.80,4,4700.70,5,4700.60,6,4700.50,5,4700.40,4,4700.30,3,4701.50,2,4701.60,2,4701.70,1,4701.80,2,4701.90,2,4702.00,5,4702.10,3,4702.20,2,4702.30,5,4702.40,5,Buy,54,35,89,19.00,23.00,-1.00,1.10,9.1,4701.40,4702.30,4701.20,4701.50,14,25,39,-11.00,2.00,-14.00,1.10,81.8,-33,81,0.2727,0.2105,2.00,30.00,4697.84,0.3918,UP,74.60,0.5228,1.6087
20260824 104534 030,4701.50,1,4701.30,4701.70,0.40,4701.30,1,4701.20,2,4701.10,4,4701.00,3,4700.90,2,4700.80,4,4700.70,5,4700.60,6,4700.50,5,4700.40,4,4701.70,4,4701.80,2,4701.90,2,4702.00,6,4702.10,3,4702.20,2,4702.30,5,4702.40,5,4702.50,4,4702.60,3,Buy,55,35,90,20.00,23.00,-1.00,1.10,9.1,4701.40,4702.30,4701.20,4701.50,14,25,39,-11.00,2.00,-14.00,1.10,81.8,-33,81,0.2727,0.1500,3.00,31.00,4697.84,0.3918,UP,74.60,0.5228,1.6087
20260824 104534 051,4701.50,1,4701.30,4701.70,0.40,4701.30,1,4701.20,2,4701.10,4,4701.00,3,4700.90,2,4700.80,4,4700.70,5,4700.60,6,4700.50,5,4700.40,4,4701.70,4,4701.80,2,4701.90,2,4702.00,6,4702.10,3,4702.20,2,4702.30,5,4702.40,5,4702.50,4,4702.60,3,Buy,56,35,91,21.00,23.00,-1.00,1.10,9.1,4701.40,4702.30,4701.20,4701.50,14,25,39,-11.00,2.00,-14.00,1.10,81.8,-33,81,0.2727,0.0952,4.00,32.00,4697.84,0.3918,UP,74.60,0.5228,1.6087
20260824 104534 072,4701.60,1,4701.30,4701.70,0.40,4701.30,2,4701.20,2,4701.10,4,4701.00,3,4700.90,2,4700.80,4,4700.70,5,4700.60,6,4700.50,5,4700.40,5,4701.70,2,4701.80,2,4701.90,2,4702.00,5,4702.10,4,4702.20,2,4702.30,3,4702.40,4,4702.50,3,4702.60,3,Buy,57,35,92,22.00,23.00,-1.00,1.10,18.2,4701.40,4702.30,4701.20,4701.60,14,25,39,-11.00,2.00,-14.00,1.10,81.8,-33,81,0.2727,0.0455,5.00,33.00,4697.85,0.3950,UP,74.60,0.5228,1.6087
20260824 104534 093,4701.60,1,4701.30,4701.70,0.40,4701.30,2,4701.20,2,4701.10,4,4701.00,3,4700.90,2,4700.80,4,4700.70,5,4700.60,6,4700.50,5,4700.40,5,4701.70,2,4701.80,2,4701.90,2,4702.00,5,4702.10,4,4702.20,2,4702.30,3,4702.40,4,4702.50,3,4702.60,3,Buy,58,35,93,23.00,23.00,-1.00,1.10,18.2,4701.40,4702.30,4701.20,4701.60,14,25,39,-11.00,2.00,-14.00,1.10,81.8,-33,81,0.2727,0.0000,6.00,34.00,4697.85,0.3950,UP,74.60,0.5228,1.6087
20260824 104534 114,4701.60,1,4701.30,4701.70,0.40,4701.30,2,4701.20,2,4701.10,4,4701.00,3,4700.90,2,4700.80,4,4700.70,5,4700.60,6,4700.50,5,4700.40,5,4701.70,2,4701.80,2,4701.90,2,4702.00,5,4702.10,4,4702.20,2,4702.30,3,4702.40,4,4702.50,3,4702.60,3,Buy,59,35,94,24.00,24.00,-1.00,1.10,18.2,4701.40,4702.30,4701.20,4701.60,14,25,39,-11.00,2.00,-14.00,1.10,81.8,-33,81,0.2727,0.0000,7.00,35.00,4697.85,0.3950,UP,74.60,0.5228,1.6087
20260824 104534 135,4701.70,1,4701.30,4701.70,0.40,4701.30,2,4701.20,2,4701.10,4,4701.00,3,4700.90,2,4700.80,4,4700.70,5,4700.60,6,4700.50,5,4700.40,5,4701.70,2,4701.80,2,4701.90,2,4702.00,5,4702.10,4,4702.20,2,4702.30,3,4702.40,4,4702.50,3,4702.60,3,Buy,60,35,95,25.00,25.00,-1.00,1.10,27.3,4701.40,4702.30,4701.20,4701.70,14,25,39,-11.00,2.00,-14.00,1.10,81.8,-33,81,0.2727,0.0000,8.00,36.00,4697.86,0.3982,UP,74.60,0.5228,1.6087
20260824 104534 156,4701.60,1,4701.30,4701.60,0.30,4701.30,1,4701.20,3,4701.10,3,4701.00,4,4700.90,3,4700.80,4,4700.70,5,4700.60,6,4700.50,5,4700.40,5,4701.60,1,4701.70,3,4701.80,7,4701.90,1,4702.00,6,4702.10,3,4702.20,2,4702.30,3,4702.40,3,4702.50,3,Buy,61,35,96,26.00,26.00,-1.00,1.10,18.2,4701.40,4702.30,4701.20,4701.60,14,25,39,-11.00,2.00,-14.00,1.10,81.8,-33,81,0.2727,0.0000,9.00,37.00,4697.85,0.3950,UP,74.60,0.5228,1.6087
20260824 104534 157,4701.40,1,4701.30,4701.60,0.30,4701.30,1,4701.20,3,4701.10,3,4701.00,4,4700.90,3,4700.80,4,4700.70,5,4700.60,6,4700.50,5,4700.40,5,4701.60,1,4701.70,3,4701.80,7,4701.90,1,4702.00,6,4702.10,3,4702.20,2,4702.30,3,4702.40,3,4702.50,3,Sell,61,36,97,25.00,26.00,-1.00,1.10,0.0,4701.40,4702.30,4701.20,4701.40,14,25,39,-11.00,2.00,-14.00,1.10,81.8,-33,81,0.2727,0.0400,8.00,36.00,4697.83,0.3887,UP,74.60,0.5228,1.6087
20260824 104534 177,4701.50,1,4701.30,4701.60,0.30,4701.30,1,4701.20,3,4701.10,3,4701.00,4,4700.90,3,4700.80,4,4700.70,5,4700.60,6,4700.50,5,4700.40,5,4701.60,1,4701.70,3,4701.80,7,4701.90,1,4702.00,6,4702.10,3,4702.20,2,4702.30,3,4702.40,3,4702.50,3,Buy,62,36,98,26.00,26.00,-1.00,1.10,9.1,4701.40,4702.30,4701.20,4701.50,14,25,39,-11.00,2.00,-14.00,1.10,81.8,-33,81,0.2727,0.0000,9.00,37.00,4697.84,0.3918,UP,74.60,0.5228,1.6087
20260824 104534 198,4701.60,1,4701.30,4701.60,0.30,4701.30,1,4701.20,3,4701.10,3,4701.00,4,4700.90,3,4700.80,4,4700.70,5,4700.60,6,4700.50,5,4700.40,5,4701.60,1,4701.70,3,4701.80,7,4701.90,1,4702.00,6,4702.10,3,4702.20,2,4702.30,3,4702.40,3,4702.50,3,Buy,63,36,99,27.00,27.00,-1.00,1.10,18.2,4701.40,4702.30,4701.20,4701.60,14,25,39,-11.00,2.00,-14.00,1.10,81.8,-33,81,0.2727,0.0000,10.00,38.00,4697.85,0.3950,UP,74.60,0.5228,1.6087
20260824 104534 218,4701.60,1,4701.30,4701.70,0.40,4701.30,2,4701.20,3,4701.10,3,4701.00,4,4700.90,3,4700.80,4,4700.70,5,4700.60,6,4700.50,5,4700.40,5,4701.70,2,4701.80,5,4701.90,2,4702.00,5,4702.10,4,4702.20,2,4702.30,3,4702.40,4,4702.50,3,4702.60,3,Buy,64,36,100,28.00,28.00,-1.00,1.10,18.2,4701.40,4702.30,4701.20,4701.60,14,25,39,-11.00,2.00,-14.00,1.10,81.8,-33,81,0.2727,0.0000,11.00,39.00,4697.85,0.3950,UP,74.60,0.5228,1.6087
20260824 104534 239,4701.60,1,4701.30,4701.70,0.40,4701.30,2,4701.20,3,4701.10,3,4701.00,4,4700.90,3,4700.80,4,4700.70,5,4700.60,6,4700.50,5,4700.40,5,4701.70,2,4701.80,5,4701.90,2,4702.00,5,4702.10,4,4702.20,2,4702.30,3,4702.40,4,4702.50,3,4702.60,3,Buy,65,36,101,29.00,29.00,-1.00,1.10,18.2,4701.40,4702.30,4701.20,4701.60,14,25,39,-11.00,2.00,-14.00,1.10,81.8,-33,81,0.2727,0.0000,12.00,40.00,4697.85,0.3950,UP,74.60,0.5228,1.6087
20260824 104534 260,4701.70,1,4701.30,4701.70,0.40,4701.30,2,4701.20,3,4701.10,3,4701.00,4,4700.90,3,4700.80,4,4700.70,5,4700.60,6,4700.50,5,4700.40,5,4701.70,2,4701.80,5,4701.90,2,4702.00,5,4702.10,4,4702.20,2,4702.30,3,4702.40,4,4702.50,3,4702.60,3,Buy,66,36,102,30.00,30.00,-1.00,1.10,27.3,4701.40,4702.30,4701.20,4701.70,14,25,39,-11.00,2.00,-14.00,1.10,81.8,-33,81,0.2727,0.0000,13.00,41.00,4697.86,0.3982,UP,74.60,0.5228,1.6087
20260824 104534 281,4701.70,1,4701.30,4701.60,0.30,4701.40,2,4701.30,2,4701.20,3,4701.10,2,4701.00,4,4700.90,3,4700.80,4,4700.70,5,4700.60,6,4700.50,5,4701.80,5,4701.90,2,4702.00,5,4702.10,4,4702.20,2,4702.30,3,4702.40,3,4702.50,3,4702.60,3,4702.70,4,Buy,67,36,103,31.00,31.00,-1.00,1.10,27.3,4701.40,4702.30,4701.20,4701.70,14,25,39,-11.00,2.00,-14.00,1.10,81.8,-33,81,0.2727,0.0000,14.00,42.00,4697.86,0.3982,UP,74.60,0.5228,1.6087
20260824 104534 301,4701.70,1,4701.30,4701.60,0.30,4701.40,2,4701.30,2,4701.20,3,4701.10,2,4701.00,4,4700.90,3,4700.80,4,4700.70,5,4700.60,6,4700.50,5,4701.80,5,4701.90,2,4702.00,5,4702.10,4,4702.20,2,4702.30,3,4702.40,3,4702.50,3,4702.60,3,4702.70,4,Buy,68,36,104,32.00,32.00,-1.00,1.10,27.3,4701.40,4702.30,4701.20,4701.70,14,25,39,-11.00,2.00,-14.00,1.10,81.8,-33,81,0.2727,0.0000,15.00,43.00,4697.86,0.3982,UP,74.60,0.5228,1.6087
20260824 104534 323,4701.70,1,4701.30,4701.60,0.30,4701.40,2,4701.30,2,4701.20,3,4701.10,2,4701.00,4,4700.90,3,4700.80,4,4700.70,5,4700.60,6,4700.50,5,4701.80,5,4701.90,2,4702.00,5,4702.10,4,4702.20,2,4702.30,3,4702.40,3,4702.50,3,4702.60,3,4702.70,4,Sell,68,37,105,31.00,32.00,-1.00,1.10,27.3,4701.40,4702.30,4701.20,4701.70,14,25,39,-11.00,2.00,-14.00,1.10,81.8,-33,81,0.2727,0.0323,14.00,42.00,4697.86,0.3982,UP,74.60,0.5228,1.6087
20260824 104534 335,4701.40,1,4701.30,4701.60,0.30,4701.40,2,4701.30,2,4701.20,3,4701.10,2,4701.00,4,4700.90,3,4700.80,4,4700.70,5,4700.60,6,4700.50,5,4701.80,5,4701.90,2,4702.00,5,4702.10,4,4702.20,2,4702.30,3,4702.40,3,4702.50,3,4702.60,3,4702.70,4,Sell,68,38,106,30.00,32.00,-1.00,1.10,0.0,4701.40,4702.30,4701.20,4701.40,14,25,39,-11.00,2.00,-14.00,1.10,81.8,-33,81,0.2727,0.0667,13.00,41.00,4697.83,0.3887,UP,74.60,0.5228,1.6087
20260824 104534 344,4701.60,1,4701.30,4701.60,0.30,4701.40,2,4701.30,2,4701.20,3,4701.10,2,4701.00,4,4700.90,3,4700.80,4,4700.70,5,4700.60,6,4700.50,5,4701.80,5,4701.90,2,4702.00,5,4702.10,4,4702.20,2,4702.30,3,4702.40,3,4702.50,3,4702.60,3,4702.70,4,Buy,69,38,107,31.00,32.00,-1.00,1.10,18.2,4701.40,4702.30,4701.20,4701.60,14,25,39,-11.00,2.00,-14.00,1.10,81.8,-33,81,0.2727,0.0323,14.00,42.00,4697.85,0.3950,UP,74.60,0.5228,1.6087
20260824 104534 364,4701.70,1,4701.30,4701.70,0.40,4701.30,1,4701.20,3,4701.10,3,4701.00,4,4700.90,3,4700.80,4,4700.70,5,4700.60,6,4700.50,5,4700.40,5,4701.70,2,4701.80,3,4701.90,3,4702.00,4,4702.10,4,4702.20,2,4702.30,3,4702.40,3,4702.50,3,4702.60,3,Buy,70,38,108,32.00,32.00,-1.00,1.10,27.3,4701.40,4702.30,4701.20,4701.70,14,25,39,-11.00,2.00,-14.00,1.10,81.8,-33,81,0.2727,0.0000,15.00,43.00,4697.86,0.3982,UP,74.60,0.5228,1.6087
20260824 104534 385,4701.70,1,4701.30,4701.70,0.40,4701.30,1,4701.20,3,4701.10,3,4701.00,4,4700.90,3,4700.80,4,4700.70,5,4700.60,6,4700.50,5,4700.40,5,4701.70,2,4701.80,3,4701.90,3,4702.00,4,4702.10,4,4702.20,2,4702.30,3,4702.40,3,4702.50,3,4702.60,3,Buy,71,38,109,33.00,33.00,-1.00,1.10,27.3,4701.40,4702.30,4701.20,4701.70,14,25,39,-11.00,2.00,-14.00,1.10,81.8,-33,81,0.2727,0.0000,16.00,44.00,4697.86,0.3982,UP,74.60,0.5228,1.6087
20260824 104534 863,4701.10,1,4701.00,4701.30,0.30,4701.00,2,4700.90,2,4700.80,3,4700.70,6,4700.60,5,4700.50,5,4700.40,4,4700.30,3,4700.20,5,4700.10,4,4701.30,1,4701.40,3,4701.50,3,4701.60,2,4701.70,2,4701.80,2,4701.90,4,4702.00,6,4702.10,3,4702.20,3,Sell,71,39,110,32.00,33.00,-1.00,1.20,25.0,4701.40,4702.30,4701.10,4701.10,14,25,39,-11.00,2.00,-14.00,1.10,81.8,-33,81,0.2727,0.0313,15.00,43.00,4697.80,0.3791,UP,74.60,0.5228,1.6158
20260824 104535 240,4701.20,1,4701.20,4701.50,0.30,4701.20,1,4701.10,3,4701.00,1,4700.90,4,4700.80,4,4700.70,5,4700.60,5,4700.50,5,4700.40,5,4700.30,3,4701.50,1,4701.60,2,4701.70,3,4701.80,2,4701.90,4,4702.00,5,4702.10,3,4702.20,2,4702.30,4,4702.40,4,Sell,71,40,111,31.00,33.00,-1.00,1.20,16.7,4701.40,4702.30,4701.10,4701.20,14,25,39,-11.00,2.00,-14.00,1.10,81.8,-33,81,0.2727,0.0645,14.00,42.00,4697.81,0.3823,UP,74.60,0.5228,1.6158
20260824 104539 050,4701.50,1,4701.50,4701.80,0.30,4701.50,1,4701.40,3,4701.30,1,4701.20,4,4701.10,4,4701.00,5,4700.90,2,4700.80,4,4700.70,6,4700.60,5,4701.80,3,4701.90,1,4702.00,6,4702.10,3,4702.20,2,4702.30,3,4702.40,2,4702.50,4,4702.60,3,4702.70,4,Sell,71,41,112,30.00,33.00,-1.00,1.20,8.3,4701.40,4702.30,4701.10,4701.50,14,25,39,-11.00,2.00,-14.00,1.10,81.8,-33,81,0.2727,0.1000,13.00,41.00,4697.84,0.3918,UP,74.60,0.5228,1.6158
20260824 104541 698,4701.60,1,4701.60,4701.90,0.30,4701.60,1,4701.50,2,4701.40,1,4701.30,2,4701.20,4,4701.10,5,4701.00,4,4700.90,2,4700.80,5,4700.70,6,4701.90,2,4702.00,2,4702.10,2,4702.20,3,4702.30,3,4702.40,3,4702.50,3,4702.60,2,4702.70,4,4702.80,6,Sell,71,42,113,29.00,33.00,-1.00,1.20,16.7,4701.40,4702.30,4701.10,4701.60,14,25,39,-11.00,2.00,-14.00,1.10,81.8,-33,81,0.2727,0.1379,12.00,40.00,4697.85,0.3950,UP,74.60,0.5228,1.6158
20260824 104541 939,4701.60,1,4701.40,4701.80,0.40,4701.40,2,4701.30,1,4701.20,4,4701.10,4,4701.00,5,4700.90,2,4700.80,4,4700.70,6,4700.60,5,4700.50,5,4701.80,3,4701.90,3,4702.00,3,4702.10,3,4702.20,2,4702.30,4,4702.40,5,4702.50,4,4702.60,3,4702.70,4,Sell,71,43,114,28.00,33.00,-1.00,1.20,16.7,4701.40,4702.30,4701.10,4701.60,14,25,39,-11.00,2.00,-14.00,1.10,81.8,-33,81,0.2727,0.1786,11.00,39.00,4697.85,0.3950,UP,74.60,0.5228,1.6158
20260824 104546 366,4701.30,1,4701.10,4701.40,0.30,4701.10,2,4701.00,1,4700.90,3,4700.80,5,4700.70,5,4700.60,5,4700.50,5,4700.40,5,4700.30,3,4700.20,5,4701.40,2,4701.50,5,4701.60,2,4701.70,2,4701.90,4,4702.00,2,4702.10,3,4702.20,4,4702.30,4,4702.40,5,Sell,71,44,115,27.00,33.00,-1.00,1.20,8.3,4701.40,4702.30,4701.10,4701.30,14,25,39,-11.00,2.00,-14.00,1.10,81.8,-33,81,0.2727,0.2222,10.00,38.00,4697.82,0.3855,UP,74.60,0.5228,1.6158
20260824 104552 217,4701.60,1,4701.30,4701.60,0.30,4701.30,3,4701.20,2,4701.10,3,4701.00,1,4700.90,3,4700.80,4,4700.70,5,4700.60,5,4700.50,5,4700.40,5,4701.70,2,4701.80,5,4701.90,3,4702.00,2,4702.10,3,4702.20,3,4702.30,3,4702.40,5,4702.50,4,4702.60,3,Buy,72,44,116,28.00,33.00,-1.00,1.20,16.7,4701.40,4702.30,4701.10,4701.60,14,25,39,-11.00,2.00,-14.00,1.10,81.8,-33,81,0.2727,0.1786,11.00,39.00,4697.85,0.3950,UP,74.60,0.5228,1.6158
20260824 104559 706,4701.30,2,4701.10,4701.40,0.30,4701.10,2,4701.00,2,4700.90,3,4700.80,5,4700.70,5,4700.60,5,4700.50,5,4700.40,5,4700.30,3,4700.20,5,4701.40,1,4701.50,4,4701.60,4,4701.80,3,4701.90,4,4702.00,3,4702.10,3,4702.20,4,4702.30,4,4702.40,4,Sell,72,46,118,26.00,33.00,-1.00,1.20,8.3,4701.40,4702.30,4701.10,4701.30,14,25,39,-11.00,2.00,-14.00,1.10,81.8,-33,81,0.2727,0.2692,9.00,37.00,4697.82,0.3855,UP,74.60,0.5228,1.6158
20260824 104611 685,4701.20,1,4701.20,4701.40,0.20,4701.10,2,4701.00,2,4700.90,3,4700.80,4,4700.70,5,4700.60,6,4700.50,5,4700.40,5,4700.30,3,4700.20,6,4701.40,1,4701.50,1,4701.60,1,4701.70,1,4701.80,2,4701.90,3,4702.00,3,4702.10,2,4702.20,5,4702.30,5,Sell,0,1,1,-1.00,-1.00,-1.00,0.00,0.0,4701.20,4701.20,4701.20,4701.20,72,46,118,26.00,33.00,-1.00,1.20,8.3,-12,15,0.2692,0.0000,-41.00,11.00,4697.81,0.3823,UP,73.65,1.6022,1.5075
20260824 104614 724,4701.20,1,4701.30,4701.60,0.30,4701.30,1,4701.20,1,4701.10,3,4701.00,4,4700.90,3,4700.80,4,4700.70,5,4700.60,5,4700.50,5,4700.40,6,4701.60,2,4701.80,3,4701.90,1,4702.00,4,4702.10,2,4702.20,4,4702.30,5,4702.40,3,4702.50,4,4702.60,3,Sell,0,2,2,-2.00,-1.00,-2.00,0.00,0.0,4701.20,4701.20,4701.20,4701.20,72,46,118,26.00,33.00,-1.00,1.20,8.3,-12,15,0.2692,0.0000,-42.00,10.00,4697.81,0.3823,UP,73.65,1.6022,1.5075
20260824 104614 724,4701.10,1,4701.30,4701.60,0.30,4701.30,1,4701.20,1,4701.10,3,4701.00,4,4700.90,3,4700.80,4,4700.70,5,4700.60,5,4700.50,5,4700.40,6,4701.60,2,4701.80,3,4701.90,1,4702.00,4,4702.10,2,4702.20,4,4702.30,5,4702.40,3,4702.50,4,4702.60,3,Sell,0,3,3,-3.00,-1.00,-3.00,0.10,100.0,4701.20,4701.20,4701.10,4701.10,72,46,118,26.00,33.00,-1.00,1.20,8.3,-12,15,0.2692,0.0000,-43.00,9.00,4697.80,0.3791,UP,73.65,1.6022,1.5147
20260824 104614 724,4701.10,1,4701.30,4701.60,0.30,4701.30,1,4701.20,1,4701.10,3,4701.00,4,4700.90,3,4700.80,4,4700.70,5,4700.60,5,4700.50,5,4700.40,6,4701.60,2,4701.80,3,4701.90,1,4702.00,4,4702.10,2,4702.20,4,4702.30,5,4702.40,3,4702.50,4,4702.60,3,Sell,0,4,4,-4.00,-1.00,-4.00,0.10,100.0,4701.20,4701.20,4701.10,4701.10,72,46,118,26.00,33.00,-1.00,1.20,8.3,-12,15,0.2692,0.0000,-44.00,8.00,4697.80,0.3791,UP,73.65,1.6022,1.5147
20260824 104614 724,4701.10,1,4701.30,4701.60,0.30,4701.30,1,4701.20,1,4701.10,3,4701.00,4,4700.90,3,4700.80,4,4700.70,5,4700.60,5,4700.50,5,4700.40,6,4701.60,2,4701.80,3,4701.90,1,4702.00,4,4702.10,2,4702.20,4,4702.30,5,4702.40,3,4702.50,4,4702.60,3,Sell,0,5,5,-5.00,-1.00,-5.00,0.10,100.0,4701.20,4701.20,4701.10,4701.10,72,46,118,26.00,33.00,-1.00,1.20,8.3,-12,15,0.2692,0.0000,-45.00,7.00,4697.80,0.3791,UP,73.65,1.6022,1.5147
20260824 104614 726,4701.10,1,4701.30,4701.60,0.30,4701.30,1,4701.20,1,4701.10,3,4701.00,4,4700.90,3,4700.80,4,4700.70,5,4700.60,5,4700.50,5,4700.40,6,4701.60,2,4701.80,3,4701.90,1,4702.00,4,4702.10,2,4702.20,4,4702.30,5,4702.40,3,4702.50,4,4702.60,3,Buy,1,5,6,-4.00,-1.00,-5.00,0.10,100.0,4701.20,4701.20,4701.10,4701.10,72,46,118,26.00,33.00,-1.00,1.20,8.3,-12,15,0.2692,0.2500,-44.00,8.00,4697.80,0.3791,UP,73.65,1.6022,1.5147
20260824 104614 728,4701.10,1,4701.30,4701.60,0.30,4701.30,1,4701.20,1,4701.10,3,4701.00,4,4700.90,3,4700.80,4,4700.70,5,4700.60,5,4700.50,5,4700.40,6,4701.60,2,4701.80,3,4701.90,1,4702.00,4,4702.10,2,4702.20,4,4702.30,5,4702.40,3,4702.50,4,4702.60,3,Sell,1,6,7,-5.00,-1.00,-5.00,0.10,100.0,4701.20,4701.20,4701.10,4701.10,72,46,118,26.00,33.00,-1.00,1.20,8.3,-12,15,0.2692,0.0000,-45.00,7.00,4697.80,0.3791,UP,73.65,1.6022,1.5147
20260824 104614 730,4701.30,1,4701.30,4701.60,0.30,4701.30,1,4701.20,1,4701.10,3,4701.00,4,4700.90,3,4700.80,4,4700.70,5,4700.60,5,4700.50,5,4700.40,6,4701.60,2,4701.80,3,4701.90,1,4702.00,4,4702.10,2,4702.20,4,4702.30,5,4702.40,3,4702.50,4,4702.60,3,Buy,2,6,8,-4.00,-1.00,-5.00,0.20,50.0,4701.20,4701.30,4701.10,4701.30,72,46,118,26.00,33.00,-1.00,1.20,8.3,-12,15,0.2692,0.2500,-44.00,8.00,4697.82,0.3855,UP,73.65,1.6022,1.5147
20260824 104620 975,4701.60,1,4701.90,4702.10,0.20,4701.90,1,4701.80,1,4701.70,4,4701.60,3,4701.50,3,4701.40,4,4701.30,3,4701.20,2,4701.10,4,4701.00,4,4702.10,1,4702.20,3,4702.30,2,4702.40,2,4702.50,2,4702.60,3,4702.70,4,4702.80,4,4702.90,2,4703.00,5,Buy,3,6,9,-3.00,-1.00,-5.00,0.50,80.0,4701.20,4701.60,4701.10,4701.60,72,46,118,26.00,33.00,-1.00,1.20,8.3,-12,15,0.2692,0.6667,-43.00,9.00,4697.85,0.3950,UP,73.65,1.6022,1.5361
20260824 104620 979,4701.70,1,4701.90,4702.10,0.20,4701.90,1,4701.80,1,4701.70,4,4701.60,3,4701.50,3,4701.40,4,4701.30,3,4701.20,2,4701.10,4,4701.00,4,4702.10,1,4702.20,3,4702.30,2,4702.40,2,4702.50,2,4702.60,3,4702.70,4,4702.80,4,4702.90,2,4703.00,5,Buy,4,6,10,-2.00,-1.00,-5.00,0.60,83.3,4701.20,4701.70,4701.10,4701.70,72,46,118,26.00,33.00,-1.00,1.20,8.3,-12,15,0.2692,1.5000,-42.00,10.00,4697.86,0.3982,UP,73.65,1.6022,1.5433
20260824 104620 995,4702.00,1,4701.90,4702.10,0.20,4701.90,1,4701.80,1,4701.70,4,4701.60,3,4701.50,3,4701.40,4,4701.30,3,4701.20,2,4701.10,4,4701.00,4,4702.10,1,4702.20,3,4702.30,2,4702.40,2,4702.50,2,4702.60,3,4702.70,4,4702.80,4,4702.90,2,4703.00,5,Buy,5,6,11,-1.00,-1.00,-5.00,0.90,88.9,4701.20,4702.00,4701.10,4702.00,72,46,118,26.00,33.00,-1.00,1.20,8.3,-12,15,0.2692,4.0000,-41.00,11.00,4697.88,0.4077,UP,73.65,1.6022,1.5647
20260824 104620 995,4702.00,1,4701.90,4702.10,0.20,4701.90,1,4701.80,1,4701.70,4,4701.60,3,4701.50,3,4701.40,4,4701.30,3,4701.20,2,4701.10,4,4701.00,4,4702.10,1,4702.20,3,4702.30,2,4702.40,2,4702.50,2,4702.60,3,4702.70,4,4702.80,4,4702.90,2,4703.00,5,Buy,6,6,12,0.00,0.00,-5.00,0.90,88.9,4701.20,4702.00,4701.10,4702.00,72,46,118,26.00,33.00,-1.00,1.20,8.3,-12,15,0.2692,0.0000,-40.00,12.00,4697.88,0.4077,UP,73.65,1.6022,1.5647
20260824 104621 268,4701.90,1,4701.70,4702.00,0.30,4701.70,3,4701.60,3,4701.50,3,4701.40,4,4701.30,3,4701.20,3,4701.10,4,4701.00,4,4700.90,4,4700.80,5,4702.00,1,4702.10,1,4702.20,3,4702.30,2,4702.40,2,4702.50,2,4702.60,3,4702.70,4,4702.80,4,4702.90,2,Sell,6,7,13,-1.00,0.00,-5.00,0.90,77.8,4701.20,4702.00,4701.10,4701.90,72,46,118,26.00,33.00,-1.00,1.20,8.3,-12,15,0.2692,4.0000,-41.00,11.00,4697.87,0.4045,UP,73.65,1.6022,1.5647
20260824 104622 842,4701.80,1,4701.60,4702.00,0.40,4701.60,2,4701.50,2,4701.40,2,4701.30,2,4701.20,3,4701.10,4,4701.00,4,4700.90,4,4700.80,5,4700.70,5,4702.00,2,4702.10,3,4702.20,3,4702.30,2,4702.40,3,4702.50,3,4702.60,3,4702.70,4,4702.80,4,4702.90,3,Buy,7,7,14,0.00,0.00,-5.00,0.90,66.7,4701.20,4702.00,4701.10,4701.80,72,46,118,26.00,33.00,-1.00,1.20,8.3,-12,15,0.2692,0.0000,-40.00,12.00,4697.86,0.4014,UP,73.65,1.6022,1.5647
20260824 104625 241,4701.70,1,4701.60,4701.90,0.30,4701.60,1,4701.50,3,4701.40,2,4701.30,3,4701.20,2,4701.10,4,4701.00,4,4700.90,4,4700.80,6,4700.70,5,4701.90,1,4702.00,2,4702.10,3,4702.20,3,4702.30,3,4702.40,3,4702.50,3,4702.60,3,4702.70,4,4702.80,4,Sell,7,8,15,-1.00,0.00,-5.00,0.90,55.6,4701.20,4702.00,4701.10,4701.70,72,46,118,26.00,33.00,-1.00,1.20,8.3,-12,15,0.2692,4.0000,-41.00,11.00,4697.86,0.3982,UP,73.65,1.6022,1.5647
20260824 104636 382,4701.30,1,4701.00,4701.20,0.20,4701.00,1,4700.80,5,4700.70,5,4700.60,6,4700.50,5,4700.40,4,4700.30,3,4700.20,5,4700.10,4,4700.00,7,4701.20,1,4701.30,2,4701.40,4,4701.50,2,4701.60,1,4701.70,1,4701.80,3,4701.90,2,4702.00,4,4702.10,5,Sell,7,9,16,-2.00,0.00,-5.00,0.90,11.1,4701.20,4702.00,4701.10,4701.30,72,46,118,26.00,33.00,-1.00,1.20,8.3,-12,15,0.2692,1.5000,-42.00,10.00,4697.82,0.3855,UP,73.65,1.6022,1.5647
20260824 104642 954,4701.40,1,4701.00,4701.40,0.40,4701.00,2,4700.90,1,4700.80,5,4700.70,5,4700.60,5,4700.50,5,4700.40,4,4700.30,3,4700.20,5,4700.10,4,4701.40,2,4701.50,4,4701.60,3,4701.70,1,4701.80,3,4701.90,2,4702.00,3,4702.10,4,4702.20,5,4702.30,6,Buy,8,9,17,-1.00,0.00,-5.00,0.90,22.2,4701.20,4702.00,4701.10,4701.40,72,46,118,26.00,33.00,-1.00,1.20,8.3,-12,15,0.2692,4.0000,-41.00,11.00,4697.83,0.3887,UP,73.65,1.6022,1.5647
20260824 104642 960,4701.30,1,4701.00,4701.40,0.40,4701.00,2,4700.90,1,4700.80,5,4700.70,5,4700.60,5,4700.50,5,4700.40,4,4700.30,3,4700.20,5,4700.10,4,4701.40,2,4701.50,4,4701.60,3,4701.70,1,4701.80,3,4701.90,2,4702.00,3,4702.10,4,4702.20,5,4702.30,6,Sell,8,10,18,-2.00,0.00,-5.00,0.90,11.1,4701.20,4702.00,4701.10,4701.30,72,46,118,26.00,33.00,-1.00,1.20,8.3,-12,15,0.2692,1.5000,-42.00,10.00,4697.82,0.3855,UP,73.65,1.6022,1.5647
20260824 104643 686,4701.10,1,4701.10,4701.50,0.40,4701.00,3,4700.90,1,4700.80,5,4700.70,5,4700.60,5,4700.50,6,4700.40,4,4700.30,3,4700.20,5,4700.10,4,4701.40,2,4701.50,4,4701.60,3,4701.70,1,4701.80,3,4701.90,2,4702.00,3,4702.10,4,4702.20,5,4702.30,6,Sell,8,11,19,-3.00,0.00,-5.00,0.90,11.1,4701.20,4702.00,4701.10,4701.10,72,46,118,26.00,33.00,-1.00,1.20,8.3,-12,15,0.2692,0.6667,-43.00,9.00,4697.80,0.3791,UP,73.65,1.6022,1.5647
20260824 104648 702,4701.20,1,4701.20,4701.40,0.20,4701.20,1,4701.10,2,4701.00,2,4700.90,2,4700.80,4,4700.70,6,4700.60,5,4700.50,5,4700.40,5,4700.30,3,4701.40,1,4701.50,1,4701.60,4,4701.70,1,4701.80,3,4701.90,2,4702.00,2,4702.10,3,4702.20,6,4702.30,5,Sell,8,12,20,-4.00,0.00,-5.00,0.90,0.0,4701.20,4702.00,4701.10,4701.20,72,46,118,26.00,33.00,-1.00,1.20,8.3,-12,15,0.2692,0.2500,-44.00,8.00,4697.81,0.3823,UP,73.65,1.6022,1.5647
20260824 104651 023,4701.20,1,4701.10,4701.20,0.10,4701.00,2,4700.80,5,4700.70,5,4700.60,6,4700.50,5,4700.40,4,4700.30,3,4700.20,5,4700.10,4,4700.00,7,4701.20,1,4701.40,2,4701.50,2,4701.60,3,4701.70,1,4701.80,2,4701.90,2,4702.00,3,4702.10,4,4702.20,6,Buy,9,12,21,-3.00,0.00,-5.00,0.90,0.0,4701.20,4702.00,4701.10,4701.20,72,46,118,26.00,33.00,-1.00,1.20,8.3,-12,15,0.2692,0.6667,-43.00,9.00,4697.81,0.3823,UP,73.65,1.6022,1.5647
20260824 104653 227,4701.10,1,4701.00,4701.30,0.30,4701.00,2,4700.90,1,4700.80,3,4700.70,4,4700.60,6,4700.50,5,4700.40,4,4700.30,3,4700.20,5,4700.10,4,4701.30,1,4701.40,1,4701.50,1,4701.60,4,4701.70,1,4701.80,3,4701.90,4,4702.00,4,4702.10,4,4702.20,7,Sell,9,13,22,-4.00,0.00,-5.00,0.90,11.1,4701.20,4702.00,4701.10,4701.10,72,46,118,26.00,33.00,-1.00,1.20,8.3,-12,15,0.2692,0.2500,-44.00,8.00,4697.80,0.3791,UP,73.65,1.6022,1.5647
20260824 104654 321,4701.00,1,4701.00,4701.20,0.20,4701.00,2,4700.90,1,4700.80,3,4700.70,4,4700.60,6,4700.50,5,4700.40,4,4700.30,3,4700.20,5,4700.10,4,4701.20,3,4701.30,2,4701.40,1,4701.50,1,4701.60,3,4701.70,1,4701.80,3,4701.90,4,4702.00,4,4702.10,4,Sell,9,14,23,-5.00,0.00,-5.00,1.00,20.0,4701.20,4702.00,4701.00,4701.00,72,46,118,26.00,33.00,-1.00,1.20,8.3,-12,15,0.2692,0.0000,-45.00,7.00,4697.79,0.3760,UP,73.65,1.6022,1.5718
20260824 104654 321,4701.00,1,4701.00,4701.20,0.20,4701.00,2,4700.90,1,4700.80,3,4700.70,4,4700.60,6,4700.50,5,4700.40,4,4700.30,3,4700.20,5,4700.10,4,4701.20,3,4701.30,2,4701.40,1,4701.50,1,4701.60,3,4701.70,1,4701.80,3,4701.90,4,4702.00,4,4702.10,4,Sell,9,15,24,-6.00,0.00,-6.00,1.00,20.0,4701.20,4702.00,4701.00,4701.00,72,46,118,26.00,33.00,-1.00,1.20,8.3,-12,15,0.2692,0.0000,-46.00,6.00,4697.79,0.3760,UP,73.65,1.6022,1.5718
20260824 104655 222,4701.10,1,4701.10,4701.40,0.30,4701.10,1,4701.00,1,4700.90,3,4700.80,1,4700.70,5,4700.60,5,4700.50,5,4700.40,5,4700.30,3,4700.20,5,4701.40,1,4701.50,2,4701.60,4,4701.70,1,4701.80,2,4701.90,3,4702.00,2,4702.10,4,4702.20,6,4702.30,5,Sell,9,16,25,-7.00,0.00,-7.00,1.00,10.0,4701.20,4702.00,4701.00,4701.10,72,46,118,26.00,33.00,-1.00,1.20,8.3,-12,15,0.2692,0.0000,-47.00,5.00,4697.80,0.3791,UP,73.65,1.6022,1.5718
20260824 104657 102,4701.20,1,4701.20,4701.40,0.20,4701.20,1,4701.10,1,4701.00,1,4700.90,4,4700.80,2,4700.70,5,4700.60,5,4700.50,5,4700.40,6,4700.30,3,4701.40,2,4701.50,3,4701.60,3,4701.70,1,4701.80,1,4701.90,3,4702.00,2,4702.10,3,4702.20,6,4702.30,5,Sell,9,17,26,-8.00,0.00,-8.00,1.00,0.0,4701.20,4702.00,4701.00,4701.20,72,46,118,26.00,33.00,-1.00,1.20,8.3,-12,15,0.2692,0.0000,-48.00,4.00,4697.81,0.3823,UP,73.65,1.6022,1.5718
20260824 104657 359,4701.10,1,4700.90,4701.30,0.40,4700.90,2,4700.80,1,4700.70,5,4700.60,6,4700.50,5,4700.40,5,4700.30,3,4700.20,5,4700.10,4,4700.00,7,4701.30,2,4701.40,1,4701.50,2,4701.60,3,4701.70,1,4701.80,2,4701.90,3,4702.00,3,4702.10,4,4702.20,6,Buy,10,17,27,-7.00,0.00,-8.00,1.00,10.0,4701.20,4702.00,4701.00,4701.10,72,46,118,26.00,33.00,-1.00,1.20,8.3,-12,15,0.2692,0.1429,-47.00,5.00,4697.80,0.3791,UP,73.65,1.6022,1.5718
20260824 104658 483,4701.00,1,4701.00,4701.20,0.20,4700.80,2,4700.70,3,4700.60,4,4700.50,6,4700.40,5,4700.30,3,4700.20,5,4700.10,4,4700.00,7,4699.90,6,4701.20,2,4701.40,1,4701.50,2,4701.60,4,4701.70,2,4701.80,2,4701.90,3,4702.00,4,4702.10,5,4702.20,6,Sell,10,18,28,-8.00,0.00,-8.00,1.00,20.0,4701.20,4702.00,4701.00,4701.00,72,46,118,26.00,33.00,-1.00,1.20,8.3,-12,15,0.2692,0.0000,-48.00,4.00,4697.79,0.3760,UP,73.65,1.6022,1.5718
20260824 104707 843,4700.90,1,4700.90,4701.20,0.30,4700.90,1,4700.80,2,4700.70,1,4700.60,7,4700.50,6,4700.40,5,4700.30,4,4700.20,5,4700.10,4,4700.00,7,4701.20,1,4701.30,3,4701.40,3,4701.60,6,4701.70,3,4701.80,3,4701.90,4,4702.00,5,4702.10,4,4702.20,6,Sell,0,1,1,-1.00,-1.00,-1.00,0.00,0.0,4700.90,4700.90,4700.90,4700.90,10,18,28,-8.00,0.00,-8.00,1.00,20.0,-18,36,0.0000,0.0000,6.00,21.00,4697.78,0.3728,UP,72.85,0.3844,1.4667
20260824 104707 843,4700.80,1,4700.90,4701.20,0.30,4700.90,1,4700.80,2,4700.70,1,4700.60,7,4700.50,6,4700.40,5,4700.30,4,4700.20,5,4700.10,4,4700.00,7,4701.20,1,4701.30,3,4701.40,3,4701.60,6,4701.70,3,4701.80,3,4701.90,4,4702.00,5,4702.10,4,4702.20,6,Sell,0,2,2,-2.00,-1.00,-2.00,0.10,100.0,4700.90,4700.90,4700.80,4700.80,10,18,28,-8.00,0.00,-8.00,1.00,20.0,-18,36,0.0000,0.0000,5.00,20.00,4697.77,0.3696,UP,72.85,0.3844,1.4738
20260824 104708 310,4701.00,1,4700.90,4701.20,0.30,4700.90,1,4700.80,1,4700.70,1,4700.60,7,4700.50,5,4700.40,5,4700.30,4,4700.20,5,4700.10,4,4700.00,7,4701.20,1,4701.30,2,4701.40,2,4701.50,1,4701.60,5,4701.70,3,4701.80,3,4701.90,4,4702.00,4,4702.10,4,Buy,1,2,3,-1.00,-1.00,-2.00,0.20,50.0,4700.90,4701.00,4700.80,4701.00,10,18,28,-8.00,0.00,-8.00,1.00,20.0,-18,36,0.0000,1.0000,6.00,21.00,4697.79,0.3760,UP,72.85,0.3844,1.4738
20260824 104708 792,4701.20,1,4701.00,4701.30,0.30,4701.00,1,4700.90,2,4700.80,2,4700.70,3,4700.60,7,4700.50,5,4700.40,5,4700.30,4,4700.20,5,4700.10,4,4701.30,3,4701.40,1,4701.50,1,4701.60,4,4701.70,4,4701.80,3,4701.90,4,4702.00,4,4702.10,4,4702.20,6,Buy,2,2,4,0.00,0.00,-2.00,0.40,75.0,4700.90,4701.20,4700.80,4701.20,10,18,28,-8.00,0.00,-8.00,1.00,20.0,-18,36,0.0000,0.0000,7.00,22.00,4697.81,0.3823,UP,72.85,0.3844,1.4881
20260824 104709 951,4700.90,1,4700.70,4701.00,0.30,4700.70,1,4700.60,1,4700.50,6,4700.40,6,4700.30,4,4700.20,5,4700.10,4,4700.00,7,4699.90,6,4699.80,4,4701.00,2,4701.10,2,4701.20,3,4701.30,1,4701.40,2,4701.50,2,4701.60,4,4701.70,2,4701.80,3,4701.90,4,Buy,3,2,5,1.00,1.00,-2.00,0.40,0.0,4700.90,4701.20,4700.80,4700.90,10,18,28,-8.00,0.00,-8.00,1.00,20.0,-18,36,0.0000,0.0000,8.00,23.00,4697.78,0.3728,UP,72.85,0.3844,1.4881
20260824 104713 327,4700.60,1,4700.60,4700.90,0.30,4700.50,5,4700.40,5,4700.30,3,4700.20,5,4700.10,4,4700.00,6,4699.90,6,4699.80,4,4699.70,5,4699.60,7,4700.80,1,4700.90,2,4701.00,2,4701.10,2,4701.20,2,4701.30,1,4701.40,2,4701.50,2,4701.60,5,4701.70,2,Sell,3,3,6,0.00,1.00,-2.00,0.60,50.0,4700.90,4701.20,4700.60,4700.60,10,18,28,-8.00,0.00,-8.00,1.00,20.0,-18,36,0.0000,1.0000,7.00,22.00,4697.75,0.3633,UP,72.85,0.3844,1.5024
20260824 104714 946,4700.50,1,4700.40,4700.80,0.40,4700.40,2,4700.30,4,4700.20,4,4700.10,3,4700.00,6,4699.90,6,4699.80,4,4699.70,5,4699.60,7,4699.50,3,4700.80,3,4700.90,1,4701.00,2,4701.10,2,4701.20,2,4701.30,3,4701.40,3,4701.50,3,4701.60,7,4701.70,3,Sell,3,4,7,-1.00,1.00,-2.00,0.70,57.1,4700.90,4701.20,4700.50,4700.50,10,18,28,-8.00,0.00,-8.00,1.00,20.0,-18,36,0.0000,1.0000,6.00,21.00,4697.74,0.3601,UP,72.85,0.3844,1.5096
20260824 104716 243,4700.50,1,4700.00,4700.20,0.20,4700.00,4,4699.90,3,4699.80,4,4699.70,6,4699.60,4,4699.50,3,4699.40,4,4699.30,5,4699.20,7,4699.10,6,4700.20,1,4700.30,2,4700.40,1,4700.50,25,4700.60,2,4700.70,3,4700.80,1,4700.90,3,4701.00,2,4701.10,4,Sell,3,5,8,-2.00,1.00,-2.00,0.70,57.1,4700.90,4701.20,4700.50,4700.50,10,18,28,-8.00,0.00,-8.00,1.00,20.0,-18,36,0.0000,0.0000,5.00,20.00,4697.74,0.3601,UP,72.85,0.3844,1.5096
20260824 104716 245,4700.40,1,4700.00,4700.20,0.20,4700.00,4,4699.90,3,4699.80,4,4699.70,6,4699.60,4,4699.50,3,4699.40,4,4699.30,5,4699.20,7,4699.10,6,4700.20,1,4700.30,2,4700.40,1,4700.50,25,4700.60,2,4700.70,3,4700.80,1,4700.90,3,4701.00,2,4701.10,4,Sell,3,6,9,-3.00,1.00,-3.00,0.80,62.5,4700.90,4701.20,4700.40,4700.40,10,18,28,-8.00,0.00,-8.00,1.00,20.0,-18,36,0.0000,0.0000,4.00,19.00,4697.73,0.3569,UP,72.85,0.3844,1.5167
20260824 104716 246,4700.30,1,4700.00,4700.20,0.20,4700.00,4,4699.90,3,4699.80,4,4699.70,6,4699.60,4,4699.50,3,4699.40,4,4699.30,5,4699.20,7,4699.10,6,4700.20,1,4700.30,2,4700.40,1,4700.50,25,4700.60,2,4700.70,3,4700.80,1,4700.90,3,4701.00,2,4701.10,4,Sell,3,7,10,-4.00,1.00,-4.00,0.90,66.7,4700.90,4701.20,4700.30,4700.30,10,18,28,-8.00,0.00,-8.00,1.00,20.0,-18,36,0.0000,0.0000,3.00,18.00,4697.72,0.3537,UP,72.85,0.3844,1.5238
20260824 104716 246,4700.30,1,4700.00,4700.20,0.20,4700.00,4,4699.90,3,4699.80,4,4699.70,6,4699.60,4,4699.50,3,4699.40,4,4699.30,5,4699.20,7,4699.10,6,4700.20,1,4700.30,2,4700.40,1,4700.50,25,4700.60,2,4700.70,3,4700.80,1,4700.90,3,4701.00,2,4701.10,4,Sell,3,8,11,-5.00,1.00,-5.00,0.90,66.7,4700.90,4701.20,4700.30,4700.30,10,18,28,-8.00,0.00,-8.00,1.00,20.0,-18,36,0.0000,0.0000,2.00,17.00,4697.72,0.3537,UP,72.85,0.3844,1.5238
20260824 104716 246,4700.30,1,4700.00,4700.20,0.20,4700.00,4,4699.90,3,4699.80,4,4699.70,6,4699.60,4,4699.50,3,4699.40,4,4699.30,5,4699.20,7,4699.10,6,4700.20,1,4700.30,2,4700.40,1,4700.50,25,4700.60,2,4700.70,3,4700.80,1,4700.90,3,4701.00,2,4701.10,4,Sell,3,9,12,-6.00,1.00,-6.00,0.90,66.7,4700.90,4701.20,4700.30,4700.30,10,18,28,-8.00,0.00,-8.00,1.00,20.0,-18,36,0.0000,0.0000,1.00,16.00,4697.72,0.3537,UP,72.85,0.3844,1.5238
20260824 104716 246,4700.50,1,4700.00,4700.20,0.20,4700.00,4,4699.90,3,4699.80,4,4699.70,6,4699.60,4,4699.50,3,4699.40,4,4699.30,5,4699.20,7,4699.10,6,4700.20,1,4700.30,2,4700.40,1,4700.50,25,4700.60,2,4700.70,3,4700.80,1,4700.90,3,4701.00,2,4701.10,4,Buy,4,9,13,-5.00,1.00,-6.00,0.90,44.4,4700.90,4701.20,4700.30,4700.50,10,18,28,-8.00,0.00,-8.00,1.00,20.0,-18,36,0.0000,0.2000,2.00,17.00,4697.74,0.3601,UP,72.85,0.3844,1.5238
20260824 104716 366,4700.00,1,4699.70,4700.00,0.30,4699.70,1,4699.60,2,4699.50,2,4699.40,5,4699.30,4,4699.20,6,4699.10,4,4699.00,4,4698.90,4,4698.80,5,4700.00,1,4700.10,7,4700.20,4,4700.30,1,4700.40,2,4700.50,25,4700.60,3,4700.70,6,4700.80,4,4700.90,3,Sell,4,10,14,-6.00,1.00,-6.00,1.20,75.0,4700.90,4701.20,4700.00,4700.00,10,18,28,-8.00,0.00,-8.00,1.00,20.0,-18,36,0.0000,0.0000,1.00,16.00,4697.69,0.3442,UP,72.85,0.3844,1.5453
20260824 104716 366,4700.00,1,4699.70,4700.00,0.30,4699.70,1,4699.60,2,4699.50,2,4699.40,5,4699.30,4,4699.20,6,4699.10,4,4699.00,4,4698.90,4,4698.80,5,4700.00,1,4700.10,7,4700.20,4,4700.30,1,4700.40,2,4700.50,25,4700.60,3,4700.70,6,4700.80,4,4700.90,3,Sell,4,11,15,-7.00,1.00,-7.00,1.20,75.0,4700.90,4701.20,4700.00,4700.00,10,18,28,-8.00,0.00,-8.00,1.00,20.0,-18,36,0.0000,0.0000,0.00,15.00,4697.69,0.3442,UP,72.85,0.3844,1.5453
20260824 104716 366,4700.00,1,4699.70,4700.00,0.30,4699.70,1,4699.60,2,4699.50,2,4699.40,5,4699.30,4,4699.20,6,4699.10,4,4699.00,4,4698.90,4,4698.80,5,4700.00,1,4700.10,7,4700.20,4,4700.30,1,4700.40,2,4700.50,25,4700.60,3,4700.70,6,4700.80,4,4700.90,3,Sell,4,12,16,-8.00,1.00,-8.00,1.20,75.0,4700.90,4701.20,4700.00,4700.00,10,18,28,-8.00,0.00,-8.00,1.00,20.0,-18,36,0.0000,0.0000,-1.00,14.00,4697.69,0.3442,UP,72.85,0.3844,1.5453
20260824 104716 366,4699.90,1,4699.70,4700.00,0.30,4699.70,1,4699.60,2,4699.50,2,4699.40,5,4699.30,4,4699.20,6,4699.10,4,4699.00,4,4698.90,4,4698.80,5,4700.00,1,4700.10,7,4700.20,4,4700.30,1,4700.40,2,4700.50,25,4700.60,3,4700.70,6,4700.80,4,4700.90,3,Sell,4,13,17,-9.00,1.00,-9.00,1.30,76.9,4700.90,4701.20,4699.90,4699.90,10,18,28,-8.00,0.00,-8.00,1.00,20.0,-18,36,0.0000,0.0000,-2.00,13.00,4697.68,0.3410,UP,72.85,0.3844,1.5524
20260824 104716 366,4699.90,1,4699.70,4700.00,0.30,4699.70,1,4699.60,2,4699.50,2,4699.40,5,4699.30,4,4699.20,6,4699.10,4,4699.00,4,4698.90,4,4698.80,5,4700.00,1,4700.10,7,4700.20,4,4700.30,1,4700.40,2,4700.50,25,4700.60,3,4700.70,6,4700.80,4,4700.90,3,Sell,4,14,18,-10.00,1.00,-10.00,1.30,76.9,4700.90,4701.20,4699.90,4699.90,10,18,28,-8.00,0.00,-8.00,1.00,20.0,-18,36,0.0000,0.0000,-3.00,12.00,4697.68,0.3410,UP,72.85,0.3844,1.5524
20260824 104716 580,4699.90,1,4699.70,4699.90,0.20,4699.70,1,4699.60,1,4699.50,6,4699.40,5,4699.30,3,4699.20,6,4699.10,4,4699.00,4,4698.90,4,4698.80,4,4699.90,1,4700.00,1,4700.10,5,4700.20,3,4700.30,2,4700.40,1,4700.50,26,4700.60,3,4700.70,6,4700.80,4,Buy,5,14,19,-9.00,1.00,-10.00,1.30,76.9,4700.90,4701.20,4699.90,4699.90,10,18,28,-8.00,0.00,-8.00,1.00,20.0,-18,36,0.0000,0.1111,-2.00,13.00,4697.68,0.3410,UP,72.85,0.3844,1.5524
20260824 104716 741,4699.90,1,4699.80,4700.10,0.30,4699.80,2,4699.70,1,4699.60,1,4699.50,6,4699.40,6,4699.30,4,4699.20,6,4699.10,4,4699.00,4,4698.90,4,4700.10,2,4700.20,2,4700.30,2,4700.40,1,4700.50,25,4700.60,2,4700.70,5,4700.80,3,4700.90,3,4701.00,2,Buy,6,14,20,-8.00,1.00,-10.00,1.30,76.9,4700.90,4701.20,4699.90,4699.90,10,18,28,-8.00,0.00,-8.00,1.00,20.0,-18,36,0.0000,0.2500,-1.00,14.00,4697.68,0.3410,UP,72.85,0.3844,1.5524
20260824 104716 749,4699.90,1,4699.80,4700.10,0.30,4699.80,2,4699.70,1,4699.60,1,4699.50,6,4699.40,6,4699.30,4,4699.20,6,4699.10,4,4699.00,4,4698.90,4,4700.10,2,4700.20,2,4700.30,2,4700.40,1,4700.50,25,4700.60,2,4700.70,5,4700.80,3,4700.90,3,4701.00,2,Buy,7,14,21,-7.00,1.00,-10.00,1.30,76.9,4700.90,4701.20,4699.90,4699.90,10,18,28,-8.00,0.00,-8.00,1.00,20.0,-18,36,0.0000,0.4286,0.00,15.00,4697.68,0.3410,UP,72.85,0.3844,1.5524
20260824 104717 771,4699.90,1,4699.90,4700.20,0.30,4699.90,1,4699.80,1,4699.70,1,4699.60,3,4699.50,5,4699.40,5,4699.30,5,4699.20,7,4699.10,4,4699.00,4,4700.20,2,4700.30,7,4700.40,4,4700.50,28,4700.60,4,4700.70,4,4700.80,2,4700.90,4,4701.00,2,4701.10,4,Sell,7,15,22,-8.00,1.00,-10.00,1.30,76.9,4700.90,4701.20,4699.90,4699.90,10,18,28,-8.00,0.00,-8.00,1.00,20.0,-18,36,0.0000,0.2500,-1.00,14.00,4697.68,0.3410,UP,72.85,0.3844,1.5524
20260824 104718 788,4699.90,1,4699.90,4700.10,0.20,4699.90,1,4699.80,1,4699.70,1,4699.60,3,4699.50,5,4699.40,5,4699.30,5,4699.20,7,4699.10,4,4699.00,4,4700.20,3,4700.30,8,4700.40,4,4700.50,28,4700.60,4,4700.70,4,4700.80,2,4700.90,4,4701.00,2,4701.10,4,Sell,7,16,23,-9.00,1.00,-10.00,1.30,76.9,4700.90,4701.20,4699.90,4699.90,10,18,28,-8.00,0.00,-8.00,1.00,20.0,-18,36,0.0000,0.1111,-2.00,13.00,4697.68,0.3410,UP,72.85,0.3844,1.5524
20260824 104720 415,4699.90,1,4699.90,4700.20,0.30,4699.70,2,4699.60,1,4699.50,4,4699.40,4,4699.30,5,4699.20,6,4699.10,4,4699.00,4,4698.90,4,4698.80,4,4700.00,1,4700.10,2,4700.20,3,4700.30,7,4700.40,5,4700.50,26,4700.60,2,4700.70,5,4700.80,4,4700.90,4,Sell,7,17,24,-10.00,1.00,-10.00,1.30,76.9,4700.90,4701.20,4699.90,4699.90,10,18,28,-8.00,0.00,-8.00,1.00,20.0,-18,36,0.0000,0.0000,-3.00,12.00,4697.68,0.3410,UP,72.85,0.3844,1.5524
20260824 104720 415,4699.80,1,4699.90,4700.20,0.30,4699.70,2,4699.60,1,4699.50,4,4699.40,4,4699.30,5,4699.20,6,4699.10,4,4699.00,4,4698.90,4,4698.80,4,4700.00,1,4700.10,2,4700.20,3,4700.30,7,4700.40,5,4700.50,26,4700.60,2,4700.70,5,4700.80,4,4700.90,4,Sell,7,18,25,-11.00,1.00,-11.00,1.40,78.6,4700.90,4701.20,4699.80,4699.80,10,18,28,-8.00,0.00,-8.00,1.00,20.0,-18,36,0.0000,0.0000,-4.00,11.00,4697.67,0.3379,UP,72.85,0.3844,1.5596
20260824 104722 321,4699.80,1,4699.70,4700.10,0.40,4699.70,2,4699.60,2,4699.50,4,4699.40,5,4699.30,5,4699.20,6,4699.10,4,4699.00,4,4698.90,4,4698.80,4,4700.10,1,4700.20,3,4700.30,6,4700.40,6,4700.50,26,4700.60,2,4700.70,4,4700.80,2,4700.90,4,4701.00,2,Sell,7,19,26,-12.00,1.00,-12.00,1.40,78.6,4700.90,4701.20,4699.80,4699.80,10,18,28,-8.00,0.00,-8.00,1.00,20.0,-18,36,0.0000,0.0000,-5.00,10.00,4697.67,0.3379,UP,72.85,0.3844,1.5596
20260824 104722 324,4700.00,1,4699.70,4700.10,0.40,4699.70,2,4699.60,2,4699.50,4,4699.40,5,4699.30,5,4699.20,6,4699.10,4,4699.00,4,4698.90,4,4698.80,4,4700.10,1,4700.20,3,4700.30,6,4700.40,6,4700.50,26,4700.60,2,4700.70,4,4700.80,2,4700.90,4,4701.00,2,Buy,8,19,27,-11.00,1.00,-12.00,1.40,64.3,4700.90,4701.20,4699.80,4700.00,10,18,28,-8.00,0.00,-8.00,1.00,20.0,-18,36,0.0000,0.0909,-4.00,11.00,4697.69,0.3442,UP,72.85,0.3844,1.5596
20260824 104722 947,4700.10,1,4699.80,4700.10,0.30,4699.80,2,4699.70,1,4699.60,2,4699.50,4,4699.40,5,4699.30,5,4699.20,6,4699.10,4,4699.00,4,4698.90,4,4700.10,1,4700.20,3,4700.30,6,4700.40,5,4700.50,27,4700.60,2,4700.70,4,4700.80,2,4700.90,4,4701.00,2,Buy,9,19,28,-10.00,1.00,-12.00,1.40,57.1,4700.90,4701.20,4699.80,4700.10,10,18,28,-8.00,0.00,-8.00,1.00,20.0,-18,36,0.0000,0.2000,-3.00,12.00,4697.70,0.3474,UP,72.85,0.3844,1.5596
20260824 104724 300,4699.70,1,4698.90,4699.20,0.30,4698.90,1,4698.70,3,4698.60,2,4698.50,5,4698.40,4,4698.30,6,4698.20,7,4698.10,4,4698.00,11,4697.90,5,4699.20,1,4699.30,3,4699.40,3,4699.50,2,4699.60,6,4699.70,5,4699.80,5,4699.90,5,4700.00,8,4700.10,4,Sell,9,20,29,-11.00,1.00,-12.00,1.50,80.0,4700.90,4701.20,4699.70,4699.70,10,18,28,-8.00,0.00,-8.00,1.00,20.0,-18,36,0.0000,0.0909,-4.00,11.00,4697.66,0.3347,UP,72.85,0.3844,1.5667
20260824 104724 300,4699.70,1,4698.90,4699.20,0.30,4698.90,1,4698.70,3,4698.60,2,4698.50,5,4698.40,4,4698.30,6,4698.20,7,4698.10,4,4698.00,11,4697.90,5,4699.20,1,4699.30,3,4699.40,3,4699.50,2,4699.60,6,4699.70,5,4699.80,5,4699.90,5,4700.00,8,4700.10,4,Sell,9,21,30,-12.00,1.00,-12.00,1.50,80.0,4700.90,4701.20,4699.70,4699.70,10,18,28,-8.00,0.00,-8.00,1.00,20.0,-18,36,0.0000,0.0000,-5.00,10.00,4697.66,0.3347,UP,72.85,0.3844,1.5667
20260824 104724 300,4699.60,1,4698.90,4699.20,0.30,4698.90,1,4698.70,3,4698.60,2,4698.50,5,4698.40,4,4698.30,6,4698.20,7,4698.10,4,4698.00,11,4697.90,5,4699.20,1,4699.30,3,4699.40,3,4699.50,2,4699.60,6,4699.70,5,4699.80,5,4699.90,5,4700.00,8,4700.10,4,Sell,9,22,31,-13.00,1.00,-13.00,1.60,81.2,4700.90,4701.20,4699.60,4699.60,10,18,28,-8.00,0.00,-8.00,1.00,20.0,-18,36,0.0000,0.0000,-6.00,9.00,4697.66,0.3315,UP,72.85,0.3844,1.5738
20260824 104724 300,4699.60,1,4698.90,4699.20,0.30,4698.90,1,4698.70,3,4698.60,2,4698.50,5,4698.40,4,4698.30,6,4698.20,7,4698.10,4,4698.00,11,4697.90,5,4699.20,1,4699.30,3,4699.40,3,4699.50,2,4699.60,6,4699.70,5,4699.80,5,4699.90,5,4700.00,8,4700.10,4,Sell,9,23,32,-14.00,1.00,-14.00,1.60,81.2,4700.90,4701.20,4699.60,4699.60,10,18,28,-8.00,0.00,-8.00,1.00,20.0,-18,36,0.0000,0.0000,-7.00,8.00,4697.66,0.3315,UP,72.85,0.3844,1.5738
20260824 104724 300,4699.50,1,4698.90,4699.20,0.30,4698.90,1,4698.70,3,4698.60,2,4698.50,5,4698.40,4,4698.30,6,4698.20,7,4698.10,4,4698.00,11,4697.90,5,4699.20,1,4699.30,3,4699.40,3,4699.50,2,4699.60,6,4699.70,5,4699.80,5,4699.90,5,4700.00,8,4700.10,4,Sell,9,24,33,-15.00,1.00,-15.00,1.70,82.4,4700.90,4701.20,4699.50,4699.50,10,18,28,-8.00,0.00,-8.00,1.00,20.0,-18,36,0.0000,0.0000,-8.00,7.00,4697.65,0.3283,UP,72.85,0.3844,1.5810
20260824 104724 300,4699.50,1,4698.90,4699.20,0.30,4698.90,1,4698.70,3,4698.60,2,4698.50,5,4698.40,4,4698.30,6,4698.20,7,4698.10,4,4698.00,11,4697.90,5,4699.20,1,4699.30,3,4699.40,3,4699.50,2,4699.60,6,4699.70,5,4699.80,5,4699.90,5,4700.00,8,4700.10,4,Sell,9,25,34,-16.00,1.00,-16.00,1.70,82.4,4700.90,4701.20,4699.50,4699.50,10,18,28,-8.00,0.00,-8.00,1.00,20.0,-18,36,0.0000,0.0000,-9.00,6.00,4697.65,0.3283,UP,72.85,0.3844,1.5810
20260824 104724 300,4699.50,1,4698.90,4699.20,0.30,4698.90,1,4698.70,3,4698.60,2,4698.50,5,4698.40,4,4698.30,6,4698.20,7,4698.10,4,4698.00,11,4697.90,5,4699.20,1,4699.30,3,4699.40,3,4699.50,2,4699.60,6,4699.70,5,4699.80,5,4699.90,5,4700.00,8,4700.10,4,Sell,9,26,35,-17.00,1.00,-17.00,1.70,82.4,4700.90,4701.20,4699.50,4699.50,10,18,28,-8.00,0.00,-8.00,1.00,20.0,-18,36,0.0000,0.0000,-10.00,5.00,4697.65,0.3283,UP,72.85,0.3844,1.5810
20260824 104724 300,4699.50,1,4698.90,4699.20,0.30,4698.90,1,4698.70,3,4698.60,2,4698.50,5,4698.40,4,4698.30,6,4698.20,7,4698.10,4,4698.00,11,4697.90,5,4699.20,1,4699.30,3,4699.40,3,4699.50,2,4699.60,6,4699.70,5,4699.80,5,4699.90,5,4700.00,8,4700.10,4,Sell,9,27,36,-18.00,1.00,-18.00,1.70,82.4,4700.90,4701.20,4699.50,4699.50,10,18,28,-8.00,0.00,-8.00,1.00,20.0,-18,36,0.0000,0.0000,-11.00,4.00,4697.65,0.3283,UP,72.85,0.3844,1.5810
20260824 104724 300,4699.40,1,4698.90,4699.20,0.30,4698.90,1,4698.70,3,4698.60,2,4698.50,5,4698.40,4,4698.30,6,4698.20,7,4698.10,4,4698.00,11,4697.90,5,4699.20,1,4699.30,3,4699.40,3,4699.50,2,4699.60,6,4699.70,5,4699.80,5,4699.90,5,4700.00,8,4700.10,4,Sell,9,28,37,-19.00,1.00,-19.00,1.80,83.3,4700.90,4701.20,4699.40,4699.40,10,18,28,-8.00,0.00,-8.00,1.00,20.0,-18,36,0.0000,0.0000,-12.00,3.00,4697.64,0.3252,UP,72.85,0.3844,1.5881
20260824 104724 300,4699.40,1,4698.90,4699.20,0.30,4698.90,1,4698.70,3,4698.60,2,4698.50,5,4698.40,4,4698.30,6,4698.20,7,4698.10,4,4698.00,11,4697.90,5,4699.20,1,4699.30,3,4699.40,3,4699.50,2,4699.60,6,4699.70,5,4699.80,5,4699.90,5,4700.00,8,4700.10,4,Sell,9,29,38,-20.00,1.00,-20.00,1.80,83.3,4700.90,4701.20,4699.40,4699.40,10,18,28,-8.00,0.00,-8.00,1.00,20.0,-18,36,0.0000,0.0000,-13.00,2.00,4697.64,0.3252,UP,72.85,0.3844,1.5881
20260824 104724 300,4699.40,1,4698.90,4699.20,0.30,4698.90,1,4698.70,3,4698.60,2,4698.50,5,4698.40,4,4698.30,6,4698.20,7,4698.10,4,4698.00,11,4697.90,5,4699.20,1,4699.30,3,4699.40,3,4699.50,2,4699.60,6,4699.70,5,4699.80,5,4699.90,5,4700.00,8,4700.10,4,Sell,9,30,39,-21.00,1.00,-21.00,1.80,83.3,4700.90,4701.20,4699.40,4699.40,10,18,28,-8.00,0.00,-8.00,1.00,20.0,-18,36,0.0000,0.0000,-14.00,1.00,4697.64,0.3252,UP,72.85,0.3844,1.5881
20260824 104724 300,4699.40,1,4698.90,4699.20,0.30,4698.90,1,4698.70,3,4698.60,2,4698.50,5,4698.40,4,4698.30,6,4698.20,7,4698.10,4,4698.00,11,4697.90,5,4699.20,1,4699.30,3,4699.40,3,4699.50,2,4699.60,6,4699.70,5,4699.80,5,4699.90,5,4700.00,8,4700.10,4,Sell,9,31,40,-22.00,1.00,-22.00,1.80,83.3,4700.90,4701.20,4699.40,4699.40,10,18,28,-8.00,0.00,-8.00,1.00,20.0,-18,36,0.0000,0.0000,-15.00,0.00,4697.64,0.3252,UP,72.85,0.3844,1.5881
20260824 104724 300,4699.40,1,4698.90,4699.20,0.30,4698.90,1,4698.70,3,4698.60,2,4698.50,5,4698.40,4,4698.30,6,4698.20,7,4698.10,4,4698.00,11,4697.90,5,4699.20,1,4699.30,3,4699.40,3,4699.50,2,4699.60,6,4699.70,5,4699.80,5,4699.90,5,4700.00,8,4700.10,4,Sell,9,32,41,-23.00,1.00,-23.00,1.80,83.3,4700.90,4701.20,4699.40,4699.40,10,18,28,-8.00,0.00,-8.00,1.00,20.0,-18,36,0.0000,0.0000,-16.00,-1.00,4697.64,0.3252,UP,72.85,0.3844,1.5881
20260824 104724 300,4699.30,1,4698.90,4699.20,0.30,4698.90,1,4698.70,3,4698.60,2,4698.50,5,4698.40,4,4698.30,6,4698.20,7,4698.10,4,4698.00,11,4697.90,5,4699.20,1,4699.30,3,4699.40,3,4699.50,2,4699.60,6,4699.70,5,4699.80,5,4699.90,5,4700.00,8,4700.10,4,Sell,9,33,42,-24.00,1.00,-24.00,1.90,84.2,4700.90,4701.20,4699.30,4699.30,10,18,28,-8.00,0.00,-8.00,1.00,20.0,-18,36,0.0000,0.0000,-17.00,-2.00,4697.63,0.3220,UP,72.85,0.3844,1.5953
20260824 104724 300,4699.30,1,4698.90,4699.20,0.30,4698.90,1,4698.70,3,4698.60,2,4698.50,5,4698.40,4,4698.30,6,4698.20,7,4698.10,4,4698.00,11,4697.90,5,4699.20,1,4699.30,3,4699.40,3,4699.50,2,4699.60,6,4699.70,5,4699.80,5,4699.90,5,4700.00,8,4700.10,4,Sell,9,34,43,-25.00,1.00,-25.00,1.90,84.2,4700.90,4701.20,4699.30,4699.30,10,18,28,-8.00,0.00,-8.00,1.00,20.0,-18,36,0.0000,0.0000,-18.00,-3.00,4697.63,0.3220,UP,72.85,0.3844,1.5953
20260824 104724 300,4699.30,1,4698.90,4699.20,0.30,4698.90,1,4698.70,3,4698.60,2,4698.50,5,4698.40,4,4698.30,6,4698.20,7,4698.10,4,4698.00,11,4697.90,5,4699.20,1,4699.30,3,4699.40,3,4699.50,2,4699.60,6,4699.70,5,4699.80,5,4699.90,5,4700.00,8,4700.10,4,Sell,9,35,44,-26.00,1.00,-26.00,1.90,84.2,4700.90,4701.20,4699.30,4699.30,10,18,28,-8.00,0.00,-8.00,1.00,20.0,-18,36,0.0000,0.0000,-19.00,-4.00,4697.63,0.3220,UP,72.85,0.3844,1.5953
20260824 104724 300,4699.30,1,4698.90,4699.20,0.30,4698.90,1,4698.70,3,4698.60,2,4698.50,5,4698.40,4,4698.30,6,4698.20,7,4698.10,4,4698.00,11,4697.90,5,4699.20,1,4699.30,3,4699.40,3,4699.50,2,4699.60,6,4699.70,5,4699.80,5,4699.90,5,4700.00,8,4700.10,4,Sell,9,36,45,-27.00,1.00,-27.00,1.90,84.2,4700.90,4701.20,4699.30,4699.30,10,18,28,-8.00,0.00,-8.00,1.00,20.0,-18,36,0.0000,0.0000,-20.00,-5.00,4697.63,0.3220,UP,72.85,0.3844,1.5953
20260824 104724 301,4699.20,1,4698.90,4699.20,0.30,4698.90,1,4698.70,3,4698.60,2,4698.50,5,4698.40,4,4698.30,6,4698.20,7,4698.10,4,4698.00,11,4697.90,5,4699.20,1,4699.30,3,4699.40,3,4699.50,2,4699.60,6,4699.70,5,4699.80,5,4699.90,5,4700.00,8,4700.10,4,Sell,9,37,46,-28.00,1.00,-28.00,2.00,85.0,4700.90,4701.20,4699.20,4699.20,10,18,28,-8.00,0.00,-8.00,1.00,20.0,-18,36,0.0000,0.0000,-21.00,-6.00,4697.62,0.3188,UP,72.85,0.3844,1.6024
20260824 104724 301,4699.30,1,4698.90,4699.20,0.30,4698.90,1,4698.70,3,4698.60,2,4698.50,5,4698.40,4,4698.30,6,4698.20,7,4698.10,4,4698.00,11,4697.90,5,4699.20,1,4699.30,3,4699.40,3,4699.50,2,4699.60,6,4699.70,5,4699.80,5,4699.90,5,4700.00,8,4700.10,4,Buy,10,37,47,-27.00,1.00,-28.00,2.00,80.0,4700.90,4701.20,4699.20,4699.30,10,18,28,-8.00,0.00,-8.00,1.00,20.0,-18,36,0.0000,0.0370,-20.00,-5.00,4697.63,0.3220,UP,72.85,0.3844,1.6024
20260824 104724 305,4699.30,1,4698.90,4699.20,0.30,4698.90,1,4698.70,3,4698.60,2,4698.50,5,4698.40,4,4698.30,6,4698.20,7,4698.10,4,4698.00,11,4697.90,5,4699.20,1,4699.30,3,4699.40,3,4699.50,2,4699.60,6,4699.70,5,4699.80,5,4699.90,5,4700.00,8,4700.10,4,Buy,11,37,48,-26.00,1.00,-28.00,2.00,80.0,4700.90,4701.20,4699.20,4699.30,10,18,28,-8.00,0.00,-8.00,1.00,20.0,-18,36,0.0000,0.0769,-19.00,-4.00,4697.63,0.3220,UP,72.85,0.3844,1.6024
20260824 104724 306,4699.30,1,4698.90,4699.20,0.30,4698.90,1,4698.70,3,4698.60,2,4698.50,5,4698.40,4,4698.30,6,4698.20,7,4698.10,4,4698.00,11,4697.90,5,4699.20,1,4699.30,3,4699.40,3,4699.50,2,4699.60,6,4699.70,5,4699.80,5,4699.90,5,4700.00,8,4700.10,4,Buy,12,37,49,-25.00,1.00,-28.00,2.00,80.0,4700.90,4701.20,4699.20,4699.30,10,18,28,-8.00,0.00,-8.00,1.00,20.0,-18,36,0.0000,0.1200,-18.00,-3.00,4697.63,0.3220,UP,72.85,0.3844,1.6024
20260824 104724 306,4699.20,1,4698.90,4699.20,0.30,4698.90,1,4698.70,3,4698.60,2,4698.50,5,4698.40,4,4698.30,6,4698.20,7,4698.10,4,4698.00,11,4697.90,5,4699.20,1,4699.30,3,4699.40,3,4699.50,2,4699.60,6,4699.70,5,4699.80,5,4699.90,5,4700.00,8,4700.10,4,Sell,12,38,50,-26.00,1.00,-28.00,2.00,85.0,4700.90,4701.20,4699.20,4699.20,10,18,28,-8.00,0.00,-8.00,1.00,20.0,-18,36,0.0000,0.0769,-19.00,-4.00,4697.62,0.3188,UP,72.85,0.3844,1.6024
20260824 104724 306,4699.20,1,4698.90,4699.20,0.30,4698.90,1,4698.70,3,4698.60,2,4698.50,5,4698.40,4,4698.30,6,4698.20,7,4698.10,4,4698.00,11,4697.90,5,4699.20,1,4699.30,3,4699.40,3,4699.50,2,4699.60,6,4699.70,5,4699.80,5,4699.90,5,4700.00,8,4700.10,4,Sell,12,39,51,-27.00,1.00,-28.00,2.00,85.0,4700.90,4701.20,4699.20,4699.20,10,18,28,-8.00,0.00,-8.00,1.00,20.0,-18,36,0.0000,0.0370,-20.00,-5.00,4697.62,0.3188,UP,72.85,0.3844,1.6024
20260824 104724 306,4699.20,1,4698.90,4699.20,0.30,4698.90,1,4698.70,3,4698.60,2,4698.50,5,4698.40,4,4698.30,6,4698.20,7,4698.10,4,4698.00,11,4697.90,5,4699.20,1,4699.30,3,4699.40,3,4699.50,2,4699.60,6,4699.70,5,4699.80,5,4699.90,5,4700.00,8,4700.10,4,Sell,12,40,52,-28.00,1.00,-28.00,2.00,85.0,4700.90,4701.20,4699.20,4699.20,10,18,28,-8.00,0.00,-8.00,1.00,20.0,-18,36,0.0000,0.0000,-21.00,-6.00,4697.62,0.3188,UP,72.85,0.3844,1.6024
20260824 104724 306,4699.20,1,4698.90,4699.20,0.30,4698.90,1,4698.70,3,4698.60,2,4698.50,5,4698.40,4,4698.30,6,4698.20,7,4698.10,4,4698.00,11,4697.90,5,4699.20,1,4699.30,3,4699.40,3,4699.50,2,4699.60,6,4699.70,5,4699.80,5,4699.90,5,4700.00,8,4700.10,4,Sell,12,41,53,-29.00,1.00,-29.00,2.00,85.0,4700.90,4701.20,4699.20,4699.20,10,18,28,-8.00,0.00,-8.00,1.00,20.0,-18,36,0.0000,0.0000,-22.00,-7.00,4697.62,0.3188,UP,72.85,0.3844,1.6024
20260824 104724 306,4699.20,1,4698.90,4699.20,0.30,4698.90,1,4698.70,3,4698.60,2,4698.50,5,4698.40,4,4698.30,6,4698.20,7,4698.10,4,4698.00,11,4697.90,5,4699.20,1,4699.30,3,4699.40,3,4699.50,2,4699.60,6,4699.70,5,4699.80,5,4699.90,5,4700.00,8,4700.10,4,Sell,12,42,54,-30.00,1.00,-30.00,2.00,85.0,4700.90,4701.20,4699.20,4699.20,10,18,28,-8.00,0.00,-8.00,1.00,20.0,-18,36,0.0000,0.0000,-23.00,-8.00,4697.62,0.3188,UP,72.85,0.3844,1.6024
20260824 104724 309,4699.30,1,4698.90,4699.20,0.30,4698.90,1,4698.70,3,4698.60,2,4698.50,5,4698.40,4,4698.30,6,4698.20,7,4698.10,4,4698.00,11,4697.90,5,4699.20,1,4699.30,3,4699.40,3,4699.50,2,4699.60,6,4699.70,5,4699.80,5,4699.90,5,4700.00,8,4700.10,4,Sell,12,43,55,-31.00,1.00,-31.00,2.00,80.0,4700.90,4701.20,4699.20,4699.30,10,18,28,-8.00,0.00,-8.00,1.00,20.0,-18,36,0.0000,0.0000,-24.00,-9.00,4697.63,0.3220,UP,72.85,0.3844,1.6024
20260824 104724 310,4699.30,1,4698.90,4699.20,0.30,4698.90,1,4698.70,3,4698.60,2,4698.50,5,4698.40,4,4698.30,6,4698.20,7,4698.10,4,4698.00,11,4697.90,5,4699.20,1,4699.30,3,4699.40,3,4699.50,2,4699.60,6,4699.70,5,4699.80,5,4699.90,5,4700.00,8,4700.10,4,Sell,12,44,56,-32.00,1.00,-32.00,2.00,80.0,4700.90,4701.20,4699.20,4699.30,10,18,28,-8.00,0.00,-8.00,1.00,20.0,-18,36,0.0000,0.0000,-25.00,-10.00,4697.63,0.3220,UP,72.85,0.3844,1.6024
20260824 104724 311,4699.40,1,4698.90,4699.20,0.30,4698.90,1,4698.70,3,4698.60,2,4698.50,5,4698.40,4,4698.30,6,4698.20,7,4698.10,4,4698.00,11,4697.90,5,4699.20,1,4699.30,3,4699.40,3,4699.50,2,4699.60,6,4699.70,5,4699.80,5,4699.90,5,4700.00,8,4700.10,4,Buy,13,44,57,-31.00,1.00,-32.00,2.00,75.0,4700.90,4701.20,4699.20,4699.40,10,18,28,-8.00,0.00,-8.00,1.00,20.0,-18,36,0.0000,0.0323,-24.00,-9.00,4697.64,0.3252,UP,72.85,0.3844,1.6024
20260824 104724 318,4699.00,1,4698.90,4699.20,0.30,4698.90,1,4698.70,3,4698.60,2,4698.50,5,4698.40,4,4698.30,6,4698.20,7,4698.10,4,4698.00,11,4697.90,5,4699.20,1,4699.30,3,4699.40,3,4699.50,2,4699.60,6,4699.70,5,4699.80,5,4699.90,5,4700.00,8,4700.10,4,Sell,13,45,58,-32.00,1.00,-32.00,2.20,86.4,4700.90,4701.20,4699.00,4699.00,10,18,28,-8.00,0.00,-8.00,1.00,20.0,-18,36,0.0000,0.0000,-25.00,-10.00,4697.60,0.3125,UP,72.85,0.3844,1.6167
20260824 104724 318,4698.90,1,4698.90,4699.20,0.30,4698.90,1,4698.70,3,4698.60,2,4698.50,5,4698.40,4,4698.30,6,4698.20,7,4698.10,4,4698.00,11,4697.90,5,4699.20,1,4699.30,3,4699.40,3,4699.50,2,4699.60,6,4699.70,5,4699.80,5,4699.90,5,4700.00,8,4700.10,4,Sell,13,46,59,-33.00,1.00,-33.00,2.30,87.0,4700.90,4701.20,4698.90,4698.90,10,18,28,-8.00,0.00,-8.00,1.00,20.0,-18,36,0.0000,0.0000,-26.00,-11.00,4697.59,0.3093,UP,72.85,0.3844,1.6238
20260824 104724 322,4699.00,1,4698.90,4699.20,0.30,4698.90,1,4698.70,3,4698.60,2,4698.50,5,4698.40,4,4698.30,6,4698.20,7,4698.10,4,4698.00,11,4697.90,5,4699.20,1,4699.30,3,4699.40,3,4699.50,2,4699.60,6,4699.70,5,4699.80,5,4699.90,5,4700.00,8,4700.10,4,Buy,14,46,60,-32.00,1.00,-33.00,2.30,82.6,4700.90,4701.20,4698.90,4699.00,10,18,28,-8.00,0.00,-8.00,1.00,20.0,-18,36,0.0000,0.0313,-25.00,-10.00,4697.60,0.3125,UP,72.85,0.3844,1.6238
20260824 104724 428,4699.00,1,4698.90,4699.10,0.20,4698.90,1,4698.70,3,4698.60,2,4698.50,4,4698.40,3,4698.30,7,4698.20,6,4698.10,4,4698.00,11,4697.90,5,4699.10,1,4699.20,1,4699.30,2,4699.40,3,4699.50,1,4699.60,6,4699.70,5,4699.80,5,4699.90,5,4700.00,8,Sell,14,47,61,-33.00,1.00,-33.00,2.30,82.6,4700.90,4701.20,4698.90,4699.00,10,18,28,-8.00,0.00,-8.00,1.00,20.0,-18,36,0.0000,0.0000,-26.00,-11.00,4697.60,0.3125,UP,72.85,0.3844,1.6238
20260824 104724 528,4699.10,1,4699.10,4699.30,0.20,4699.10,1,4698.90,3,4698.80,2,4698.70,2,4698.60,2,4698.50,4,4698.40,4,4698.30,6,4698.20,6,4698.10,4,4699.30,1,4699.40,2,4699.50,2,4699.60,5,4699.70,4,4699.80,3,4699.90,4,4700.00,10,4700.10,4,4700.20,5,Buy,15,47,62,-32.00,1.00,-33.00,2.30,78.3,4700.90,4701.20,4698.90,4699.10,10,18,28,-8.00,0.00,-8.00,1.00,20.0,-18,36,0.0000,0.0313,-25.00,-10.00,4697.61,0.3156,UP,72.85,0.3844,1.6238
20260824 104724 529,4699.10,1,4699.10,4699.30,0.20,4699.10,1,4698.90,3,4698.80,2,4698.70,2,4698.60,2,4698.50,4,4698.40,4,4698.30,6,4698.20,6,4698.10,4,4699.30,1,4699.40,2,4699.50,2,4699.60,5,4699.70,4,4699.80,3,4699.90,4,4700.00,10,4700.10,4,4700.20,5,Buy,16,47,63,-31.00,1.00,-33.00,2.30,78.3,4700.90,4701.20,4698.90,4699.10,10,18,28,-8.00,0.00,-8.00,1.00,20.0,-18,36,0.0000,0.0645,-24.00,-9.00,4697.61,0.3156,UP,72.85,0.3844,1.6238
20260824 104724 632,4699.30,1,4699.10,4699.40,0.30,4699.10,1,4698.90,4,4698.80,2,4698.70,2,4698.60,3,4698.50,4,4698.40,3,4698.30,6,4698.20,6,4698.10,4,4699.40,1,4699.50,3,4699.60,4,4699.70,5,4699.80,3,4699.90,4,4700.00,8,4700.10,4,4700.20,5,4700.30,6,Buy,17,47,64,-30.00,1.00,-33.00,2.30,69.6,4700.90,4701.20,4698.90,4699.30,10,18,28,-8.00,0.00,-8.00,1.00,20.0,-18,36,0.0000,0.1000,-23.00,-8.00,4697.63,0.3220,UP,72.85,0.3844,1.6238
20260824 104724 745,4699.10,1,4699.10,4699.40,0.30,4699.10,1,4698.90,4,4698.80,1,4698.70,2,4698.60,3,4698.50,4,4698.40,3,4698.30,6,4698.20,6,4698.10,5,4699.40,1,4699.50,3,4699.60,4,4699.70,5,4699.80,3,4699.90,4,4700.00,8,4700.10,4,4700.20,5,4700.30,6,Sell,17,48,65,-31.00,1.00,-33.00,2.30,78.3,4700.90,4701.20,4698.90,4699.10,10,18,28,-8.00,0.00,-8.00,1.00,20.0,-18,36,0.0000,0.0645,-24.00,-9.00,4697.61,0.3156,UP,72.85,0.3844,1.6238
20260824 104725 819,4698.90,1,4698.90,4699.30,0.40,4698.90,4,4698.80,5,4698.70,1,4698.60,3,4698.50,5,4698.40,4,4698.30,6,4698.20,7,4698.10,4,4698.00,10,4699.30,2,4699.40,2,4699.50,3,4699.60,6,4699.70,5,4699.80,4,4699.90,5,4700.00,8,4700.10,5,4700.20,5,Sell,17,49,66,-32.00,1.00,-33.00,2.30,87.0,4700.90,4701.20,4698.90,4698.90,10,18,28,-8.00,0.00,-8.00,1.00,20.0,-18,36,0.0000,0.0313,-25.00,-10.00,4697.59,0.3093,UP,72.85,0.3844,1.6238
20260824 104725 824,4699.00,1,4698.90,4699.30,0.40,4698.90,4,4698.80,5,4698.70,1,4698.60,3,4698.50,5,4698.40,4,4698.30,6,4698.20,7,4698.10,4,4698.00,10,4699.30,2,4699.40,2,4699.50,3,4699.60,6,4699.70,5,4699.80,4,4699.90,5,4700.00,8,4700.10,5,4700.20,5,Buy,18,49,67,-31.00,1.00,-33.00,2.30,82.6,4700.90,4701.20,4698.90,4699.00,10,18,28,-8.00,0.00,-8.00,1.00,20.0,-18,36,0.0000,0.0645,-24.00,-9.00,4697.60,0.3125,UP,72.85,0.3844,1.6238
20260824 104727 776,4698.90,1,4699.00,4699.30,0.30,4699.00,2,4698.90,2,4698.80,5,4698.70,4,4698.60,4,4698.50,4,4698.40,4,4698.30,5,4698.20,7,4698.10,4,4699.30,4,4699.40,1,4699.50,3,4699.60,6,4699.70,3,4699.80,3,4699.90,4,4700.00,9,4700.10,4,4700.20,6,Sell,18,50,68,-32.00,1.00,-33.00,2.30,87.0,4700.90,4701.20,4698.90,4698.90,10,18,28,-8.00,0.00,-8.00,1.00,20.0,-18,36,0.0000,0.0313,-25.00,-10.00,4697.59,0.3093,UP,72.85,0.3844,1.6238
20260824 104727 776,4698.80,1,4699.00,4699.30,0.30,4699.00,2,4698.90,2,4698.80,5,4698.70,4,4698.60,4,4698.50,4,4698.40,4,4698.30,5,4698.20,7,4698.10,4,4699.30,4,4699.40,1,4699.50,3,4699.60,6,4699.70,3,4699.80,3,4699.90,4,4700.00,9,4700.10,4,4700.20,6,Sell,18,51,69,-33.00,1.00,-33.00,2.40,87.5,4700.90,4701.20,4698.80,4698.80,10,18,28,-8.00,0.00,-8.00,1.00,20.0,-18,36,0.0000,0.0000,-26.00,-11.00,4697.58,0.3061,UP,72.85,0.3844,1.6310
20260824 104727 776,4698.80,1,4699.00,4699.30,0.30,4699.00,2,4698.90,2,4698.80,5,4698.70,4,4698.60,4,4698.50,4,4698.40,4,4698.30,5,4698.20,7,4698.10,4,4699.30,4,4699.40,1,4699.50,3,4699.60,6,4699.70,3,4699.80,3,4699.90,4,4700.00,9,4700.10,4,4700.20,6,Sell,18,52,70,-34.00,1.00,-34.00,2.40,87.5,4700.90,4701.20,4698.80,4698.80,10,18,28,-8.00,0.00,-8.00,1.00,20.0,-18,36,0.0000,0.0000,-27.00,-12.00,4697.58,0.3061,UP,72.85,0.3844,1.6310
20260824 104727 776,4698.70,1,4699.00,4699.30,0.30,4699.00,2,4698.90,2,4698.80,5,4698.70,4,4698.60,4,4698.50,4,4698.40,4,4698.30,5,4698.20,7,4698.10,4,4699.30,4,4699.40,1,4699.50,3,4699.60,6,4699.70,3,4699.80,3,4699.90,4,4700.00,9,4700.10,4,4700.20,6,Sell,18,53,71,-35.00,1.00,-35.00,2.50,88.0,4700.90,4701.20,4698.70,4698.70,10,18,28,-8.00,0.00,-8.00,1.00,20.0,-18,36,0.0000,0.0000,-28.00,-13.00,4697.57,0.3030,UP,72.85,0.3844,1.6381
20260824 104727 776,4698.70,1,4699.00,4699.30,0.30,4699.00,2,4698.90,2,4698.80,5,4698.70,4,4698.60,4,4698.50,4,4698.40,4,4698.30,5,4698.20,7,4698.10,4,4699.30,4,4699.40,1,4699.50,3,4699.60,6,4699.70,3,4699.80,3,4699.90,4,4700.00,9,4700.10,4,4700.20,6,Sell,18,54,72,-36.00,1.00,-36.00,2.50,88.0,4700.90,4701.20,4698.70,4698.70,10,18,28,-8.00,0.00,-8.00,1.00,20.0,-18,36,0.0000,0.0000,-29.00,-14.00,4697.57,0.3030,UP,72.85,0.3844,1.6381
20260824 104727 776,4698.60,1,4699.00,4699.30,0.30,4699.00,2,4698.90,2,4698.80,5,4698.70,4,4698.60,4,4698.50,4,4698.40,4,4698.30,5,4698.20,7,4698.10,4,4699.30,4,4699.40,1,4699.50,3,4699.60,6,4699.70,3,4699.80,3,4699.90,4,4700.00,9,4700.10,4,4700.20,6,Sell,18,55,73,-37.00,1.00,-37.00,2.60,88.5,4700.90,4701.20,4698.60,4698.60,10,18,28,-8.00,0.00,-8.00,1.00,20.0,-18,36,0.0000,0.0000,-30.00,-15.00,4697.56,0.2998,UP,72.85,0.3844,1.6453
20260824 104727 776,4698.60,1,4699.00,4699.30,0.30,4699.00,2,4698.90,2,4698.80,5,4698.70,4,4698.60,4,4698.50,4,4698.40,4,4698.30,5,4698.20,7,4698.10,4,4699.30,4,4699.40,1,4699.50,3,4699.60,6,4699.70,3,4699.80,3,4699.90,4,4700.00,9,4700.10,4,4700.20,6,Sell,18,56,74,-38.00,1.00,-38.00,2.60,88.5,4700.90,4701.20,4698.60,4698.60,10,18,28,-8.00,0.00,-8.00,1.00,20.0,-18,36,0.0000,0.0000,-31.00,-16.00,4697.56,0.2998,UP,72.85,0.3844,1.6453
20260824 104727 776,4698.60,1,4699.00,4699.30,0.30,4699.00,2,4698.90,2,4698.80,5,4698.70,4,4698.60,4,4698.50,4,4698.40,4,4698.30,5,4698.20,7,4698.10,4,4699.30,4,4699.40,1,4699.50,3,4699.60,6,4699.70,3,4699.80,3,4699.90,4,4700.00,9,4700.10,4,4700.20,6,Sell,18,57,75,-39.00,1.00,-39.00,2.60,88.5,4700.90,4701.20,4698.60,4698.60,10,18,28,-8.00,0.00,-8.00,1.00,20.0,-18,36,0.0000,0.0000,-32.00,-17.00,4697.56,0.2998,UP,72.85,0.3844,1.6453
20260824 104727 778,4698.70,18,4699.00,4699.30,0.30,4699.00,2,4698.90,2,4698.80,5,4698.70,4,4698.60,4,4698.50,4,4698.40,4,4698.30,5,4698.20,7,4698.10,4,4699.30,4,4699.40,1,4699.50,3,4699.60,6,4699.70,3,4699.80,3,4699.90,4,4700.00,9,4700.10,4,4700.20,6,Buy,36,57,93,-21.00,1.00,-39.00,2.60,84.6,4700.90,4701.20,4698.60,4698.70,10,18,28,-8.00,0.00,-8.00,1.00,20.0,-18,36,0.0000,0.8571,-14.00,1.00,4697.57,0.3030,UP,72.85,0.3844,1.6453
20260824 104727 779,4698.80,1,4699.00,4699.30,0.30,4699.00,2,4698.90,2,4698.80,5,4698.70,4,4698.60,4,4698.50,4,4698.40,4,4698.30,5,4698.20,7,4698.10,4,4699.30,4,4699.40,1,4699.50,3,4699.60,6,4699.70,3,4699.80,3,4699.90,4,4700.00,9,4700.10,4,4700.20,6,Buy,37,57,94,-20.00,1.00,-39.00,2.60,80.8,4700.90,4701.20,4698.60,4698.80,10,18,28,-8.00,0.00,-8.00,1.00,20.0,-18,36,0.0000,0.9500,-13.00,2.00,4697.58,0.3061,UP,72.85,0.3844,1.6453
20260824 104727 780,4698.70,1,4699.00,4699.30,0.30,4699.00,2,4698.90,2,4698.80,5,4698.70,4,4698.60,4,4698.50,4,4698.40,4,4698.30,5,4698.20,7,4698.10,4,4699.30,4,4699.40,1,4699.50,3,4699.60,6,4699.70,3,4699.80,3,4699.90,4,4700.00,9,4700.10,4,4700.20,6,Sell,37,58,95,-21.00,1.00,-39.00,2.60,84.6,4700.90,4701.20,4698.60,4698.70,10,18,28,-8.00,0.00,-8.00,1.00,20.0,-18,36,0.0000,0.8571,-14.00,1.00,4697.57,0.3030,UP,72.85,0.3844,1.6453
20260824 104727 782,4699.10,1,4699.00,4699.30,0.30,4699.00,2,4698.90,2,4698.80,5,4698.70,4,4698.60,4,4698.50,4,4698.40,4,4698.30,5,4698.20,7,4698.10,4,4699.30,4,4699.40,1,4699.50,3,4699.60,6,4699.70,3,4699.80,3,4699.90,4,4700.00,9,4700.10,4,4700.20,6,Buy,38,58,96,-20.00,1.00,-39.00,2.60,69.2,4700.90,4701.20,4698.60,4699.10,10,18,28,-8.00,0.00,-8.00,1.00,20.0,-18,36,0.0000,0.9500,-13.00,2.00,4697.61,0.3156,UP,72.85,0.3844,1.6453
20260824 104727 782,4699.10,1,4699.00,4699.30,0.30,4699.00,2,4698.90,2,4698.80,5,4698.70,4,4698.60,4,4698.50,4,4698.40,4,4698.30,5,4698.20,7,4698.10,4,4699.30,4,4699.40,1,4699.50,3,4699.60,6,4699.70,3,4699.80,3,4699.90,4,4700.00,9,4700.10,4,4700.20,6,Buy,39,58,97,-19.00,1.00,-39.00,2.60,69.2,4700.90,4701.20,4698.60,4699.10,10,18,28,-8.00,0.00,-8.00,1.00,20.0,-18,36,0.0000,1.0526,-12.00,3.00,4697.61,0.3156,UP,72.85,0.3844,1.6453
20260824 104727 785,4699.00,1,4699.00,4699.30,0.30,4699.00,2,4698.90,2,4698.80,5,4698.70,4,4698.60,4,4698.50,4,4698.40,4,4698.30,5,4698.20,7,4698.10,4,4699.30,4,4699.40,1,4699.50,3,4699.60,6,4699.70,3,4699.80,3,4699.90,4,4700.00,9,4700.10,4,4700.20,6,Buy,40,58,98,-18.00,1.00,-39.00,2.60,73.1,4700.90,4701.20,4698.60,4699.00,10,18,28,-8.00,0.00,-8.00,1.00,20.0,-18,36,0.0000,1.1667,-11.00,4.00,4697.60,0.3125,UP,72.85,0.3844,1.6453
20260824 104727 989,4699.20,1,4699.00,4699.30,0.30,4699.00,2,4698.90,2,4698.80,5,4698.70,3,4698.60,6,4698.50,3,4698.40,4,4698.30,5,4698.20,7,4698.10,4,4699.30,4,4699.40,1,4699.50,3,4699.60,6,4699.70,3,4699.80,3,4699.90,4,4700.00,9,4700.10,4,4700.20,6,Buy,41,58,99,-17.00,1.00,-39.00,2.60,65.4,4700.90,4701.20,4698.60,4699.20,10,18,28,-8.00,0.00,-8.00,1.00,20.0,-18,36,0.0000,1.2941,-10.00,5.00,4697.62,0.3188,UP,72.85,0.3844,1.6453
20260824 104730 086,4699.00,1,4699.00,4699.30,0.30,4699.00,2,4698.90,4,4698.80,3,4698.70,2,4698.60,6,4698.50,3,4698.40,3,4698.30,5,4698.20,7,4698.10,4,4699.30,4,4699.40,1,4699.50,3,4699.60,5,4699.70,3,4699.80,3,4699.90,4,4700.00,8,4700.10,5,4700.20,6,Sell,41,59,100,-18.00,1.00,-39.00,2.60,73.1,4700.90,4701.20,4698.60,4699.00,10,18,28,-8.00,0.00,-8.00,1.00,20.0,-18,36,0.0000,1.1667,-11.00,4.00,4697.60,0.3125,UP,72.85,0.3844,1.6453
20260824 104733 316,4699.10,1,4699.00,4699.30,0.30,4699.00,1,4698.90,3,4698.80,3,4698.60,5,4698.50,3,4698.40,3,4698.30,5,4698.20,6,4698.10,4,4698.00,10,4699.30,4,4699.40,1,4699.50,3,4699.60,5,4699.70,3,4699.80,3,4699.90,5,4700.00,8,4700.10,5,4700.20,6,Buy,42,59,101,-17.00,1.00,-39.00,2.60,69.2,4700.90,4701.20,4698.60,4699.10,10,18,28,-8.00,0.00,-8.00,1.00,20.0,-18,36,0.0000,1.2941,-10.00,5.00,4697.61,0.3156,UP,72.85,0.3844,1.6453
20260824 104734 383,4699.30,1,4699.10,4699.50,0.40,4699.10,3,4699.00,4,4698.90,1,4698.80,2,4698.70,2,4698.60,5,4698.50,4,4698.40,5,4698.30,5,4698.20,6,4699.50,4,4699.60,7,4699.70,3,4699.80,3,4699.90,3,4700.00,7,4700.10,5,4700.20,5,4700.30,6,4700.40,4,Buy,43,59,102,-16.00,1.00,-39.00,2.60,61.5,4700.90,4701.20,4698.60,4699.30,10,18,28,-8.00,0.00,-8.00,1.00,20.0,-18,36,0.0000,1.4375,-9.00,6.00,4697.63,0.3220,UP,72.85,0.3844,1.6453
20260824 104734 383,4699.30,2,4699.10,4699.50,0.40,4699.10,3,4699.00,4,4698.90,1,4698.80,2,4698.70,2,4698.60,5,4698.50,4,4698.40,5,4698.30,5,4698.20,6,4699.50,4,4699.60,7,4699.70,3,4699.80,3,4699.90,3,4700.00,7,4700.10,5,4700.20,5,4700.30,6,4700.40,4,Buy,45,59,104,-14.00,1.00,-39.00,2.60,61.5,4700.90,4701.20,4698.60,4699.30,10,18,28,-8.00,0.00,-8.00,1.00,20.0,-18,36,0.0000,1.7857,-7.00,8.00,4697.63,0.3220,UP,72.85,0.3844,1.6453
20260824 104734 479,4699.10,1,4699.10,4699.50,0.40,4699.10,2,4699.00,3,4698.90,2,4698.80,2,4698.70,2,4698.60,5,4698.50,4,4698.40,4,4698.30,5,4698.20,6,4699.50,2,4699.60,5,4699.70,3,4699.80,3,4699.90,3,4700.00,7,4700.10,5,4700.20,5,4700.30,6,4700.40,4,Sell,45,60,105,-15.00,1.00,-39.00,2.60,69.2,4700.90,4701.20,4698.60,4699.10,10,18,28,-8.00,0.00,-8.00,1.00,20.0,-18,36,0.0000,1.6000,-8.00,7.00,4697.61,0.3156,UP,72.85,0.3844,1.6453
20260824 104739 331,4699.00,1,4698.80,4699.20,0.40,4698.80,1,4698.70,3,4698.60,3,4698.50,1,4698.40,3,4698.30,5,4698.20,6,4698.10,4,4698.00,10,4697.90,5,4699.20,2,4699.30,3,4699.40,3,4699.50,4,4699.60,5,4699.70,3,4699.80,4,4699.90,4,4700.00,8,4700.10,5,Sell,45,61,106,-16.00,1.00,-39.00,2.60,73.1,4700.90,4701.20,4698.60,4699.00,10,18,28,-8.00,0.00,-8.00,1.00,20.0,-18,36,0.0000,1.4375,-9.00,6.00,4697.60,0.3125,UP,72.85,0.3844,1.6453
20260824 104739 333,4698.90,1,4698.80,4699.20,0.40,4698.80,1,4698.70,3,4698.60,3,4698.50,1,4698.40,3,4698.30,5,4698.20,6,4698.10,4,4698.00,10,4697.90,5,4699.20,2,4699.30,3,4699.40,3,4699.50,4,4699.60,5,4699.70,3,4699.80,4,4699.90,4,4700.00,8,4700.10,5,Sell,45,62,107,-17.00,1.00,-39.00,2.60,76.9,4700.90,4701.20,4698.60,4698.90,10,18,28,-8.00,0.00,-8.00,1.00,20.0,-18,36,0.0000,1.2941,-10.00,5.00,4697.59,0.3093,UP,72.85,0.3844,1.6453
20260824 104739 345,4698.80,1,4698.80,4699.20,0.40,4698.80,1,4698.70,3,4698.60,3,4698.50,1,4698.40,3,4698.30,5,4698.20,6,4698.10,4,4698.00,10,4697.90,5,4699.20,2,4699.30,3,4699.40,3,4699.50,4,4699.60,5,4699.70,3,4699.80,4,4699.90,4,4700.00,8,4700.10,5,Sell,45,63,108,-18.00,1.00,-39.00,2.60,80.8,4700.90,4701.20,4698.60,4698.80,10,18,28,-8.00,0.00,-8.00,1.00,20.0,-18,36,0.0000,1.1667,-11.00,4.00,4697.58,0.3061,UP,72.85,0.3844,1.6453
20260824 104739 369,4699.00,1,4698.80,4699.20,0.40,4698.80,1,4698.70,3,4698.60,3,4698.50,1,4698.40,3,4698.30,5,4698.20,6,4698.10,4,4698.00,10,4697.90,5,4699.20,2,4699.30,3,4699.40,3,4699.50,4,4699.60,5,4699.70,3,4699.80,4,4699.90,4,4700.00,8,4700.10,5,Buy,46,63,109,-17.00,1.00,-39.00,2.60,73.1,4700.90,4701.20,4698.60,4699.00,10,18,28,-8.00,0.00,-8.00,1.00,20.0,-18,36,0.0000,1.2941,-10.00,5.00,4697.60,0.3125,UP,72.85,0.3844,1.6453
20260824 104741 350,4699.10,1,4699.20,4699.50,0.30,4699.20,3,4699.10,6,4699.00,3,4698.90,5,4698.80,2,4698.70,4,4698.60,6,4698.50,3,4698.40,3,4698.30,5,4699.50,1,4699.60,1,4699.70,3,4699.80,2,4699.90,2,4700.00,6,4700.10,4,4700.20,4,4700.30,6,4700.40,4,Buy,47,63,110,-16.00,1.00,-39.00,2.60,69.2,4700.90,4701.20,4698.60,4699.10,10,18,28,-8.00,0.00,-8.00,1.00,20.0,-18,36,0.0000,1.4375,-9.00,6.00,4697.61,0.3156,UP,72.85,0.3844,1.6453
20260824 104741 350,4699.10,1,4699.20,4699.50,0.30,4699.20,3,4699.10,6,4699.00,3,4698.90,5,4698.80,2,4698.70,4,4698.60,6,4698.50,3,4698.40,3,4698.30,5,4699.50,1,4699.60,1,4699.70,3,4699.80,2,4699.90,2,4700.00,6,4700.10,4,4700.20,4,4700.30,6,4700.40,4,Buy,48,63,111,-15.00,1.00,-39.00,2.60,69.2,4700.90,4701.20,4698.60,4699.10,10,18,28,-8.00,0.00,-8.00,1.00,20.0,-18,36,0.0000,1.6000,-8.00,7.00,4697.61,0.3156,UP,72.85,0.3844,1.6453
20260824 104741 350,4699.20,1,4699.20,4699.50,0.30,4699.20,3,4699.10,6,4699.00,3,4698.90,5,4698.80,2,4698.70,4,4698.60,6,4698.50,3,4698.40,3,4698.30,5,4699.50,1,4699.60,1,4699.70,3,4699.80,2,4699.90,2,4700.00,6,4700.10,4,4700.20,4,4700.30,6,4700.40,4,Buy,49,63,112,-14.00,1.00,-39.00,2.60,65.4,4700.90,4701.20,4698.60,4699.20,10,18,28,-8.00,0.00,-8.00,1.00,20.0,-18,36,0.0000,1.7857,-7.00,8.00,4697.62,0.3188,UP,72.85,0.3844,1.6453
20260824 104741 350,4699.20,1,4699.20,4699.50,0.30,4699.20,3,4699.10,6,4699.00,3,4698.90,5,4698.80,2,4698.70,4,4698.60,6,4698.50,3,4698.40,3,4698.30,5,4699.50,1,4699.60,1,4699.70,3,4699.80,2,4699.90,2,4700.00,6,4700.10,4,4700.20,4,4700.30,6,4700.40,4,Buy,50,63,113,-13.00,1.00,-39.00,2.60,65.4,4700.90,4701.20,4698.60,4699.20,10,18,28,-8.00,0.00,-8.00,1.00,20.0,-18,36,0.0000,2.0000,-6.00,9.00,4697.62,0.3188,UP,72.85,0.3844,1.6453
20260824 104741 350,4699.30,1,4699.20,4699.50,0.30,4699.20,3,4699.10,6,4699.00,3,4698.90,5,4698.80,2,4698.70,4,4698.60,6,4698.50,3,4698.40,3,4698.30,5,4699.50,1,4699.60,1,4699.70,3,4699.80,2,4699.90,2,4700.00,6,4700.10,4,4700.20,4,4700.30,6,4700.40,4,Buy,51,63,114,-12.00,1.00,-39.00,2.60,61.5,4700.90,4701.20,4698.60,4699.30,10,18,28,-8.00,0.00,-8.00,1.00,20.0,-18,36,0.0000,2.2500,-5.00,10.00,4697.63,0.3220,UP,72.85,0.3844,1.6453
20260824 104741 350,4699.30,1,4699.20,4699.50,0.30,4699.20,3,4699.10,6,4699.00,3,4698.90,5,4698.80,2,4698.70,4,4698.60,6,4698.50,3,4698.40,3,4698.30,5,4699.50,1,4699.60,1,4699.70,3,4699.80,2,4699.90,2,4700.00,6,4700.10,4,4700.20,4,4700.30,6,4700.40,4,Buy,52,63,115,-11.00,1.00,-39.00,2.60,61.5,4700.90,4701.20,4698.60,4699.30,10,18,28,-8.00,0.00,-8.00,1.00,20.0,-18,36,0.0000,2.5455,-4.00,11.00,4697.63,0.3220,UP,72.85,0.3844,1.6453
20260824 104741 350,4699.40,1,4699.20,4699.50,0.30,4699.20,3,4699.10,6,4699.00,3,4698.90,5,4698.80,2,4698.70,4,4698.60,6,4698.50,3,4698.40,3,4698.30,5,4699.50,1,4699.60,1,4699.70,3,4699.80,2,4699.90,2,4700.00,6,4700.10,4,4700.20,4,4700.30,6,4700.40,4,Buy,53,63,116,-10.00,1.00,-39.00,2.60,57.7,4700.90,4701.20,4698.60,4699.40,10,18,28,-8.00,0.00,-8.00,1.00,20.0,-18,36,0.0000,2.9000,-3.00,12.00,4697.64,0.3252,UP,72.85,0.3844,1.6453
20260824 104741 350,4699.40,1,4699.20,4699.50,0.30,4699.20,3,4699.10,6,4699.00,3,4698.90,5,4698.80,2,4698.70,4,4698.60,6,4698.50,3,4698.40,3,4698.30,5,4699.50,1,4699.60,1,4699.70,3,4699.80,2,4699.90,2,4700.00,6,4700.10,4,4700.20,4,4700.30,6,4700.40,4,Buy,54,63,117,-9.00,1.00,-39.00,2.60,57.7,4700.90,4701.20,4698.60,4699.40,10,18,28,-8.00,0.00,-8.00,1.00,20.0,-18,36,0.0000,3.3333,-2.00,13.00,4697.64,0.3252,UP,72.85,0.3844,1.6453
20260824 104741 350,4699.50,1,4699.20,4699.50,0.30,4699.20,3,4699.10,6,4699.00,3,4698.90,5,4698.80,2,4698.70,4,4698.60,6,4698.50,3,4698.40,3,4698.30,5,4699.50,1,4699.60,1,4699.70,3,4699.80,2,4699.90,2,4700.00,6,4700.10,4,4700.20,4,4700.30,6,4700.40,4,Buy,55,63,118,-8.00,1.00,-39.00,2.60,53.8,4700.90,4701.20,4698.60,4699.50,10,18,28,-8.00,0.00,-8.00,1.00,20.0,-18,36,0.0000,3.8750,-1.00,14.00,4697.65,0.3283,UP,72.85,0.3844,1.6453
20260824 104741 362,4699.30,1,4699.20,4699.50,0.30,4699.20,3,4699.10,6,4699.00,3,4698.90,5,4698.80,2,4698.70,4,4698.60,6,4698.50,3,4698.40,3,4698.30,5,4699.50,1,4699.60,1,4699.70,3,4699.80,2,4699.90,2,4700.00,6,4700.10,4,4700.20,4,4700.30,6,4700.40,4,Buy,56,63,119,-7.00,1.00,-39.00,2.60,61.5,4700.90,4701.20,4698.60,4699.30,10,18,28,-8.00,0.00,-8.00,1.00,20.0,-18,36,0.0000,4.5714,0.00,15.00,4697.63,0.3220,UP,72.85,0.3844,1.6453
20260824 104741 363,4699.40,1,4699.20,4699.50,0.30,4699.20,3,4699.10,6,4699.00,3,4698.90,5,4698.80,2,4698.70,4,4698.60,6,4698.50,3,4698.40,3,4698.30,5,4699.50,1,4699.60,1,4699.70,3,4699.80,2,4699.90,2,4700.00,6,4700.10,4,4700.20,4,4700.30,6,4700.40,4,Buy,57,63,120,-6.00,1.00,-39.00,2.60,57.7,4700.90,4701.20,4698.60,4699.40,10,18,28,-8.00,0.00,-8.00,1.00,20.0,-18,36,0.0000,5.5000,1.00,16.00,4697.64,0.3252,UP,72.85,0.3844,1.6453
20260824 104741 363,4699.40,1,4699.20,4699.50,0.30,4699.20,3,4699.10,6,4699.00,3,4698.90,5,4698.80,2,4698.70,4,4698.60,6,4698.50,3,4698.40,3,4698.30,5,4699.50,1,4699.60,1,4699.70,3,4699.80,2,4699.90,2,4700.00,6,4700.10,4,4700.20,4,4700.30,6,4700.40,4,Buy,58,63,121,-5.00,1.00,-39.00,2.60,57.7,4700.90,4701.20,4698.60,4699.40,10,18,28,-8.00,0.00,-8.00,1.00,20.0,-18,36,0.0000,6.8000,2.00,17.00,4697.64,0.3252,UP,72.85,0.3844,1.6453
20260824 104741 369,4699.50,1,4699.20,4699.50,0.30,4699.20,3,4699.10,6,4699.00,3,4698.90,5,4698.80,2,4698.70,4,4698.60,6,4698.50,3,4698.40,3,4698.30,5,4699.50,1,4699.60,1,4699.70,3,4699.80,2,4699.90,2,4700.00,6,4700.10,4,4700.20,4,4700.30,6,4700.40,4,Buy,59,63,122,-4.00,1.00,-39.00,2.60,53.8,4700.90,4701.20,4698.60,4699.50,10,18,28,-8.00,0.00,-8.00,1.00,20.0,-18,36,0.0000,8.7500,3.00,18.00,4697.65,0.3283,UP,72.85,0.3844,1.6453
20260824 104741 383,4699.40,1,4699.20,4699.50,0.30,4699.20,3,4699.10,6,4699.00,3,4698.90,5,4698.80,2,4698.70,4,4698.60,6,4698.50,3,4698.40,3,4698.30,5,4699.50,1,4699.60,1,4699.70,3,4699.80,2,4699.90,2,4700.00,6,4700.10,4,4700.20,4,4700.30,6,4700.40,4,Sell,59,64,123,-5.00,1.00,-39.00,2.60,57.7,4700.90,4701.20,4698.60,4699.40,10,18,28,-8.00,0.00,-8.00,1.00,20.0,-18,36,0.0000,6.8000,2.00,17.00,4697.64,0.3252,UP,72.85,0.3844,1.6453
20260824 104741 402,4699.20,1,4699.20,4699.50,0.30,4699.20,3,4699.10,6,4699.00,3,4698.90,5,4698.80,2,4698.70,4,4698.60,6,4698.50,3,4698.40,3,4698.30,5,4699.50,1,4699.60,1,4699.70,3,4699.80,2,4699.90,2,4700.00,6,4700.10,4,4700.20,4,4700.30,6,4700.40,4,Sell,59,65,124,-6.00,1.00,-39.00,2.60,65.4,4700.90,4701.20,4698.60,4699.20,10,18,28,-8.00,0.00,-8.00,1.00,20.0,-18,36,0.0000,5.5000,1.00,16.00,4697.62,0.3188,UP,72.85,0.3844,1.6453
20260824 104741 404,4699.20,1,4699.20,4699.50,0.30,4699.20,3,4699.10,6,4699.00,3,4698.90,5,4698.80,2,4698.70,4,4698.60,6,4698.50,3,4698.40,3,4698.30,5,4699.50,1,4699.60,1,4699.70,3,4699.80,2,4699.90,2,4700.00,6,4700.10,4,4700.20,4,4700.30,6,4700.40,4,Sell,59,66,125,-7.00,1.00,-39.00,2.60,65.4,4700.90,4701.20,4698.60,4699.20,10,18,28,-8.00,0.00,-8.00,1.00,20.0,-18,36,0.0000,4.5714,0.00,15.00,4697.62,0.3188,UP,72.85,0.3844,1.6453
20260824 104741 947,4698.90,1,4698.90,4699.10,0.20,4698.60,3,4698.50,1,4698.40,3,4698.30,6,4698.20,6,4698.10,4,4698.00,10,4697.90,5,4697.80,6,4697.70,3,4699.00,2,4699.10,2,4699.20,2,4699.30,2,4699.40,4,4699.50,2,4699.60,4,4699.70,3,4699.80,5,4699.90,4,Sell,59,67,126,-8.00,1.00,-39.00,2.60,76.9,4700.90,4701.20,4698.60,4698.90,10,18,28,-8.00,0.00,-8.00,1.00,20.0,-18,36,0.0000,3.8750,-1.00,14.00,4697.59,0.3093,UP,72.85,0.3844,1.6453
20260824 104742 928,4698.70,1,4698.60,4699.00,0.40,4698.60,4,4698.50,1,4698.40,3,4698.30,5,4698.20,6,4698.10,5,4698.00,10,4697.90,5,4697.80,6,4697.70,3,4699.00,2,4699.10,1,4699.20,3,4699.30,1,4699.40,4,4699.50,2,4699.60,4,4699.70,3,4699.80,6,4699.90,4,Sell,59,68,127,-9.00,1.00,-39.00,2.60,84.6,4700.90,4701.20,4698.60,4698.70,10,18,28,-8.00,0.00,-8.00,1.00,20.0,-18,36,0.0000,3.3333,-2.00,13.00,4697.57,0.3030,UP,72.85,0.3844,1.6453
20260824 104742 928,4698.70,1,4698.60,4699.00,0.40,4698.60,4,4698.50,1,4698.40,3,4698.30,5,4698.20,6,4698.10,5,4698.00,10,4697.90,5,4697.80,6,4697.70,3,4699.00,2,4699.10,1,4699.20,3,4699.30,1,4699.40,4,4699.50,2,4699.60,4,4699.70,3,4699.80,6,4699.90,4,Sell,59,69,128,-10.00,1.00,-39.00,2.60,84.6,4700.90,4701.20,4698.60,4698.70,10,18,28,-8.00,0.00,-8.00,1.00,20.0,-18,36,0.0000,2.9000,-3.00,12.00,4697.57,0.3030,UP,72.85,0.3844,1.6453
20260824 104744 624,4698.80,1,4698.80,4699.10,0.30,4698.80,2,4698.70,6,4698.60,3,4698.50,3,4698.40,3,4698.30,5,4698.20,6,4698.10,4,4698.00,10,4697.90,5,4699.10,1,4699.20,2,4699.30,2,4699.40,4,4699.50,3,4699.60,3,4699.70,2,4699.80,5,4699.90,4,4700.00,8,Sell,59,70,129,-11.00,1.00,-39.00,2.60,80.8,4700.90,4701.20,4698.60,4698.80,10,18,28,-8.00,0.00,-8.00,1.00,20.0,-18,36,0.0000,2.5455,-4.00,11.00,4697.58,0.3061,UP,72.85,0.3844,1.6453
20260824 104747 394,4698.90,1,4699.00,4699.20,0.20,4698.80,1,4698.70,6,4698.60,5,4698.50,3,4698.40,3,4698.30,5,4698.20,6,4698.10,4,4698.00,10,4697.90,5,4698.90,5,4699.20,3,4699.30,2,4699.40,5,4699.50,3,4699.60,3,4699.70,2,4699.80,5,4699.90,4,4700.00,8,Sell,59,71,130,-12.00,1.00,-39.00,2.60,76.9,4700.90,4701.20,4698.60,4698.90,10,18,28,-8.00,0.00,-8.00,1.00,20.0,-18,36,0.0000,2.2500,-5.00,10.00,4697.59,0.3093,UP,72.85,0.3844,1.6453
20260824 104747 396,4698.90,5,4699.00,4699.20,0.20,4698.80,1,4698.70,6,4698.60,5,4698.50,3,4698.40,3,4698.30,5,4698.20,6,4698.10,4,4698.00,10,4697.90,5,4698.90,5,4699.20,3,4699.30,2,4699.40,5,4699.50,3,4699.60,3,4699.70,2,4699.80,5,4699.90,4,4700.00,8,Buy,64,71,135,-7.00,1.00,-39.00,2.60,76.9,4700.90,4701.20,4698.60,4698.90,10,18,28,-8.00,0.00,-8.00,1.00,20.0,-18,36,0.0000,4.5714,0.00,15.00,4697.59,0.3093,UP,72.85,0.3844,1.6453
20260824 104747 400,4699.00,1,4699.00,4699.20,0.20,4698.80,1,4698.70,6,4698.60,5,4698.50,3,4698.40,3,4698.30,5,4698.20,6,4698.10,4,4698.00,10,4697.90,5,4698.90,5,4699.20,3,4699.30,2,4699.40,5,4699.50,3,4699.60,3,4699.70,2,4699.80,5,4699.90,4,4700.00,8,Sell,64,72,136,-8.00,1.00,-39.00,2.60,73.1,4700.90,4701.20,4698.60,4699.00,10,18,28,-8.00,0.00,-8.00,1.00,20.0,-18,36,0.0000,3.8750,-1.00,14.00,4697.60,0.3125,UP,72.85,0.3844,1.6453
20260824 104754 755,4698.90,1,4698.70,4699.10,0.40,4698.70,2,4698.60,5,4698.50,2,4698.40,3,4698.30,5,4698.20,6,4698.10,4,4698.00,10,4697.90,5,4697.80,6,4699.10,2,4699.20,1,4699.30,3,4699.40,3,4699.50,2,4699.60,3,4699.70,3,4699.80,5,4699.90,4,4700.00,8,Sell,64,73,137,-9.00,1.00,-39.00,2.60,76.9,4700.90,4701.20,4698.60,4698.90,10,18,28,-8.00,0.00,-8.00,1.00,20.0,-18,36,0.0000,3.3333,-2.00,13.00,4697.59,0.3093,UP,72.85,0.3844,1.6453
20260824 104756 656,4699.10,2,4698.80,4699.10,0.30,4698.90,1,4698.80,3,4698.70,1,4698.60,6,4698.50,1,4698.40,3,4698.30,5,4698.20,6,4698.10,5,4698.00,10,4699.10,2,4699.20,1,4699.30,2,4699.40,3,4699.50,2,4699.60,4,4699.70,3,4699.80,5,4699.90,4,4700.00,8,Buy,66,73,139,-7.00,1.00,-39.00,2.60,69.2,4700.90,4701.20,4698.60,4699.10,10,18,28,-8.00,0.00,-8.00,1.00,20.0,-18,36,0.0000,4.5714,0.00,15.00,4697.61,0.3156,UP,72.85,0.3844,1.6453
20260824 104800 029,4699.30,1,4699.20,4699.50,0.30,4699.20,1,4699.10,3,4699.00,3,4698.90,2,4698.80,2,4698.70,3,4698.60,6,4698.50,3,4698.40,4,4698.30,5,4699.50,1,4699.60,2,4699.70,1,4699.80,2,4699.90,4,4700.00,6,4700.10,3,4700.20,5,4700.30,6,4700.40,4,Sell,0,1,1,-1.00,-1.00,-1.00,0.00,0.0,4699.30,4699.30,4699.30,4699.30,66,73,139,-7.00,1.00,-39.00,2.60,69.2,30,102,4.5714,0.0000,-1.00,3.00,4697.63,0.3220,UP,73.40,1.8937,1.5420
20260824 104800 525,4699.50,1,4699.40,4699.70,0.30,4699.40,1,4699.30,2,4699.20,3,4699.10,5,4699.00,3,4698.90,4,4698.80,2,4698.70,3,4698.60,6,4698.50,3,4699.70,2,4699.80,3,4699.90,3,4700.00,7,4700.10,3,4700.20,4,4700.30,5,4700.40,4,4700.50,4,4700.60,3,Buy,1,1,2,0.00,0.00,-1.00,0.20,100.0,4699.30,4699.50,4699.30,4699.50,66,73,139,-7.00,1.00,-39.00,2.60,69.2,30,102,4.5714,0.0000,0.00,4.00,4697.65,0.3283,UP,73.40,1.8937,1.5563
20260824 104800 789,4699.50,1,4699.30,4699.50,0.20,4699.30,2,4699.20,2,4699.10,4,4699.00,3,4698.90,4,4698.80,2,4698.70,3,4698.60,6,4698.50,3,4698.40,4,4699.50,1,4699.70,2,4699.80,3,4699.90,3,4700.00,7,4700.10,3,4700.20,4,4700.30,5,4700.40,4,4700.50,4,Buy,2,1,3,1.00,1.00,-1.00,0.20,100.0,4699.30,4699.50,4699.30,4699.50,66,73,139,-7.00,1.00,-39.00,2.60,69.2,30,102,4.5714,0.0000,1.00,5.00,4697.65,0.3283,UP,73.40,1.8937,1.5563
20260824 104806 631,4699.40,1,4699.40,4699.80,0.40,4699.40,1,4699.30,2,4699.20,4,4699.10,4,4699.00,4,4698.90,4,4698.80,2,4698.70,3,4698.60,6,4698.50,3,4699.80,2,4699.90,3,4700.00,6,4700.10,3,4700.20,5,4700.30,5,4700.40,3,4700.50,4,4700.60,3,4700.70,4,Sell,2,2,4,0.00,1.00,-1.00,0.20,50.0,4699.30,4699.50,4699.30,4699.40,66,73,139,-7.00,1.00,-39.00,2.60,69.2,30,102,4.5714,1.0000,0.00,4.00,4697.64,0.3252,UP,73.40,1.8937,1.5563
20260824 104806 631,4699.40,2,4699.40,4699.80,0.40,4699.40,1,4699.30,2,4699.20,4,4699.10,4,4699.00,4,4698.90,4,4698.80,2,4698.70,3,4698.60,6,4698.50,3,4699.80,2,4699.90,3,4700.00,6,4700.10,3,4700.20,5,4700.30,5,4700.40,3,4700.50,4,4700.60,3,4700.70,4,Sell,2,4,6,-2.00,1.00,-2.00,0.20,50.0,4699.30,4699.50,4699.30,4699.40,66,73,139,-7.00,1.00,-39.00,2.60,69.2,30,102,4.5714,0.0000,-2.00,2.00,4697.64,0.3252,UP,73.40,1.8937,1.5563
20260824 104806 631,4699.40,1,4699.40,4699.80,0.40,4699.40,1,4699.30,2,4699.20,4,4699.10,4,4699.00,4,4698.90,4,4698.80,2,4698.70,3,4698.60,6,4698.50,3,4699.80,2,4699.90,3,4700.00,6,4700.10,3,4700.20,5,4700.30,5,4700.40,3,4700.50,4,4700.60,3,4700.70,4,Sell,2,5,7,-3.00,1.00,-3.00,0.20,50.0,4699.30,4699.50,4699.30,4699.40,66,73,139,-7.00,1.00,-39.00,2.60,69.2,30,102,4.5714,0.0000,-3.00,1.00,4697.64,0.3252,UP,73.40,1.8937,1.5563
20260824 104806 631,4699.30,1,4699.40,4699.80,0.40,4699.40,1,4699.30,2,4699.20,4,4699.10,4,4699.00,4,4698.90,4,4698.80,2,4698.70,3,4698.60,6,4698.50,3,4699.80,2,4699.90,3,4700.00,6,4700.10,3,4700.20,5,4700.30,5,4700.40,3,4700.50,4,4700.60,3,4700.70,4,Sell,2,6,8,-4.00,1.00,-4.00,0.20,0.0,4699.30,4699.50,4699.30,4699.30,66,73,139,-7.00,1.00,-39.00,2.60,69.2,30,102,4.5714,0.0000,-4.00,0.00,4697.63,0.3220,UP,73.40,1.8937,1.5563
20260824 104806 631,4699.30,1,4699.40,4699.80,0.40,4699.40,1,4699.30,2,4699.20,4,4699.10,4,4699.00,4,4698.90,4,4698.80,2,4698.70,3,4698.60,6,4698.50,3,4699.80,2,4699.90,3,4700.00,6,4700.10,3,4700.20,5,4700.30,5,4700.40,3,4700.50,4,4700.60,3,4700.70,4,Sell,2,7,9,-5.00,1.00,-5.00,0.20,0.0,4699.30,4699.50,4699.30,4699.30,66,73,139,-7.00,1.00,-39.00,2.60,69.2,30,102,4.5714,0.0000,-5.00,-1.00,4697.63,0.3220,UP,73.40,1.8937,1.5563
20260824 104815 471,4699.20,1,4699.10,4699.20,0.10,4699.10,3,4699.00,4,4698.90,2,4698.80,2,4698.70,4,4698.60,6,4698.50,3,4698.40,4,4698.30,5,4698.20,6,4699.50,4,4699.60,2,4699.70,1,4699.80,2,4699.90,3,4700.00,8,4700.10,4,4700.20,6,4700.30,6,4700.40,4,Buy,3,7,10,-4.00,1.00,-5.00,0.30,33.3,4699.30,4699.50,4699.20,4699.20,66,73,139,-7.00,1.00,-39.00,2.60,69.2,30,102,4.5714,0.2500,-4.00,0.00,4697.62,0.3188,UP,73.40,1.8937,1.5563
20260824 104818 362,4699.10,2,4699.00,4699.30,0.30,4699.00,1,4698.90,1,4698.80,1,4698.70,3,4698.60,5,4698.50,3,4698.40,4,4698.30,5,4698.20,6,4698.10,5,4699.30,2,4699.40,3,4699.50,3,4699.60,1,4699.70,3,4699.80,2,4699.90,4,4700.00,9,4700.10,5,4700.20,5,Sell,3,9,12,-6.00,1.00,-6.00,0.40,50.0,4699.30,4699.50,4699.10,4699.10,66,73,139,-7.00,1.00,-39.00,2.60,69.2,30,102,4.5714,0.0000,-6.00,-2.00,4697.61,0.3156,UP,73.40,1.8937,1.5563
20260824 104818 362,4699.10,1,4699.00,4699.30,0.30,4699.00,1,4698.90,1,4698.80,1,4698.70,3,4698.60,5,4698.50,3,4698.40,4,4698.30,5,4698.20,6,4698.10,5,4699.30,2,4699.40,3,4699.50,3,4699.60,1,4699.70,3,4699.80,2,4699.90,4,4700.00,9,4700.10,5,4700.20,5,Sell,3,10,13,-7.00,1.00,-7.00,0.40,50.0,4699.30,4699.50,4699.10,4699.10,66,73,139,-7.00,1.00,-39.00,2.60,69.2,30,102,4.5714,0.0000,-7.00,-3.00,4697.61,0.3156,UP,73.40,1.8937,1.5563
20260824 104820 513,4699.30,1,4699.30,4699.50,0.20,4699.30,2,4699.20,4,4699.10,3,4699.00,2,4698.90,4,4698.80,1,4698.70,3,4698.60,6,4698.50,3,4698.40,4,4699.60,1,4699.80,1,4699.90,3,4700.00,7,4700.10,4,4700.20,4,4700.30,5,4700.40,4,4700.50,3,4700.60,3,Buy,4,10,14,-6.00,1.00,-7.00,0.40,0.0,4699.30,4699.50,4699.10,4699.30,66,73,139,-7.00,1.00,-39.00,2.60,69.2,30,102,4.5714,0.1667,-6.00,-2.00,4697.63,0.3220,UP,73.40,1.8937,1.5563
20260824 104820 516,4699.50,1,4699.30,4699.60,0.30,4699.30,2,4699.20,4,4699.10,3,4699.00,2,4698.90,4,4698.80,1,4698.70,3,4698.60,6,4698.50,3,4698.40,4,4699.60,1,4699.80,1,4699.90,3,4700.00,7,4700.10,4,4700.20,4,4700.30,5,4700.40,4,4700.50,3,4700.60,3,Buy,5,10,15,-5.00,1.00,-7.00,0.40,50.0,4699.30,4699.50,4699.10,4699.50,66,73,139,-7.00,1.00,-39.00,2.60,69.2,30,102,4.5714,0.4000,-5.00,-1.00,4697.65,0.3283,UP,73.40,1.8937,1.5563
20260824 104820 516,4699.50,1,4699.30,4699.60,0.30,4699.30,2,4699.20,4,4699.10,3,4699.00,2,4698.90,4,4698.80,1,4698.70,3,4698.60,6,4698.50,3,4698.40,4,4699.60,1,4699.80,1,4699.90,3,4700.00,7,4700.10,4,4700.20,4,4700.30,5,4700.40,4,4700.50,3,4700.60,3,Buy,6,10,16,-4.00,1.00,-7.00,0.40,50.0,4699.30,4699.50,4699.10,4699.50,66,73,139,-7.00,1.00,-39.00,2.60,69.2,30,102,4.5714,0.7500,-4.00,0.00,4697.65,0.3283,UP,73.40,1.8937,1.5563
20260824 104820 516,4699.50,1,4699.30,4699.60,0.30,4699.30,2,4699.20,4,4699.10,3,4699.00,2,4698.90,4,4698.80,1,4698.70,3,4698.60,6,4698.50,3,4698.40,4,4699.60,1,4699.80,1,4699.90,3,4700.00,7,4700.10,4,4700.20,4,4700.30,5,4700.40,4,4700.50,3,4700.60,3,Buy,7,10,17,-3.00,1.00,-7.00,0.40,50.0,4699.30,4699.50,4699.10,4699.50,66,73,139,-7.00,1.00,-39.00,2.60,69.2,30,102,4.5714,1.3333,-3.00,1.00,4697.65,0.3283,UP,73.40,1.8937,1.5563
20260824 104822 952,4699.60,1,4699.40,4699.70,0.30,4699.40,1,4699.30,2,4699.20,4,4699.10,3,4699.00,3,4698.90,4,4698.80,1,4698.70,3,4698.60,6,4698.50,4,4699.70,2,4699.80,2,4699.90,3,4700.00,6,4700.10,3,4700.20,4,4700.30,5,4700.40,2,4700.50,3,4700.60,3,Buy,8,10,18,-2.00,1.00,-7.00,0.50,60.0,4699.30,4699.60,4699.10,4699.60,66,73,139,-7.00,1.00,-39.00,2.60,69.2,30,102,4.5714,2.5000,-2.00,2.00,4697.66,0.3315,UP,73.40,1.8937,1.5635
20260824 104826 460,4699.50,1,4699.10,4699.50,0.40,4699.10,3,4699.00,2,4698.90,1,4698.80,2,4698.70,3,4698.60,6,4698.50,3,4698.40,3,4698.30,5,4698.20,6,4699.50,1,4699.60,4,4699.70,1,4699.80,4,4699.90,4,4700.00,9,4700.10,5,4700.20,5,4700.30,6,4700.40,3,Buy,9,10,19,-1.00,1.00,-7.00,0.50,40.0,4699.30,4699.60,4699.10,4699.50,66,73,139,-7.00,1.00,-39.00,2.60,69.2,30,102,4.5714,6.0000,-1.00,3.00,4697.65,0.3283,UP,73.40,1.8937,1.5635
20260824 104826 968,4699.50,1,4699.50,4699.80,0.30,4699.50,1,4699.40,2,4699.30,4,4699.20,5,4699.10,3,4699.00,4,4698.90,3,4698.80,3,4698.70,4,4698.60,6,4699.80,4,4699.90,3,4700.00,5,4700.10,3,4700.20,4,4700.30,5,4700.40,3,4700.50,3,4700.60,3,4700.70,4,Sell,9,11,20,-2.00,1.00,-7.00,0.50,40.0,4699.30,4699.60,4699.10,4699.50,66,73,139,-7.00,1.00,-39.00,2.60,69.2,30,102,4.5714,2.5000,-2.00,2.00,4697.65,0.3283,UP,73.40,1.8937,1.5635
20260824 104828 411,4700.00,1,4700.00,4700.20,0.20,4700.00,1,4699.90,1,4699.80,1,4699.70,2,4699.60,2,4699.50,3,4699.40,4,4699.30,4,4699.20,8,4699.10,5,4700.20,1,4700.30,4,4700.40,3,4700.50,3,4700.60,3,4700.70,4,4700.80,2,4700.90,4,4701.00,3,4701.10,5,Buy,10,11,21,-1.00,1.00,-7.00,0.90,77.8,4699.30,4700.00,4699.10,4700.00,66,73,139,-7.00,1.00,-39.00,2.60,69.2,30,102,4.5714,6.0000,-1.00,3.00,4697.69,0.3442,UP,73.40,1.8937,1.5920
20260824 104828 411,4700.00,1,4700.00,4700.20,0.20,4700.00,1,4699.90,1,4699.80,1,4699.70,2,4699.60,2,4699.50,3,4699.40,4,4699.30,4,4699.20,8,4699.10,5,4700.20,1,4700.30,4,4700.40,3,4700.50,3,4700.60,3,4700.70,4,4700.80,2,4700.90,4,4701.00,3,4701.10,5,Buy,11,11,22,0.00,1.00,-7.00,0.90,77.8,4699.30,4700.00,4699.10,4700.00,66,73,139,-7.00,1.00,-39.00,2.60,69.2,30,102,4.5714,1.0000,0.00,4.00,4697.69,0.3442,UP,73.40,1.8937,1.5920
20260824 104832 438,4699.80,1,4699.90,4700.20,0.30,4699.90,1,4699.80,1,4699.70,1,4699.60,4,4699.50,2,4699.40,5,4699.30,4,4699.20,7,4699.10,4,4699.00,4,4700.20,2,4700.30,3,4700.40,3,4700.50,4,4700.60,3,4700.70,5,4700.80,3,4700.90,4,4701.00,3,4701.10,5,Sell,11,12,23,-1.00,1.00,-7.00,0.90,55.6,4699.30,4700.00,4699.10,4699.80,66,73,139,-7.00,1.00,-39.00,2.60,69.2,30,102,4.5714,6.0000,-1.00,3.00,4697.67,0.3379,UP,73.40,1.8937,1.5920
20260824 104836 370,4700.00,1,4699.90,4700.20,0.30,4699.90,2,4699.80,3,4699.60,3,4699.50,3,4699.40,4,4699.30,4,4699.20,8,4699.10,4,4699.00,6,4698.90,2,4700.20,1,4700.30,1,4700.40,1,4700.50,6,4700.60,3,4700.70,5,4700.80,4,4700.90,4,4701.00,3,4701.10,5,Sell,11,13,24,-2.00,1.00,-7.00,0.90,77.8,4699.30,4700.00,4699.10,4700.00,66,73,139,-7.00,1.00,-39.00,2.60,69.2,30,102,4.5714,2.5000,-2.00,2.00,4697.69,0.3442,UP,73.40,1.8937,1.5920
20260824 104837 549,4700.20,1,4700.00,4700.40,0.40,4700.00,4,4699.90,4,4699.80,2,4699.70,1,4699.60,3,4699.50,3,4699.40,4,4699.30,4,4699.20,8,4699.10,4,4700.40,2,4700.50,2,4700.60,3,4700.70,4,4700.80,4,4700.90,4,4701.00,2,4701.10,5,4701.20,4,4701.30,4,Buy,12,13,25,-1.00,1.00,-7.00,1.10,81.8,4699.30,4700.20,4699.10,4700.20,66,73,139,-7.00,1.00,-39.00,2.60,69.2,30,102,4.5714,6.0000,-1.00,3.00,4697.71,0.3506,UP,73.40,1.8937,1.6063
20260824 104839 128,4700.10,1,4700.00,4700.30,0.30,4700.00,2,4699.90,3,4699.80,2,4699.70,2,4699.60,3,4699.50,3,4699.40,4,4699.30,4,4699.20,8,4699.10,4,4700.30,1,4700.40,1,4700.50,2,4700.60,3,4700.70,6,4700.80,3,4700.90,4,4701.00,2,4701.10,5,4701.20,4,Sell,12,14,26,-2.00,1.00,-7.00,1.10,72.7,4699.30,4700.20,4699.10,4700.10,66,73,139,-7.00,1.00,-39.00,2.60,69.2,30,102,4.5714,2.5000,-2.00,2.00,4697.70,0.3474,UP,73.40,1.8937,1.6063
20260824 104846 080,4700.00,1,4700.00,4700.20,0.20,4700.00,1,4699.80,2,4699.70,2,4699.60,2,4699.50,3,4699.40,4,4699.30,4,4699.20,7,4699.10,4,4699.00,5,4700.20,1,4700.30,1,4700.40,2,4700.50,2,4700.60,3,4700.70,5,4700.80,3,4700.90,5,4701.00,3,4701.10,4,Sell,12,15,27,-3.00,1.00,-7.00,1.10,63.6,4699.30,4700.20,4699.10,4700.00,66,73,139,-7.00,1.00,-39.00,2.60,69.2,30,102,4.5714,1.3333,-3.00,1.00,4697.69,0.3442,UP,73.40,1.8937,1.6063
20260824 104846 081,4700.00,1,4700.00,4700.20,0.20,4700.00,1,4699.80,2,4699.70,2,4699.60,2,4699.50,3,4699.40,4,4699.30,4,4699.20,7,4699.10,4,4699.00,5,4700.20,1,4700.30,1,4700.40,2,4700.50,2,4700.60,3,4700.70,5,4700.80,3,4700.90,5,4701.00,3,4701.10,4,Sell,12,16,28,-4.00,1.00,-7.00,1.10,63.6,4699.30,4700.20,4699.10,4700.00,66,73,139,-7.00,1.00,-39.00,2.60,69.2,30,102,4.5714,0.7500,-4.00,0.00,4697.69,0.3442,UP,73.40,1.8937,1.6063
20260824 104846 081,4700.00,1,4700.00,4700.20,0.20,4700.00,1,4699.80,2,4699.70,2,4699.60,2,4699.50,3,4699.40,4,4699.30,4,4699.20,7,4699.10,4,4699.00,5,4700.20,1,4700.30,1,4700.40,2,4700.50,2,4700.60,3,4700.70,5,4700.80,3,4700.90,5,4701.00,3,4701.10,4,Sell,12,17,29,-5.00,1.00,-7.00,1.10,63.6,4699.30,4700.20,4699.10,4700.00,66,73,139,-7.00,1.00,-39.00,2.60,69.2,30,102,4.5714,0.4000,-5.00,-1.00,4697.69,0.3442,UP,73.40,1.8937,1.6063
20260824 104851 840,4700.00,1,4699.90,4700.20,0.30,4699.90,1,4699.80,2,4699.70,2,4699.60,2,4699.50,2,4699.40,5,4699.30,4,4699.20,7,4699.10,4,4699.00,5,4700.20,1,4700.30,1,4700.40,4,4700.50,2,4700.60,3,4700.70,5,4700.80,3,4700.90,5,4701.00,3,4701.10,4,Sell,12,18,30,-6.00,1.00,-7.00,1.10,63.6,4699.30,4700.20,4699.10,4700.00,66,73,139,-7.00,1.00,-39.00,2.60,69.2,30,102,4.5714,0.1667,-6.00,-2.00,4697.69,0.3442,UP,73.40,1.8937,1.6063
20260824 104853 086,4700.10,1,4700.10,4700.30,0.20,4700.00,1,4699.90,2,4699.80,3,4699.70,3,4699.60,2,4699.50,3,4699.40,4,4699.30,4,4699.20,8,4699.10,4,4700.30,1,4700.40,4,4700.50,2,4700.60,2,4700.70,5,4700.80,4,4700.90,5,4701.00,3,4701.10,4,4701.20,4,Sell,12,19,31,-7.00,1.00,-7.00,1.10,72.7,4699.30,4700.20,4699.10,4700.10,66,73,139,-7.00,1.00,-39.00,2.60,69.2,30,102,4.5714,0.0000,-7.00,-3.00,4697.70,0.3474,UP,73.40,1.8937,1.6063
20260824 104853 769,4700.30,1,4700.20,4700.50,0.30,4700.20,1,4700.10,2,4700.00,3,4699.90,5,4699.80,4,4699.70,3,4699.60,2,4699.50,3,4699.40,4,4699.30,4,4700.50,1,4700.60,2,4700.70,4,4700.80,2,4700.90,4,4701.00,4,4701.10,4,4701.20,4,4701.30,3,4701.40,6,Buy,13,19,32,-6.00,1.00,-7.00,1.20,83.3,4699.30,4700.30,4699.10,4700.30,66,73,139,-7.00,1.00,-39.00,2.60,69.2,30,102,4.5714,0.1667,-6.00,-2.00,4697.72,0.3537,UP,73.40,1.8937,1.6135
20260824 104853 799,4700.50,1,4700.20,4700.50,0.30,4700.20,1,4700.10,2,4700.00,3,4699.90,5,4699.80,4,4699.70,3,4699.60,2,4699.50,3,4699.40,4,4699.30,4,4700.50,1,4700.60,2,4700.70,4,4700.80,2,4700.90,4,4701.00,4,4701.10,4,4701.20,4,4701.30,3,4701.40,6,Buy,14,19,33,-5.00,1.00,-7.00,1.40,85.7,4699.30,4700.50,4699.10,4700.50,66,73,139,-7.00,1.00,-39.00,2.60,69.2,30,102,4.5714,0.4000,-5.00,-1.00,4697.74,0.3601,UP,73.40,1.8937,1.6278
20260824 104854 951,4700.40,1,4700.20,4700.60,0.40,4700.20,3,4700.10,2,4700.00,4,4699.90,6,4699.80,3,4699.70,3,4699.60,2,4699.50,3,4699.40,4,4699.30,4,4700.60,1,4700.70,3,4700.80,1,4700.90,4,4701.00,4,4701.10,4,4701.20,3,4701.30,4,4701.40,6,4701.50,4,Sell,14,20,34,-6.00,1.00,-7.00,1.40,78.6,4699.30,4700.50,4699.10,4700.40,66,73,139,-7.00,1.00,-39.00,2.60,69.2,30,102,4.5714,0.1667,-6.00,-2.00,4697.73,0.3569,UP,73.40,1.8937,1.6278
20260824 104902 811,4700.50,1,4700.30,4700.70,0.40,4700.30,1,4700.20,3,4700.10,4,4700.00,7,4699.90,4,4699.80,4,4699.70,3,4699.60,3,4699.50,3,4699.40,4,4700.70,2,4700.80,1,4700.90,3,4701.00,3,4701.10,5,4701.20,3,4701.30,3,4701.40,6,4701.50,4,4701.60,12,Buy,1,0,1,1.00,1.00,1.00,0.00,0.0,4700.50,4700.50,4700.50,4700.50,14,20,34,-6.00,1.00,-7.00,1.40,78.6,-15,33,0.1667,0.0000,6.00,-5.00,4697.74,0.3601,UP,70.80,0.4802,1.5186
20260824 104903 450,4700.30,1,4700.30,4700.60,0.30,4700.30,2,4700.20,2,4700.10,3,4700.00,6,4699.90,4,4699.80,4,4699.70,3,4699.60,3,4699.50,3,4699.40,5,4700.60,1,4700.70,2,4700.80,2,4700.90,3,4701.00,3,4701.10,5,4701.20,3,4701.30,4,4701.40,6,4701.50,4,Sell,1,1,2,0.00,1.00,0.00,0.20,100.0,4700.50,4700.50,4700.30,4700.30,14,20,34,-6.00,1.00,-7.00,1.40,78.6,-15,33,0.1667,1.0000,5.00,-6.00,4697.72,0.3537,UP,70.80,0.4802,1.5258
20260824 104906 451,4700.40,1,4700.30,4700.40,0.10,4700.30,1,4700.10,1,4700.00,3,4699.90,3,4699.80,2,4699.70,3,4699.60,2,4699.50,2,4699.40,4,4699.30,4,4700.40,1,4700.50,2,4700.60,3,4700.70,3,4700.80,2,4700.90,4,4701.00,4,4701.10,5,4701.20,4,4701.30,4,Sell,1,2,3,-1.00,1.00,-1.00,0.20,50.0,4700.50,4700.50,4700.30,4700.40,14,20,34,-6.00,1.00,-7.00,1.40,78.6,-15,33,0.1667,0.0000,4.00,-7.00,4697.73,0.3569,UP,70.80,0.4802,1.5258
20260824 104906 451,4700.30,1,4700.30,4700.40,0.10,4700.30,1,4700.10,1,4700.00,3,4699.90,3,4699.80,2,4699.70,3,4699.60,2,4699.50,2,4699.40,4,4699.30,4,4700.40,1,4700.50,2,4700.60,3,4700.70,3,4700.80,2,4700.90,4,4701.00,4,4701.10,5,4701.20,4,4701.30,4,Sell,1,3,4,-2.00,1.00,-2.00,0.20,100.0,4700.50,4700.50,4700.30,4700.30,14,20,34,-6.00,1.00,-7.00,1.40,78.6,-15,33,0.1667,0.0000,3.00,-8.00,4697.72,0.3537,UP,70.80,0.4802,1.5258
20260824 104906 451,4700.30,1,4700.30,4700.40,0.10,4700.30,1,4700.10,1,4700.00,3,4699.90,3,4699.80,2,4699.70,3,4699.60,2,4699.50,2,4699.40,4,4699.30,4,4700.40,1,4700.50,2,4700.60,3,4700.70,3,4700.80,2,4700.90,4,4701.00,4,4701.10,5,4701.20,4,4701.30,4,Sell,1,4,5,-3.00,1.00,-3.00,0.20,100.0,4700.50,4700.50,4700.30,4700.30,14,20,34,-6.00,1.00,-7.00,1.40,78.6,-15,33,0.1667,0.0000,2.00,-9.00,4697.72,0.3537,UP,70.80,0.4802,1.5258
20260824 104906 451,4700.30,1,4700.30,4700.40,0.10,4700.30,1,4700.10,1,4700.00,3,4699.90,3,4699.80,2,4699.70,3,4699.60,2,4699.50,2,4699.40,4,4699.30,4,4700.40,1,4700.50,2,4700.60,3,4700.70,3,4700.80,2,4700.90,4,4701.00,4,4701.10,5,4701.20,4,4701.30,4,Sell,1,5,6,-4.00,1.00,-4.00,0.20,100.0,4700.50,4700.50,4700.30,4700.30,14,20,34,-6.00,1.00,-7.00,1.40,78.6,-15,33,0.1667,0.0000,1.00,-10.00,4697.72,0.3537,UP,70.80,0.4802,1.5258
20260824 104906 451,4700.20,1,4700.30,4700.40,0.10,4700.30,1,4700.10,1,4700.00,3,4699.90,3,4699.80,2,4699.70,3,4699.60,2,4699.50,2,4699.40,4,4699.30,4,4700.40,1,4700.50,2,4700.60,3,4700.70,3,4700.80,2,4700.90,4,4701.00,4,4701.10,5,4701.20,4,4701.30,4,Sell,1,6,7,-5.00,1.00,-5.00,0.30,100.0,4700.50,4700.50,4700.20,4700.20,14,20,34,-6.00,1.00,-7.00,1.40,78.6,-15,33,0.1667,0.0000,0.00,-11.00,4697.71,0.3506,UP,70.80,0.4802,1.5329
20260824 104906 451,4700.20,1,4700.30,4700.40,0.10,4700.30,1,4700.10,1,4700.00,3,4699.90,3,4699.80,2,4699.70,3,4699.60,2,4699.50,2,4699.40,4,4699.30,4,4700.40,1,4700.50,2,4700.60,3,4700.70,3,4700.80,2,4700.90,4,4701.00,4,4701.10,5,4701.20,4,4701.30,4,Sell,1,7,8,-6.00,1.00,-6.00,0.30,100.0,4700.50,4700.50,4700.20,4700.20,14,20,34,-6.00,1.00,-7.00,1.40,78.6,-15,33,0.1667,0.0000,-1.00,-12.00,4697.71,0.3506,UP,70.80,0.4802,1.5329
20260824 104906 451,4700.10,1,4700.30,4700.40,0.10,4700.30,1,4700.10,1,4700.00,3,4699.90,3,4699.80,2,4699.70,3,4699.60,2,4699.50,2,4699.40,4,4699.30,4,4700.40,1,4700.50,2,4700.60,3,4700.70,3,4700.80,2,4700.90,4,4701.00,4,4701.10,5,4701.20,4,4701.30,4,Sell,1,8,9,-7.00,1.00,-7.00,0.40,100.0,4700.50,4700.50,4700.10,4700.10,14,20,34,-6.00,1.00,-7.00,1.40,78.6,-15,33,0.1667,0.0000,-2.00,-13.00,4697.70,0.3474,UP,70.80,0.4802,1.5401
20260824 104906 451,4700.10,1,4700.30,4700.40,0.10,4700.30,1,4700.10,1,4700.00,3,4699.90,3,4699.80,2,4699.70,3,4699.60,2,4699.50,2,4699.40,4,4699.30,4,4700.40,1,4700.50,2,4700.60,3,4700.70,3,4700.80,2,4700.90,4,4701.00,4,4701.10,5,4701.20,4,4701.30,4,Sell,1,9,10,-8.00,1.00,-8.00,0.40,100.0,4700.50,4700.50,4700.10,4700.10,14,20,34,-6.00,1.00,-7.00,1.40,78.6,-15,33,0.1667,0.0000,-3.00,-14.00,4697.70,0.3474,UP,70.80,0.4802,1.5401
20260824 104906 451,4700.00,1,4700.30,4700.40,0.10,4700.30,1,4700.10,1,4700.00,3,4699.90,3,4699.80,2,4699.70,3,4699.60,2,4699.50,2,4699.40,4,4699.30,4,4700.40,1,4700.50,2,4700.60,3,4700.70,3,4700.80,2,4700.90,4,4701.00,4,4701.10,5,4701.20,4,4701.30,4,Sell,1,10,11,-9.00,1.00,-9.00,0.50,100.0,4700.50,4700.50,4700.00,4700.00,14,20,34,-6.00,1.00,-7.00,1.40,78.6,-15,33,0.1667,0.0000,-4.00,-15.00,4697.69,0.3442,UP,70.80,0.4802,1.5472
20260824 104906 451,4700.00,1,4700.30,4700.40,0.10,4700.30,1,4700.10,1,4700.00,3,4699.90,3,4699.80,2,4699.70,3,4699.60,2,4699.50,2,4699.40,4,4699.30,4,4700.40,1,4700.50,2,4700.60,3,4700.70,3,4700.80,2,4700.90,4,4701.00,4,4701.10,5,4701.20,4,4701.30,4,Sell,1,11,12,-10.00,1.00,-10.00,0.50,100.0,4700.50,4700.50,4700.00,4700.00,14,20,34,-6.00,1.00,-7.00,1.40,78.6,-15,33,0.1667,0.0000,-5.00,-16.00,4697.69,0.3442,UP,70.80,0.4802,1.5472
20260824 104906 458,4700.30,1,4700.30,4700.40,0.10,4700.30,1,4700.10,1,4700.00,3,4699.90,3,4699.80,2,4699.70,3,4699.60,2,4699.50,2,4699.40,4,4699.30,4,4700.40,1,4700.50,2,4700.60,3,4700.70,3,4700.80,2,4700.90,4,4701.00,4,4701.10,5,4701.20,4,4701.30,4,Buy,2,11,13,-9.00,1.00,-10.00,0.50,40.0,4700.50,4700.50,4700.00,4700.30,14,20,34,-6.00,1.00,-7.00,1.40,78.6,-15,33,0.1667,0.1111,-4.00,-15.00,4697.72,0.3537,UP,70.80,0.4802,1.5472
20260824 104906 531,4700.30,1,4700.10,4700.30,0.20,4700.10,1,4700.00,3,4699.90,3,4699.80,2,4699.70,3,4699.60,2,4699.50,2,4699.40,4,4699.30,4,4699.20,7,4700.40,2,4700.50,2,4700.60,3,4700.70,3,4700.80,2,4700.90,4,4701.00,4,4701.10,5,4701.20,5,4701.30,4,Sell,2,12,14,-10.00,1.00,-10.00,0.50,40.0,4700.50,4700.50,4700.00,4700.30,14,20,34,-6.00,1.00,-7.00,1.40,78.6,-15,33,0.1667,0.0000,-5.00,-16.00,4697.72,0.3537,UP,70.80,0.4802,1.5472
20260824 104906 553,4700.30,1,4700.10,4700.30,0.20,4700.10,1,4700.00,3,4699.90,3,4699.80,2,4699.70,3,4699.60,2,4699.50,2,4699.40,4,4699.30,4,4699.20,7,4700.40,2,4700.50,2,4700.60,3,4700.70,3,4700.80,2,4700.90,4,4701.00,4,4701.10,5,4701.20,5,4701.30,4,Sell,2,13,15,-11.00,1.00,-11.00,0.50,40.0,4700.50,4700.50,4700.00,4700.30,14,20,34,-6.00,1.00,-7.00,1.40,78.6,-15,33,0.1667,0.0000,-6.00,-17.00,4697.72,0.3537,UP,70.80,0.4802,1.5472
20260824 104906 574,4700.30,1,4700.10,4700.30,0.20,4700.10,1,4700.00,3,4699.90,3,4699.80,2,4699.70,3,4699.60,2,4699.50,2,4699.40,4,4699.30,4,4699.20,7,4700.40,2,4700.50,2,4700.60,3,4700.70,3,4700.80,2,4700.90,4,4701.00,4,4701.10,5,4701.20,5,4701.30,4,Buy,3,13,16,-10.00,1.00,-11.00,0.50,40.0,4700.50,4700.50,4700.00,4700.30,14,20,34,-6.00,1.00,-7.00,1.40,78.6,-15,33,0.1667,0.1000,-5.00,-16.00,4697.72,0.3537,UP,70.80,0.4802,1.5472
20260824 104906 595,4700.30,1,4700.30,4700.50,0.20,4700.00,1,4699.90,3,4699.80,1,4699.70,2,4699.60,2,4699.50,2,4699.40,5,4699.30,4,4699.20,7,4699.10,4,4700.30,1,4700.40,1,4700.50,2,4700.60,3,4700.70,4,4700.80,2,4700.90,5,4701.00,4,4701.10,5,4701.20,5,Sell,3,14,17,-11.00,1.00,-11.00,0.50,40.0,4700.50,4700.50,4700.00,4700.30,14,20,34,-6.00,1.00,-7.00,1.40,78.6,-15,33,0.1667,0.0000,-6.00,-17.00,4697.72,0.3537,UP,70.80,0.4802,1.5472
20260824 104906 616,4700.30,1,4700.30,4700.50,0.20,4700.00,1,4699.90,3,4699.80,1,4699.70,2,4699.60,2,4699.50,2,4699.40,5,4699.30,4,4699.20,7,4699.10,4,4700.30,1,4700.40,1,4700.50,2,4700.60,3,4700.70,4,4700.80,2,4700.90,5,4701.00,4,4701.10,5,4701.20,5,Buy,4,14,18,-10.00,1.00,-11.00,0.50,40.0,4700.50,4700.50,4700.00,4700.30,14,20,34,-6.00,1.00,-7.00,1.40,78.6,-15,33,0.1667,0.1000,-5.00,-16.00,4697.72,0.3537,UP,70.80,0.4802,1.5472
20260824 104906 638,4700.30,1,4700.30,4700.50,0.20,4700.00,1,4699.90,3,4699.80,1,4699.70,2,4699.60,2,4699.50,2,4699.40,5,4699.30,4,4699.20,7,4699.10,4,4700.30,1,4700.40,1,4700.50,2,4700.60,3,4700.70,4,4700.80,2,4700.90,5,4701.00,4,4701.10,5,4701.20,5,Sell,4,15,19,-11.00,1.00,-11.00,0.50,40.0,4700.50,4700.50,4700.00,4700.30,14,20,34,-6.00,1.00,-7.00,1.40,78.6,-15,33,0.1667,0.0000,-6.00,-17.00,4697.72,0.3537,UP,70.80,0.4802,1.5472
20260824 104906 658,4700.30,1,4700.30,4700.40,0.10,4700.00,1,4699.90,2,4699.80,3,4699.70,2,4699.60,2,4699.50,2,4699.40,5,4699.30,4,4699.20,7,4699.10,4,4700.30,2,4700.40,2,4700.50,2,4700.60,3,4700.70,3,4700.80,3,4700.90,3,4701.00,4,4701.10,5,4701.20,5,Buy,5,15,20,-10.00,1.00,-11.00,0.50,40.0,4700.50,4700.50,4700.00,4700.30,14,20,34,-6.00,1.00,-7.00,1.40,78.6,-15,33,0.1667,0.1000,-5.00,-16.00,4697.72,0.3537,UP,70.80,0.4802,1.5472
20260824 104906 678,4700.30,1,4700.30,4700.40,0.10,4700.00,1,4699.90,2,4699.80,3,4699.70,2,4699.60,2,4699.50,2,4699.40,5,4699.30,4,4699.20,7,4699.10,4,4700.30,2,4700.40,2,4700.50,2,4700.60,3,4700.70,3,4700.80,3,4700.90,3,4701.00,4,4701.10,5,4701.20,5,Buy,6,15,21,-9.00,1.00,-11.00,0.50,40.0,4700.50,4700.50,4700.00,4700.30,14,20,34,-6.00,1.00,-7.00,1.40,78.6,-15,33,0.1667,0.2222,-4.00,-15.00,4697.72,0.3537,UP,70.80,0.4802,1.5472
20260824 104906 700,4700.30,1,4700.30,4700.40,0.10,4700.00,1,4699.90,2,4699.80,3,4699.70,2,4699.60,2,4699.50,2,4699.40,5,4699.30,4,4699.20,7,4699.10,4,4700.30,2,4700.40,2,4700.50,2,4700.60,3,4700.70,3,4700.80,3,4700.90,3,4701.00,4,4701.10,5,4701.20,5,Sell,6,16,22,-10.00,1.00,-11.00,0.50,40.0,4700.50,4700.50,4700.00,4700.30,14,20,34,-6.00,1.00,-7.00,1.40,78.6,-15,33,0.1667,0.1000,-5.00,-16.00,4697.72,0.3537,UP,70.80,0.4802,1.5472
20260824 104906 720,4700.30,1,4700.00,4700.40,0.40,4700.00,3,4699.90,2,4699.80,3,4699.70,2,4699.60,2,4699.50,3,4699.40,4,4699.30,4,4699.20,8,4699.10,4,4700.40,2,4700.50,2,4700.60,3,4700.70,3,4700.80,3,4700.90,3,4701.00,4,4701.10,5,4701.20,5,4701.30,4,Buy,7,16,23,-9.00,1.00,-11.00,0.50,40.0,4700.50,4700.50,4700.00,4700.30,14,20,34,-6.00,1.00,-7.00,1.40,78.6,-15,33,0.1667,0.2222,-4.00,-15.00,4697.72,0.3537,UP,70.80,0.4802,1.5472
20260824 104906 722,4700.10,1,4700.00,4700.40,0.40,4700.00,3,4699.90,2,4699.80,3,4699.70,2,4699.60,2,4699.50,3,4699.40,4,4699.30,4,4699.20,8,4699.10,4,4700.40,2,4700.50,2,4700.60,3,4700.70,3,4700.80,3,4700.90,3,4701.00,4,4701.10,5,4701.20,5,4701.30,4,Sell,7,17,24,-10.00,1.00,-11.00,0.50,80.0,4700.50,4700.50,4700.00,4700.10,14,20,34,-6.00,1.00,-7.00,1.40,78.6,-15,33,0.1667,0.1000,-5.00,-16.00,4697.70,0.3474,UP,70.80,0.4802,1.5472
20260824 104906 742,4700.20,1,4700.00,4700.40,0.40,4700.00,3,4699.90,2,4699.80,3,4699.70,2,4699.60,2,4699.50,3,4699.40,4,4699.30,4,4699.20,8,4699.10,4,4700.40,2,4700.50,2,4700.60,3,4700.70,3,4700.80,3,4700.90,3,4701.00,4,4701.10,5,4701.20,5,4701.30,4,Buy,8,17,25,-9.00,1.00,-11.00,0.50,60.0,4700.50,4700.50,4700.00,4700.20,14,20,34,-6.00,1.00,-7.00,1.40,78.6,-15,33,0.1667,0.2222,-4.00,-15.00,4697.71,0.3506,UP,70.80,0.4802,1.5472
20260824 104906 763,4700.30,1,4700.00,4700.40,0.40,4700.00,3,4699.90,2,4699.80,3,4699.70,2,4699.60,2,4699.50,3,4699.40,4,4699.30,4,4699.20,8,4699.10,4,4700.40,2,4700.50,2,4700.60,3,4700.70,3,4700.80,3,4700.90,3,4701.00,4,4701.10,5,4701.20,5,4701.30,4,Buy,9,17,26,-8.00,1.00,-11.00,0.50,40.0,4700.50,4700.50,4700.00,4700.30,14,20,34,-6.00,1.00,-7.00,1.40,78.6,-15,33,0.1667,0.3750,-3.00,-14.00,4697.72,0.3537,UP,70.80,0.4802,1.5472
20260824 104906 784,4700.30,1,4700.00,4700.40,0.40,4700.00,3,4699.90,2,4699.80,3,4699.70,2,4699.60,2,4699.50,3,4699.40,4,4699.30,4,4699.20,8,4699.10,4,4700.40,2,4700.50,2,4700.60,3,4700.70,3,4700.80,3,4700.90,3,4701.00,4,4701.10,5,4701.20,5,4701.30,4,Buy,10,17,27,-7.00,1.00,-11.00,0.50,40.0,4700.50,4700.50,4700.00,4700.30,14,20,34,-6.00,1.00,-7.00,1.40,78.6,-15,33,0.1667,0.5714,-2.00,-13.00,4697.72,0.3537,UP,70.80,0.4802,1.5472
20260824 104906 805,4700.30,1,4700.00,4700.40,0.40,4700.00,2,4699.90,1,4699.80,3,4699.70,3,4699.60,2,4699.50,2,4699.40,4,4699.30,4,4699.20,7,4699.10,4,4700.40,2,4700.50,2,4700.60,3,4700.70,3,4700.80,3,4700.90,3,4701.00,4,4701.10,5,4701.20,5,4701.30,4,Buy,11,17,28,-6.00,1.00,-11.00,0.50,40.0,4700.50,4700.50,4700.00,4700.30,14,20,34,-6.00,1.00,-7.00,1.40,78.6,-15,33,0.1667,0.8333,-1.00,-12.00,4697.72,0.3537,UP,70.80,0.4802,1.5472
20260824 104906 827,4700.30,1,4700.00,4700.40,0.40,4700.00,2,4699.90,1,4699.80,3,4699.70,3,4699.60,2,4699.50,2,4699.40,4,4699.30,4,4699.20,7,4699.10,4,4700.40,2,4700.50,2,4700.60,3,4700.70,3,4700.80,3,4700.90,3,4701.00,4,4701.10,5,4701.20,5,4701.30,4,Sell,11,18,29,-7.00,1.00,-11.00,0.50,40.0,4700.50,4700.50,4700.00,4700.30,14,20,34,-6.00,1.00,-7.00,1.40,78.6,-15,33,0.1667,0.5714,-2.00,-13.00,4697.72,0.3537,UP,70.80,0.4802,1.5472
20260824 104906 848,4700.30,1,4700.00,4700.40,0.40,4700.00,2,4699.90,1,4699.80,3,4699.70,3,4699.60,2,4699.50,2,4699.40,4,4699.30,4,4699.20,7,4699.10,4,4700.40,2,4700.50,2,4700.60,3,4700.70,3,4700.80,3,4700.90,3,4701.00,4,4701.10,5,4701.20,5,4701.30,4,Sell,11,19,30,-8.00,1.00,-11.00,0.50,40.0,4700.50,4700.50,4700.00,4700.30,14,20,34,-6.00,1.00,-7.00,1.40,78.6,-15,33,0.1667,0.3750,-3.00,-14.00,4697.72,0.3537,UP,70.80,0.4802,1.5472
20260824 104906 869,4700.30,1,4700.30,4700.40,0.10,4700.00,2,4699.90,1,4699.80,3,4699.70,3,4699.60,2,4699.50,2,4699.40,4,4699.30,4,4699.20,7,4699.10,4,4700.40,2,4700.50,2,4700.60,3,4700.70,3,4700.80,3,4700.90,3,4701.00,4,4701.10,5,4701.20,5,4701.30,4,Sell,11,20,31,-9.00,1.00,-11.00,0.50,40.0,4700.50,4700.50,4700.00,4700.30,14,20,34,-6.00,1.00,-7.00,1.40,78.6,-15,33,0.1667,0.2222,-4.00,-15.00,4697.72,0.3537,UP,70.80,0.4802,1.5472
20260824 104906 890,4700.30,1,4700.30,4700.40,0.10,4700.00,2,4699.90,1,4699.80,3,4699.70,3,4699.60,2,4699.50,2,4699.40,4,4699.30,4,4699.20,7,4699.10,4,4700.40,2,4700.50,2,4700.60,3,4700.70,3,4700.80,3,4700.90,3,4701.00,4,4701.10,5,4701.20,5,4701.30,4,Sell,11,21,32,-10.00,1.00,-11.00,0.50,40.0,4700.50,4700.50,4700.00,4700.30,14,20,34,-6.00,1.00,-7.00,1.40,78.6,-15,33,0.1667,0.1000,-5.00,-16.00,4697.72,0.3537,UP,70.80,0.4802,1.5472
20260824 104906 911,4700.30,1,4700.30,4700.40,0.10,4700.00,2,4699.90,1,4699.80,3,4699.70,3,4699.60,2,4699.50,2,4699.40,4,4699.30,4,4699.20,7,4699.10,4,4700.40,2,4700.50,2,4700.60,3,4700.70,3,4700.80,3,4700.90,3,4701.00,4,4701.10,5,4701.20,5,4701.30,4,Sell,11,22,33,-11.00,1.00,-11.00,0.50,40.0,4700.50,4700.50,4700.00,4700.30,14,20,34,-6.00,1.00,-7.00,1.40,78.6,-15,33,0.1667,0.0000,-6.00,-17.00,4697.72,0.3537,UP,70.80,0.4802,1.5472
20260824 104906 931,4700.30,1,4700.30,4700.50,0.20,4700.10,1,4700.00,3,4699.90,1,4699.80,3,4699.70,3,4699.60,2,4699.50,2,4699.40,4,4699.30,4,4699.20,7,4700.40,2,4700.50,2,4700.60,3,4700.70,3,4700.80,3,4700.90,3,4701.00,4,4701.10,5,4701.20,5,4701.30,4,Buy,12,22,34,-10.00,1.00,-11.00,0.50,40.0,4700.50,4700.50,4700.00,4700.30,14,20,34,-6.00,1.00,-7.00,1.40,78.6,-15,33,0.1667,0.1000,-5.00,-16.00,4697.72,0.3537,UP,70.80,0.4802,1.5472
20260824 104906 952,4700.30,1,4700.30,4700.50,0.20,4700.10,1,4700.00,3,4699.90,1,4699.80,3,4699.70,3,4699.60,2,4699.50,2,4699.40,4,4699.30,4,4699.20,7,4700.40,2,4700.50,2,4700.60,3,4700.70,3,4700.80,3,4700.90,3,4701.00,4,4701.10,5,4701.20,5,4701.30,4,Buy,13,22,35,-9.00,1.00,-11.00,0.50,40.0,4700.50,4700.50,4700.00,4700.30,14,20,34,-6.00,1.00,-7.00,1.40,78.6,-15,33,0.1667,0.2222,-4.00,-15.00,4697.72,0.3537,UP,70.80,0.4802,1.5472
20260824 104906 974,4700.30,1,4700.30,4700.50,0.20,4700.10,1,4700.00,3,4699.90,1,4699.80,3,4699.70,3,4699.60,2,4699.50,2,4699.40,4,4699.30,4,4699.20,7,4700.40,2,4700.50,2,4700.60,3,4700.70,3,4700.80,3,4700.90,3,4701.00,4,4701.10,5,4701.20,5,4701.30,4,Sell,13,23,36,-10.00,1.00,-11.00,0.50,40.0,4700.50,4700.50,4700.00,4700.30,14,20,34,-6.00,1.00,-7.00,1.40,78.6,-15,33,0.1667,0.1000,-5.00,-16.00,4697.72,0.3537,UP,70.80,0.4802,1.5472
20260824 104906 996,4700.30,1,4700.30,4700.50,0.20,4700.10,1,4700.00,3,4699.90,1,4699.80,3,4699.70,3,4699.60,2,4699.50,2,4699.40,4,4699.30,4,4699.20,7,4700.40,2,4700.50,2,4700.60,3,4700.70,3,4700.80,3,4700.90,3,4701.00,4,4701.10,5,4701.20,5,4701.30,4,Sell,13,24,37,-11.00,1.00,-11.00,0.50,40.0,4700.50,4700.50,4700.00,4700.30,14,20,34,-6.00,1.00,-7.00,1.40,78.6,-15,33,0.1667,0.0000,-6.00,-17.00,4697.72,0.3537,UP,70.80,0.4802,1.5472
20260824 104907 048,4700.30,1,4700.00,4700.30,0.30,4700.00,2,4699.90,1,4699.80,3,4699.70,2,4699.60,3,4699.50,2,4699.40,4,4699.30,4,4699.20,7,4699.10,4,4700.30,1,4700.40,1,4700.50,1,4700.60,3,4700.70,3,4700.80,2,4700.90,3,4701.00,5,4701.10,5,4701.20,5,Buy,14,24,38,-10.00,1.00,-11.00,0.50,40.0,4700.50,4700.50,4700.00,4700.30,14,20,34,-6.00,1.00,-7.00,1.40,78.6,-15,33,0.1667,0.1000,-5.00,-16.00,4697.72,0.3537,UP,70.80,0.4802,1.5472
20260824 104907 069,4700.30,1,4700.10,4700.40,0.30,4700.10,1,4700.00,2,4699.90,1,4699.80,3,4699.70,3,4699.60,2,4699.50,2,4699.40,4,4699.30,4,4699.20,7,4700.40,2,4700.50,1,4700.60,3,4700.70,3,4700.80,2,4700.90,3,4701.00,5,4701.10,5,4701.20,5,4701.30,4,Buy,15,24,39,-9.00,1.00,-11.00,0.50,40.0,4700.50,4700.50,4700.00,4700.30,14,20,34,-6.00,1.00,-7.00,1.40,78.6,-15,33,0.1667,0.2222,-4.00,-15.00,4697.72,0.3537,UP,70.80,0.4802,1.5472
20260824 104907 091,4700.30,1,4700.10,4700.40,0.30,4700.10,1,4700.00,2,4699.90,1,4699.80,3,4699.70,3,4699.60,2,4699.50,2,4699.40,4,4699.30,4,4699.20,7,4700.40,2,4700.50,1,4700.60,3,4700.70,3,4700.80,2,4700.90,3,4701.00,5,4701.10,5,4701.20,5,4701.30,4,Buy,16,24,40,-8.00,1.00,-11.00,0.50,40.0,4700.50,4700.50,4700.00,4700.30,14,20,34,-6.00,1.00,-7.00,1.40,78.6,-15,33,0.1667,0.3750,-3.00,-14.00,4697.72,0.3537,UP,70.80,0.4802,1.5472
20260824 104907 100,4700.10,1,4700.10,4700.40,0.30,4700.10,1,4700.00,2,4699.90,1,4699.80,3,4699.70,3,4699.60,2,4699.50,2,4699.40,4,4699.30,4,4699.20,7,4700.40,2,4700.50,1,4700.60,3,4700.70,3,4700.80,2,4700.90,3,4701.00,5,4701.10,5,4701.20,5,4701.30,4,Sell,16,25,41,-9.00,1.00,-11.00,0.50,80.0,4700.50,4700.50,4700.00,4700.10,14,20,34,-6.00,1.00,-7.00,1.40,78.6,-15,33,0.1667,0.2222,-4.00,-15.00,4697.70,0.3474,UP,70.80,0.4802,1.5472
20260824 104907 100,4700.10,1,4700.10,4700.40,0.30,4700.10,1,4700.00,2,4699.90,1,4699.80,3,4699.70,3,4699.60,2,4699.50,2,4699.40,4,4699.30,4,4699.20,7,4700.40,2,4700.50,1,4700.60,3,4700.70,3,4700.80,2,4700.90,3,4701.00,5,4701.10,5,4701.20,5,4701.30,4,Sell,16,26,42,-10.00,1.00,-11.00,0.50,80.0,4700.50,4700.50,4700.00,4700.10,14,20,34,-6.00,1.00,-7.00,1.40,78.6,-15,33,0.1667,0.1000,-5.00,-16.00,4697.70,0.3474,UP,70.80,0.4802,1.5472
20260824 104907 112,4700.30,1,4700.10,4700.40,0.30,4700.10,1,4700.00,2,4699.90,1,4699.80,3,4699.70,3,4699.60,2,4699.50,2,4699.40,4,4699.30,4,4699.20,7,4700.40,2,4700.50,1,4700.60,3,4700.70,3,4700.80,2,4700.90,3,4701.00,5,4701.10,5,4701.20,5,4701.30,4,Buy,17,26,43,-9.00,1.00,-11.00,0.50,40.0,4700.50,4700.50,4700.00,4700.30,14,20,34,-6.00,1.00,-7.00,1.40,78.6,-15,33,0.1667,0.2222,-4.00,-15.00,4697.72,0.3537,UP,70.80,0.4802,1.5472
20260824 104907 133,4700.30,1,4700.10,4700.40,0.30,4700.10,1,4700.00,2,4699.90,1,4699.80,3,4699.70,3,4699.60,2,4699.50,2,4699.40,4,4699.30,4,4699.20,7,4700.40,2,4700.50,1,4700.60,3,4700.70,3,4700.80,2,4700.90,3,4701.00,5,4701.10,5,4701.20,5,4701.30,4,Buy,18,26,44,-8.00,1.00,-11.00,0.50,40.0,4700.50,4700.50,4700.00,4700.30,14,20,34,-6.00,1.00,-7.00,1.40,78.6,-15,33,0.1667,0.3750,-3.00,-14.00,4697.72,0.3537,UP,70.80,0.4802,1.5472
20260824 104907 155,4700.30,1,4700.00,4700.40,0.40,4700.00,2,4699.90,1,4699.80,3,4699.70,3,4699.60,2,4699.50,2,4699.40,4,4699.30,4,4699.20,7,4699.10,4,4700.40,2,4700.50,1,4700.60,3,4700.70,4,4700.80,2,4700.90,3,4701.00,4,4701.10,5,4701.20,5,4701.30,4,Sell,18,27,45,-9.00,1.00,-11.00,0.50,40.0,4700.50,4700.50,4700.00,4700.30,14,20,34,-6.00,1.00,-7.00,1.40,78.6,-15,33,0.1667,0.2222,-4.00,-15.00,4697.72,0.3537,UP,70.80,0.4802,1.5472
20260824 104907 176,4700.30,1,4700.00,4700.40,0.40,4700.00,2,4699.90,1,4699.80,3,4699.70,3,4699.60,2,4699.50,2,4699.40,4,4699.30,4,4699.20,7,4699.10,4,4700.40,2,4700.50,1,4700.60,3,4700.70,4,4700.80,2,4700.90,3,4701.00,4,4701.10,5,4701.20,5,4701.30,4,Sell,18,28,46,-10.00,1.00,-11.00,0.50,40.0,4700.50,4700.50,4700.00,4700.30,14,20,34,-6.00,1.00,-7.00,1.40,78.6,-15,33,0.1667,0.1000,-5.00,-16.00,4697.72,0.3537,UP,70.80,0.4802,1.5472
20260824 104907 197,4700.30,1,4700.00,4700.40,0.40,4700.00,2,4699.90,1,4699.80,3,4699.70,3,4699.60,2,4699.50,2,4699.40,4,4699.30,4,4699.20,7,4699.10,4,4700.40,2,4700.50,1,4700.60,3,4700.70,4,4700.80,2,4700.90,3,4701.00,4,4701.10,5,4701.20,5,4701.30,4,Sell,18,29,47,-11.00,1.00,-11.00,0.50,40.0,4700.50,4700.50,4700.00,4700.30,14,20,34,-6.00,1.00,-7.00,1.40,78.6,-15,33,0.1667,0.0000,-6.00,-17.00,4697.72,0.3537,UP,70.80,0.4802,1.5472
20260824 104907 218,4700.30,1,4700.10,4700.40,0.30,4700.10,2,4700.00,3,4699.90,2,4699.80,2,4699.70,3,4699.60,2,4699.50,2,4699.40,4,4699.30,4,4699.20,7,4700.40,3,4700.50,1,4700.60,2,4700.70,3,4700.80,3,4700.90,3,4701.00,4,4701.10,5,4701.20,5,4701.30,4,Sell,18,30,48,-12.00,1.00,-12.00,0.50,40.0,4700.50,4700.50,4700.00,4700.30,14,20,34,-6.00,1.00,-7.00,1.40,78.6,-15,33,0.1667,0.0000,-7.00,-18.00,4697.72,0.3537,UP,70.80,0.4802,1.5472
20260824 104907 239,4700.30,1,4700.10,4700.40,0.30,4700.10,2,4700.00,3,4699.90,2,4699.80,2,4699.70,3,4699.60,2,4699.50,2,4699.40,4,4699.30,4,4699.20,7,4700.40,3,4700.50,1,4700.60,2,4700.70,3,4700.80,3,4700.90,3,4701.00,4,4701.10,5,4701.20,5,4701.30,4,Sell,18,31,49,-13.00,1.00,-13.00,0.50,40.0,4700.50,4700.50,4700.00,4700.30,14,20,34,-6.00,1.00,-7.00,1.40,78.6,-15,33,0.1667,0.0000,-8.00,-19.00,4697.72,0.3537,UP,70.80,0.4802,1.5472
20260824 104907 260,4700.40,1,4700.10,4700.40,0.30,4700.10,2,4700.00,3,4699.90,2,4699.80,2,4699.70,3,4699.60,2,4699.50,2,4699.40,4,4699.30,4,4699.20,7,4700.40,3,4700.50,1,4700.60,2,4700.70,3,4700.80,3,4700.90,3,4701.00,4,4701.10,5,4701.20,5,4701.30,4,Buy,19,31,50,-12.00,1.00,-13.00,0.50,20.0,4700.50,4700.50,4700.00,4700.40,14,20,34,-6.00,1.00,-7.00,1.40,78.6,-15,33,0.1667,0.0833,-7.00,-18.00,4697.73,0.3569,UP,70.80,0.4802,1.5472
20260824 104912 901,4700.60,1,4700.20,4700.50,0.30,4700.20,2,4700.10,1,4700.00,4,4699.90,3,4699.80,3,4699.70,3,4699.60,2,4699.50,3,4699.40,4,4699.30,4,4700.50,1,4700.60,3,4700.70,2,4700.80,4,4700.90,1,4701.00,5,4701.10,5,4701.20,4,4701.30,4,4701.40,6,Sell,19,32,51,-13.00,1.00,-13.00,0.60,16.7,4700.50,4700.60,4700.00,4700.60,14,20,34,-6.00,1.00,-7.00,1.40,78.6,-15,33,0.1667,0.0000,-8.00,-19.00,4697.75,0.3633,UP,70.80,0.4802,1.5543
20260824 104912 901,4700.60,1,4700.20,4700.50,0.30,4700.20,2,4700.10,1,4700.00,4,4699.90,3,4699.80,3,4699.70,3,4699.60,2,4699.50,3,4699.40,4,4699.30,4,4700.50,1,4700.60,3,4700.70,2,4700.80,4,4700.90,1,4701.00,5,4701.10,5,4701.20,4,4701.30,4,4701.40,6,Sell,19,33,52,-14.00,1.00,-14.00,0.60,16.7,4700.50,4700.60,4700.00,4700.60,14,20,34,-6.00,1.00,-7.00,1.40,78.6,-15,33,0.1667,0.0000,-9.00,-20.00,4697.75,0.3633,UP,70.80,0.4802,1.5543
20260824 104912 908,4700.50,1,4700.20,4700.50,0.30,4700.20,2,4700.10,1,4700.00,4,4699.90,3,4699.80,3,4699.70,3,4699.60,2,4699.50,3,4699.40,4,4699.30,4,4700.50,1,4700.60,3,4700.70,2,4700.80,4,4700.90,1,4701.00,5,4701.10,5,4701.20,4,4701.30,4,4701.40,6,Sell,19,34,53,-15.00,1.00,-15.00,0.60,0.0,4700.50,4700.60,4700.00,4700.50,14,20,34,-6.00,1.00,-7.00,1.40,78.6,-15,33,0.1667,0.0000,-10.00,-21.00,4697.74,0.3601,UP,70.80,0.4802,1.5543
20260824 104912 925,4700.50,1,4700.20,4700.50,0.30,4700.20,2,4700.10,1,4700.00,4,4699.90,3,4699.80,3,4699.70,3,4699.60,2,4699.50,3,4699.40,4,4699.30,4,4700.50,1,4700.60,3,4700.70,2,4700.80,4,4700.90,1,4701.00,5,4701.10,5,4701.20,4,4701.30,4,4701.40,6,Sell,19,35,54,-16.00,1.00,-16.00,0.60,0.0,4700.50,4700.60,4700.00,4700.50,14,20,34,-6.00,1.00,-7.00,1.40,78.6,-15,33,0.1667,0.0000,-11.00,-22.00,4697.74,0.3601,UP,70.80,0.4802,1.5543
20260824 104912 944,4700.50,1,4700.20,4700.50,0.30,4700.20,2,4700.10,1,4700.00,4,4699.90,3,4699.80,3,4699.70,3,4699.60,2,4699.50,3,4699.40,4,4699.30,4,4700.50,1,4700.60,3,4700.70,2,4700.80,4,4700.90,1,4701.00,5,4701.10,5,4701.20,4,4701.30,4,4701.40,6,Buy,20,35,55,-15.00,1.00,-16.00,0.60,0.0,4700.50,4700.60,4700.00,4700.50,14,20,34,-6.00,1.00,-7.00,1.40,78.6,-15,33,0.1667,0.0667,-10.00,-21.00,4697.74,0.3601,UP,70.80,0.4802,1.5543
20260824 104912 966,4700.50,1,4700.20,4700.60,0.40,4700.20,2,4700.10,1,4700.00,5,4699.90,3,4699.80,2,4699.70,3,4699.60,2,4699.50,3,4699.40,4,4699.30,4,4700.60,2,4700.70,2,4700.80,2,4700.90,2,4701.00,4,4701.10,5,4701.20,4,4701.30,4,4701.40,6,4701.50,4,Buy,21,35,56,-14.00,1.00,-16.00,0.60,0.0,4700.50,4700.60,4700.00,4700.50,14,20,34,-6.00,1.00,-7.00,1.40,78.6,-15,33,0.1667,0.1429,-9.00,-20.00,4697.74,0.3601,UP,70.80,0.4802,1.5543
20260824 104912 986,4700.50,1,4700.20,4700.60,0.40,4700.20,2,4700.10,1,4700.00,5,4699.90,3,4699.80,2,4699.70,3,4699.60,2,4699.50,3,4699.40,4,4699.30,4,4700.60,2,4700.70,2,4700.80,2,4700.90,2,4701.00,4,4701.10,5,4701.20,4,4701.30,4,4701.40,6,4701.50,4,Buy,22,35,57,-13.00,1.00,-16.00,0.60,0.0,4700.50,4700.60,4700.00,4700.50,14,20,34,-6.00,1.00,-7.00,1.40,78.6,-15,33,0.1667,0.2308,-8.00,-19.00,4697.74,0.3601,UP,70.80,0.4802,1.5543
20260824 104913 008,4700.50,1,4700.20,4700.60,0.40,4700.20,2,4700.10,1,4700.00,5,4699.90,3,4699.80,2,4699.70,3,4699.60,2,4699.50,3,4699.40,4,4699.30,4,4700.60,2,4700.70,2,4700.80,2,4700.90,2,4701.00,4,4701.10,5,4701.20,4,4701.30,4,4701.40,6,4701.50,4,Sell,22,36,58,-14.00,1.00,-16.00,0.60,0.0,4700.50,4700.60,4700.00,4700.50,14,20,34,-6.00,1.00,-7.00,1.40,78.6,-15,33,0.1667,0.1429,-9.00,-20.00,4697.74,0.3601,UP,70.80,0.4802,1.5543
20260824 104913 029,4700.50,1,4700.20,4700.60,0.40,4700.20,2,4700.10,1,4700.00,5,4699.90,3,4699.80,2,4699.70,3,4699.60,2,4699.50,3,4699.40,4,4699.30,4,4700.60,3,4700.70,2,4700.80,2,4700.90,1,4701.00,5,4701.10,5,4701.20,4,4701.30,4,4701.40,6,4701.50,4,Sell,22,37,59,-15.00,1.00,-16.00,0.60,0.0,4700.50,4700.60,4700.00,4700.50,14,20,34,-6.00,1.00,-7.00,1.40,78.6,-15,33,0.1667,0.0667,-10.00,-21.00,4697.74,0.3601,UP,70.80,0.4802,1.5543
20260824 104913 049,4700.50,1,4700.20,4700.60,0.40,4700.20,2,4700.10,1,4700.00,5,4699.90,3,4699.80,2,4699.70,3,4699.60,2,4699.50,3,4699.40,4,4699.30,4,4700.60,3,4700.70,2,4700.80,2,4700.90,1,4701.00,5,4701.10,5,4701.20,4,4701.30,4,4701.40,6,4701.50,4,Sell,22,38,60,-16.00,1.00,-16.00,0.60,0.0,4700.50,4700.60,4700.00,4700.50,14,20,34,-6.00,1.00,-7.00,1.40,78.6,-15,33,0.1667,0.0000,-11.00,-22.00,4697.74,0.3601,UP,70.80,0.4802,1.5543
20260824 104913 070,4700.50,1,4700.20,4700.60,0.40,4700.20,2,4700.10,1,4700.00,5,4699.90,3,4699.80,2,4699.70,3,4699.60,2,4699.50,3,4699.40,4,4699.30,4,4700.60,3,4700.70,2,4700.80,2,4700.90,1,4701.00,5,4701.10,5,4701.20,4,4701.30,4,4701.40,6,4701.50,4,Buy,23,38,61,-15.00,1.00,-16.00,0.60,0.0,4700.50,4700.60,4700.00,4700.50,14,20,34,-6.00,1.00,-7.00,1.40,78.6,-15,33,0.1667,0.0667,-10.00,-21.00,4697.74,0.3601,UP,70.80,0.4802,1.5543
20260824 104913 091,4700.50,1,4700.20,4700.40,0.20,4700.20,2,4700.10,2,4700.00,5,4699.90,3,4699.80,2,4699.70,3,4699.60,2,4699.50,3,4699.40,4,4699.30,4,4700.60,3,4700.70,3,4700.80,2,4700.90,1,4701.00,5,4701.10,5,4701.20,4,4701.30,4,4701.40,6,4701.50,4,Sell,23,39,62,-16.00,1.00,-16.00,0.60,0.0,4700.50,4700.60,4700.00,4700.50,14,20,34,-6.00,1.00,-7.00,1.40,78.6,-15,33,0.1667,0.0000,-11.00,-22.00,4697.74,0.3601,UP,70.80,0.4802,1.5543
20260824 104913 144,4700.20,1,4700.20,4700.40,0.20,4700.20,2,4700.10,2,4700.00,5,4699.90,3,4699.80,2,4699.70,3,4699.60,2,4699.50,3,4699.40,4,4699.30,4,4700.60,3,4700.70,3,4700.80,2,4700.90,1,4701.00,5,4701.10,5,4701.20,4,4701.30,4,4701.40,6,4701.50,4,Sell,23,40,63,-17.00,1.00,-17.00,0.60,50.0,4700.50,4700.60,4700.00,4700.20,14,20,34,-6.00,1.00,-7.00,1.40,78.6,-15,33,0.1667,0.0000,-12.00,-23.00,4697.71,0.3506,UP,70.80,0.4802,1.5543
20260824 104913 145,4700.20,1,4700.20,4700.40,0.20,4700.20,2,4700.10,2,4700.00,5,4699.90,3,4699.80,2,4699.70,3,4699.60,2,4699.50,3,4699.40,4,4699.30,4,4700.60,3,4700.70,3,4700.80,2,4700.90,1,4701.00,5,4701.10,5,4701.20,4,4701.30,4,4701.40,6,4701.50,4,Sell,23,41,64,-18.00,1.00,-18.00,0.60,50.0,4700.50,4700.60,4700.00,4700.20,14,20,34,-6.00,1.00,-7.00,1.40,78.6,-15,33,0.1667,0.0000,-13.00,-24.00,4697.71,0.3506,UP,70.80,0.4802,1.5543
20260824 104916 592,4700.40,1,4700.40,4700.70,0.30,4700.40,2,4700.30,3,4700.20,2,4700.10,2,4700.00,4,4699.90,3,4699.80,3,4699.70,4,4699.60,2,4699.50,3,4700.70,1,4700.80,1,4700.90,1,4701.00,4,4701.10,5,4701.20,3,4701.30,3,4701.40,6,4701.50,4,4701.60,12,Buy,24,41,65,-17.00,1.00,-18.00,0.60,16.7,4700.50,4700.60,4700.00,4700.40,14,20,34,-6.00,1.00,-7.00,1.40,78.6,-15,33,0.1667,0.0588,-12.00,-23.00,4697.73,0.3569,UP,70.80,0.4802,1.5543
20260824 104916 594,4700.50,1,4700.40,4700.70,0.30,4700.40,2,4700.30,3,4700.20,2,4700.10,2,4700.00,4,4699.90,3,4699.80,3,4699.70,4,4699.60,2,4699.50,3,4700.70,1,4700.80,1,4700.90,1,4701.00,4,4701.10,5,4701.20,3,4701.30,3,4701.40,6,4701.50,4,4701.60,12,Buy,25,41,66,-16.00,1.00,-18.00,0.60,0.0,4700.50,4700.60,4700.00,4700.50,14,20,34,-6.00,1.00,-7.00,1.40,78.6,-15,33,0.1667,0.1250,-11.00,-22.00,4697.74,0.3601,UP,70.80,0.4802,1.5543
20260824 104922 945,4701.00,1,4700.80,4701.10,0.30,4700.80,1,4700.70,3,4700.60,1,4700.50,4,4700.40,2,4700.30,3,4700.20,3,4700.10,4,4700.00,4,4699.90,4,4701.10,2,4701.20,3,4701.30,3,4701.40,5,4701.50,5,4701.60,10,4701.70,3,4701.80,5,4701.90,4,4702.00,5,Buy,26,41,67,-15.00,1.00,-18.00,1.00,50.0,4700.50,4701.00,4700.00,4701.00,14,20,34,-6.00,1.00,-7.00,1.40,78.6,-15,33,0.1667,0.2000,-10.00,-21.00,4697.79,0.3760,UP,70.80,0.4802,1.5829
20260824 104922 946,4701.10,1,4700.80,4701.10,0.30,4700.80,1,4700.70,3,4700.60,1,4700.50,4,4700.40,2,4700.30,3,4700.20,3,4700.10,4,4700.00,4,4699.90,4,4701.10,2,4701.20,3,4701.30,3,4701.40,5,4701.50,5,4701.60,10,4701.70,3,4701.80,5,4701.90,4,4702.00,5,Buy,27,41,68,-14.00,1.00,-18.00,1.10,54.5,4700.50,4701.10,4700.00,4701.10,14,20,34,-6.00,1.00,-7.00,1.40,78.6,-15,33,0.1667,0.2857,-9.00,-20.00,4697.80,0.3791,UP,70.80,0.4802,1.5901
20260824 104927 854,4701.10,1,4700.80,4701.20,0.40,4700.80,2,4700.70,3,4700.60,1,4700.50,4,4700.40,4,4700.30,3,4700.20,3,4700.10,3,4700.00,5,4699.90,4,4701.20,2,4701.30,4,4701.40,4,4701.50,3,4701.60,11,4701.70,4,4701.80,4,4701.90,5,4702.00,5,4702.10,3,Sell,27,42,69,-15.00,1.00,-18.00,1.10,54.5,4700.50,4701.10,4700.00,4701.10,14,20,34,-6.00,1.00,-7.00,1.40,78.6,-15,33,0.1667,0.2000,-10.00,-21.00,4697.80,0.3791,UP,70.80,0.4802,1.5901
20260824 104927 882,4701.00,1,4700.80,4701.20,0.40,4700.80,2,4700.70,3,4700.60,1,4700.50,4,4700.40,4,4700.30,3,4700.20,3,4700.10,3,4700.00,5,4699.90,4,4701.20,2,4701.30,4,4701.40,4,4701.50,3,4701.60,11,4701.70,4,4701.80,4,4701.90,5,4702.00,5,4702.10,3,Sell,27,43,70,-16.00,1.00,-18.00,1.10,45.5,4700.50,4701.10,4700.00,4701.00,14,20,34,-6.00,1.00,-7.00,1.40,78.6,-15,33,0.1667,0.1250,-11.00,-22.00,4697.79,0.3760,UP,70.80,0.4802,1.5901
20260824 104927 885,4701.00,1,4700.80,4701.20,0.40,4700.80,2,4700.70,3,4700.60,1,4700.50,4,4700.40,4,4700.30,3,4700.20,3,4700.10,3,4700.00,5,4699.90,4,4701.20,2,4701.30,4,4701.40,4,4701.50,3,4701.60,11,4701.70,4,4701.80,4,4701.90,5,4702.00,5,4702.10,3,Sell,27,44,71,-17.00,1.00,-18.00,1.10,45.5,4700.50,4701.10,4700.00,4701.00,14,20,34,-6.00,1.00,-7.00,1.40,78.6,-15,33,0.1667,0.0588,-12.00,-23.00,4697.79,0.3760,UP,70.80,0.4802,1.5901
20260824 104940 508,4701.40,1,4701.20,4701.40,0.20,4701.10,1,4701.00,1,4700.90,4,4700.80,3,4700.70,3,4700.60,3,4700.50,4,4700.40,4,4700.30,3,4700.20,4,4701.40,4,4701.50,3,4701.60,4,4701.70,4,4701.80,5,4701.90,4,4702.00,3,4702.10,3,4702.20,6,4702.30,6,Buy,28,44,72,-16.00,1.00,-18.00,1.40,64.3,4700.50,4701.40,4700.00,4701.40,14,20,34,-6.00,1.00,-7.00,1.40,78.6,-15,33,0.1667,0.1250,-11.00,-22.00,4697.83,0.3887,UP,70.80,0.4802,1.6115
20260824 104940 508,4701.40,2,4701.20,4701.40,0.20,4701.10,1,4701.00,1,4700.90,4,4700.80,3,4700.70,3,4700.60,3,4700.50,4,4700.40,4,4700.30,3,4700.20,4,4701.40,4,4701.50,3,4701.60,4,4701.70,4,4701.80,5,4701.90,4,4702.00,3,4702.10,3,4702.20,6,4702.30,6,Buy,30,44,74,-14.00,1.00,-18.00,1.40,64.3,4700.50,4701.40,4700.00,4701.40,14,20,34,-6.00,1.00,-7.00,1.40,78.6,-15,33,0.1667,0.2857,-9.00,-20.00,4697.83,0.3887,UP,70.80,0.4802,1.6115
20260824 104946 715,4701.40,1,4701.30,4701.70,0.40,4701.30,3,4701.20,2,4701.10,3,4701.00,1,4700.90,3,4700.80,4,4700.70,5,4700.60,3,4700.50,4,4700.40,4,4701.70,1,4701.80,5,4701.90,4,4702.00,4,4702.10,3,4702.20,7,4702.30,5,4702.40,6,4702.50,5,4702.60,4,Buy,31,44,75,-13.00,1.00,-18.00,1.40,64.3,4700.50,4701.40,4700.00,4701.40,14,20,34,-6.00,1.00,-7.00,1.40,78.6,-15,33,0.1667,0.3846,-8.00,-19.00,4697.83,0.3887,UP,70.80,0.4802,1.6115
20260824 104948 437,4701.90,1,4701.50,4701.90,0.40,4701.50,2,4701.40,2,4701.30,2,4701.20,3,4701.10,4,4701.00,3,4700.90,4,4700.80,5,4700.70,4,4700.60,4,4701.90,1,4702.00,2,4702.10,5,4702.20,6,4702.30,5,4702.40,5,4702.50,4,4702.60,3,4702.70,5,4702.80,6,Buy,32,44,76,-12.00,1.00,-18.00,1.90,73.7,4700.50,4701.90,4700.00,4701.90,14,20,34,-6.00,1.00,-7.00,1.40,78.6,-15,33,0.1667,0.5000,-7.00,-18.00,4697.87,0.4045,UP,70.80,0.4802,1.6472
20260824 104948 437,4701.90,1,4701.50,4701.90,0.40,4701.50,2,4701.40,2,4701.30,2,4701.20,3,4701.10,4,4701.00,3,4700.90,4,4700.80,5,4700.70,4,4700.60,4,4701.90,1,4702.00,2,4702.10,5,4702.20,6,4702.30,5,4702.40,5,4702.50,4,4702.60,3,4702.70,5,4702.80,6,Buy,33,44,77,-11.00,1.00,-18.00,1.90,73.7,4700.50,4701.90,4700.00,4701.90,14,20,34,-6.00,1.00,-7.00,1.40,78.6,-15,33,0.1667,0.6364,-6.00,-17.00,4697.87,0.4045,UP,70.80,0.4802,1.6472
20260824 104948 437,4702.00,1,4701.50,4701.90,0.40,4701.50,2,4701.40,2,4701.30,2,4701.20,3,4701.10,4,4701.00,3,4700.90,4,4700.80,5,4700.70,4,4700.60,4,4701.90,1,4702.00,2,4702.10,5,4702.20,6,4702.30,5,4702.40,5,4702.50,4,4702.60,3,4702.70,5,4702.80,6,Buy,34,44,78,-10.00,1.00,-18.00,2.00,75.0,4700.50,4702.00,4700.00,4702.00,14,20,34,-6.00,1.00,-7.00,1.40,78.6,-15,33,0.1667,0.8000,-5.00,-16.00,4697.88,0.4077,UP,70.80,0.4802,1.6543
20260824 104948 581,4701.60,1,4701.60,4701.90,0.30,4701.60,2,4701.50,2,4701.40,2,4701.30,1,4701.20,3,4701.10,3,4701.00,3,4700.90,4,4700.80,5,4700.70,4,4701.90,2,4702.00,3,4702.10,4,4702.20,6,4702.30,5,4702.40,5,4702.50,4,4702.60,4,4702.70,5,4702.80,6,Buy,35,44,79,-9.00,1.00,-18.00,2.00,55.0,4700.50,4702.00,4700.00,4701.60,14,20,34,-6.00,1.00,-7.00,1.40,78.6,-15,33,0.1667,1.0000,-4.00,-15.00,4697.85,0.3950,UP,70.80,0.4802,1.6543
20260824 104952 432,4701.90,1,4702.10,4702.40,0.30,4702.10,2,4702.00,4,4701.90,4,4701.80,3,4701.70,4,4701.60,2,4701.50,3,4701.40,3,4701.30,3,4701.20,6,4702.40,1,4702.50,4,4702.60,3,4702.70,3,4702.80,4,4702.90,4,4703.00,5,4703.10,5,4703.20,4,4703.30,5,Buy,36,44,80,-8.00,1.00,-18.00,2.00,70.0,4700.50,4702.00,4700.00,4701.90,14,20,34,-6.00,1.00,-7.00,1.40,78.6,-15,33,0.1667,1.2500,-3.00,-14.00,4697.87,0.4045,UP,70.80,0.4802,1.6543
20260824 104952 435,4702.10,1,4702.10,4702.40,0.30,4702.10,2,4702.00,4,4701.90,4,4701.80,3,4701.70,4,4701.60,2,4701.50,3,4701.40,3,4701.30,3,4701.20,6,4702.40,1,4702.50,4,4702.60,3,4702.70,3,4702.80,4,4702.90,4,4703.00,5,4703.10,5,4703.20,4,4703.30,5,Buy,37,44,81,-7.00,1.00,-18.00,2.10,76.2,4700.50,4702.10,4700.00,4702.10,14,20,34,-6.00,1.00,-7.00,1.40,78.6,-15,33,0.1667,1.5714,-2.00,-13.00,4697.89,0.4109,UP,70.80,0.4802,1.6615
20260824 104952 437,4702.20,1,4702.10,4702.40,0.30,4702.10,2,4702.00,4,4701.90,4,4701.80,3,4701.70,4,4701.60,2,4701.50,3,4701.40,3,4701.30,3,4701.20,6,4702.40,1,4702.50,4,4702.60,3,4702.70,3,4702.80,4,4702.90,4,4703.00,5,4703.10,5,4703.20,4,4703.30,5,Buy,38,44,82,-6.00,1.00,-18.00,2.20,77.3,4700.50,4702.20,4700.00,4702.20,14,20,34,-6.00,1.00,-7.00,1.40,78.6,-15,33,0.1667,2.0000,-1.00,-12.00,4697.90,0.4141,UP,70.80,0.4802,1.6686
20260824 104952 437,4702.20,1,4702.10,4702.40,0.30,4702.10,2,4702.00,4,4701.90,4,4701.80,3,4701.70,4,4701.60,2,4701.50,3,4701.40,3,4701.30,3,4701.20,6,4702.40,1,4702.50,4,4702.60,3,4702.70,3,4702.80,4,4702.90,4,4703.00,5,4703.10,5,4703.20,4,4703.30,5,Buy,39,44,83,-5.00,1.00,-18.00,2.20,77.3,4700.50,4702.20,4700.00,4702.20,14,20,34,-6.00,1.00,-7.00,1.40,78.6,-15,33,0.1667,2.6000,0.00,-11.00,4697.90,0.4141,UP,70.80,0.4802,1.6686
20260824 104952 437,4702.20,1,4702.10,4702.40,0.30,4702.10,2,4702.00,4,4701.90,4,4701.80,3,4701.70,4,4701.60,2,4701.50,3,4701.40,3,4701.30,3,4701.20,6,4702.40,1,4702.50,4,4702.60,3,4702.70,3,4702.80,4,4702.90,4,4703.00,5,4703.10,5,4703.20,4,4703.30,5,Buy,40,44,84,-4.00,1.00,-18.00,2.20,77.3,4700.50,4702.20,4700.00,4702.20,14,20,34,-6.00,1.00,-7.00,1.40,78.6,-15,33,0.1667,3.5000,1.00,-10.00,4697.90,0.4141,UP,70.80,0.4802,1.6686
20260824 104952 437,4702.20,1,4702.10,4702.40,0.30,4702.10,2,4702.00,4,4701.90,4,4701.80,3,4701.70,4,4701.60,2,4701.50,3,4701.40,3,4701.30,3,4701.20,6,4702.40,1,4702.50,4,4702.60,3,4702.70,3,4702.80,4,4702.90,4,4703.00,5,4703.10,5,4703.20,4,4703.30,5,Buy,41,44,85,-3.00,1.00,-18.00,2.20,77.3,4700.50,4702.20,4700.00,4702.20,14,20,34,-6.00,1.00,-7.00,1.40,78.6,-15,33,0.1667,5.0000,2.00,-9.00,4697.90,0.4141,UP,70.80,0.4802,1.6686
20260824 104952 440,4702.30,1,4702.10,4702.40,0.30,4702.10,2,4702.00,4,4701.90,4,4701.80,3,4701.70,4,4701.60,2,4701.50,3,4701.40,3,4701.30,3,4701.20,6,4702.40,1,4702.50,4,4702.60,3,4702.70,3,4702.80,4,4702.90,4,4703.00,5,4703.10,5,4703.20,4,4703.30,5,Buy,42,44,86,-2.00,1.00,-18.00,2.30,78.3,4700.50,4702.30,4700.00,4702.30,14,20,34,-6.00,1.00,-7.00,1.40,78.6,-15,33,0.1667,8.0000,3.00,-8.00,4697.91,0.4172,UP,70.80,0.4802,1.6758
20260824 104952 440,4702.30,1,4702.10,4702.40,0.30,4702.10,2,4702.00,4,4701.90,4,4701.80,3,4701.70,4,4701.60,2,4701.50,3,4701.40,3,4701.30,3,4701.20,6,4702.40,1,4702.50,4,4702.60,3,4702.70,3,4702.80,4,4702.90,4,4703.00,5,4703.10,5,4703.20,4,4703.30,5,Buy,43,44,87,-1.00,1.00,-18.00,2.30,78.3,4700.50,4702.30,4700.00,4702.30,14,20,34,-6.00,1.00,-7.00,1.40,78.6,-15,33,0.1667,17.0000,4.00,-7.00,4697.91,0.4172,UP,70.80,0.4802,1.6758
20260824 104952 440,4702.30,1,4702.10,4702.40,0.30,4702.10,2,4702.00,4,4701.90,4,4701.80,3,4701.70,4,4701.60,2,4701.50,3,4701.40,3,4701.30,3,4701.20,6,4702.40,1,4702.50,4,4702.60,3,4702.70,3,4702.80,4,4702.90,4,4703.00,5,4703.10,5,4703.20,4,4703.30,5,Buy,44,44,88,0.00,1.00,-18.00,2.30,78.3,4700.50,4702.30,4700.00,4702.30,14,20,34,-6.00,1.00,-7.00,1.40,78.6,-15,33,0.1667,1.0000,5.00,-6.00,4697.91,0.4172,UP,70.80,0.4802,1.6758
20260824 104952 449,4702.30,1,4702.10,4702.40,0.30,4702.10,2,4702.00,4,4701.90,4,4701.80,3,4701.70,4,4701.60,2,4701.50,3,4701.40,3,4701.30,3,4701.20,6,4702.40,1,4702.50,4,4702.60,3,4702.70,3,4702.80,4,4702.90,4,4703.00,5,4703.10,5,4703.20,4,4703.30,5,Buy,45,44,89,1.00,1.00,-18.00,2.30,78.3,4700.50,4702.30,4700.00,4702.30,14,20,34,-6.00,1.00,-7.00,1.40,78.6,-15,33,0.1667,0.0000,6.00,-5.00,4697.91,0.4172,UP,70.80,0.4802,1.6758
20260824 104952 614,4702.40,1,4702.30,4702.50,0.20,4702.30,1,4702.20,2,4702.10,1,4702.00,4,4701.90,5,4701.80,3,4701.70,5,4701.60,2,4701.50,3,4701.40,3,4702.50,1,4702.60,4,4702.70,3,4702.80,3,4702.90,5,4703.00,5,4703.10,5,4703.20,3,4703.30,5,4703.40,4,Buy,46,44,90,2.00,2.00,-18.00,2.40,79.2,4700.50,4702.40,4700.00,4702.40,14,20,34,-6.00,1.00,-7.00,1.40,78.6,-15,33,0.1667,0.0000,7.00,-4.00,4697.92,0.4204,UP,70.80,0.4802,1.6829
20260824 104952 826,4702.30,1,4702.20,4702.50,0.30,4702.20,2,4702.10,2,4702.00,3,4701.90,5,4701.80,3,4701.70,7,4701.60,2,4701.50,3,4701.40,3,4701.30,4,4702.50,1,4702.60,5,4702.70,3,4702.80,3,4702.90,5,4703.00,5,4703.10,5,4703.20,3,4703.30,5,4703.40,4,Sell,46,45,91,1.00,2.00,-18.00,2.40,75.0,4700.50,4702.40,4700.00,4702.30,14,20,34,-6.00,1.00,-7.00,1.40,78.6,-15,33,0.1667,1.0000,6.00,-5.00,4697.91,0.4172,UP,70.80,0.4802,1.6829
20260824 104953 975,4702.50,1,4702.40,4702.70,0.30,4702.40,2,4702.30,3,4702.20,2,4702.10,3,4702.00,3,4701.90,6,4701.80,4,4701.70,8,4701.60,2,4701.50,3,4702.70,1,4702.80,4,4702.90,5,4703.00,5,4703.10,6,4703.20,2,4703.30,4,4703.40,4,4703.50,4,4703.60,5,Buy,47,45,92,2.00,2.00,-18.00,2.50,80.0,4700.50,4702.50,4700.00,4702.50,14,20,34,-6.00,1.00,-7.00,1.40,78.6,-15,33,0.1667,0.0000,7.00,-4.00,4697.93,0.4236,UP,70.80,0.4802,1.6901
20260824 105003 076,4702.70,1,4702.60,4703.00,0.40,4702.60,3,4702.50,3,4702.40,2,4702.30,4,4702.20,3,4702.10,5,4702.00,4,4701.90,5,4701.80,5,4701.70,8,4703.00,3,4703.10,5,4703.20,5,4703.30,5,4703.40,5,4703.50,4,4703.60,3,4703.70,6,4703.80,3,4703.90,5,Sell,0,1,1,-1.00,-1.00,-1.00,0.00,0.0,4702.70,4702.70,4702.70,4702.70,47,45,92,2.00,2.00,-18.00,2.50,80.0,57,60,0.0000,0.0000,-20.00,-11.00,4697.95,0.4299,UP,73.80,1.2466,1.5836
20260824 105007 147,4702.80,1,4702.60,4702.90,0.30,4702.60,4,4702.50,4,4702.40,1,4702.30,4,4702.20,3,4702.10,4,4702.00,4,4701.90,5,4701.80,4,4701.70,9,4702.90,1,4703.00,1,4703.10,5,4703.20,6,4703.30,5,4703.40,5,4703.50,4,4703.60,3,4703.70,6,4703.80,3,Sell,0,2,2,-2.00,-1.00,-2.00,0.10,100.0,4702.70,4702.80,4702.70,4702.80,47,45,92,2.00,2.00,-18.00,2.50,80.0,57,60,0.0000,0.0000,-21.00,-12.00,4697.96,0.4331,UP,73.80,1.2466,1.5908
20260824 105007 175,4702.80,1,4702.60,4702.90,0.30,4702.60,4,4702.50,4,4702.40,1,4702.30,4,4702.20,3,4702.10,4,4702.00,4,4701.90,5,4701.80,4,4701.70,9,4702.90,1,4703.00,1,4703.10,5,4703.20,6,4703.30,5,4703.40,5,4703.50,4,4703.60,3,4703.70,6,4703.80,3,Buy,1,2,3,-1.00,-1.00,-2.00,0.10,100.0,4702.70,4702.80,4702.70,4702.80,47,45,92,2.00,2.00,-18.00,2.50,80.0,57,60,0.0000,1.0000,-20.00,-11.00,4697.96,0.4331,UP,73.80,1.2466,1.5908
20260824 105007 583,4702.60,1,4702.50,4702.80,0.30,4702.50,3,4702.40,1,4702.30,4,4702.20,3,4702.10,4,4702.00,4,4701.90,5,4701.80,4,4701.70,9,4701.60,3,4702.80,1,4702.90,2,4703.00,1,4703.10,5,4703.20,6,4703.30,5,4703.40,5,4703.50,4,4703.60,3,4703.70,6,Sell,1,3,4,-2.00,-1.00,-2.00,0.20,50.0,4702.70,4702.80,4702.60,4702.60,47,45,92,2.00,2.00,-18.00,2.50,80.0,57,60,0.0000,0.0000,-21.00,-12.00,4697.94,0.4268,UP,73.80,1.2466,1.5908
20260824 105007 583,4702.60,2,4702.50,4702.80,0.30,4702.50,3,4702.40,1,4702.30,4,4702.20,3,4702.10,4,4702.00,4,4701.90,5,4701.80,4,4701.70,9,4701.60,3,4702.80,1,4702.90,2,4703.00,1,4703.10,5,4703.20,6,4703.30,5,4703.40,5,4703.50,4,4703.60,3,4703.70,6,Sell,1,5,6,-4.00,-1.00,-4.00,0.20,50.0,4702.70,4702.80,4702.60,4702.60,47,45,92,2.00,2.00,-18.00,2.50,80.0,57,60,0.0000,0.0000,-23.00,-14.00,4697.94,0.4268,UP,73.80,1.2466,1.5908
20260824 105007 583,4702.60,1,4702.50,4702.80,0.30,4702.50,3,4702.40,1,4702.30,4,4702.20,3,4702.10,4,4702.00,4,4701.90,5,4701.80,4,4701.70,9,4701.60,3,4702.80,1,4702.90,2,4703.00,1,4703.10,5,4703.20,6,4703.30,5,4703.40,5,4703.50,4,4703.60,3,4703.70,6,Sell,1,6,7,-5.00,-1.00,-5.00,0.20,50.0,4702.70,4702.80,4702.60,4702.60,47,45,92,2.00,2.00,-18.00,2.50,80.0,57,60,0.0000,0.0000,-24.00,-15.00,4697.94,0.4268,UP,73.80,1.2466,1.5908
20260824 105007 583,4702.50,1,4702.50,4702.80,0.30,4702.50,3,4702.40,1,4702.30,4,4702.20,3,4702.10,4,4702.00,4,4701.90,5,4701.80,4,4701.70,9,4701.60,3,4702.80,1,4702.90,2,4703.00,1,4703.10,5,4703.20,6,4703.30,5,4703.40,5,4703.50,4,4703.60,3,4703.70,6,Sell,1,7,8,-6.00,-1.00,-6.00,0.30,66.7,4702.70,4702.80,4702.50,4702.50,47,45,92,2.00,2.00,-18.00,2.50,80.0,57,60,0.0000,0.0000,-25.00,-16.00,4697.93,0.4236,UP,73.80,1.2466,1.5908
20260824 105007 709,4702.80,1,4702.60,4702.80,0.20,4702.60,3,4702.50,1,4702.40,3,4702.30,4,4702.20,3,4702.10,4,4702.00,4,4701.90,5,4701.80,4,4701.70,9,4703.00,1,4703.10,4,4703.20,6,4703.30,5,4703.40,5,4703.50,4,4703.60,4,4703.70,6,4703.80,3,4703.90,5,Buy,2,7,9,-5.00,-1.00,-6.00,0.30,33.3,4702.70,4702.80,4702.50,4702.80,47,45,92,2.00,2.00,-18.00,2.50,80.0,57,60,0.0000,0.2000,-24.00,-15.00,4697.96,0.4331,UP,73.80,1.2466,1.5908
20260824 105012 220,4702.90,1,4702.80,4703.10,0.30,4702.80,2,4702.70,5,4702.60,3,4702.50,2,4702.40,3,4702.30,4,4702.20,3,4702.10,5,4702.00,5,4701.90,5,4703.10,2,4703.20,6,4703.30,5,4703.40,4,4703.50,5,4703.60,3,4703.70,6,4703.80,3,4703.90,5,4704.00,8,Sell,2,8,10,-6.00,-1.00,-6.00,0.40,50.0,4702.70,4702.90,4702.50,4702.90,47,45,92,2.00,2.00,-18.00,2.50,80.0,57,60,0.0000,0.0000,-25.00,-16.00,4697.97,0.4363,UP,73.80,1.2466,1.5979
20260824 105016 652,4703.00,1,4702.80,4703.00,0.20,4702.80,8,4702.70,5,4702.60,3,4702.50,1,4702.40,3,4702.30,4,4702.20,3,4702.10,5,4702.00,5,4701.90,6,4703.10,3,4703.20,5,4703.30,6,4703.40,4,4703.50,4,4703.60,3,4703.70,5,4703.80,2,4703.90,5,4704.00,8,Buy,3,8,11,-5.00,-1.00,-6.00,0.50,60.0,4702.70,4703.00,4702.50,4703.00,47,45,92,2.00,2.00,-18.00,2.50,80.0,57,60,0.0000,0.2000,-24.00,-15.00,4697.98,0.4395,UP,73.80,1.2466,1.6051
20260824 105019 940,4703.10,1,4703.20,4703.50,0.30,4703.20,3,4703.10,6,4703.00,2,4702.90,6,4702.80,11,4702.70,3,4702.60,4,4702.50,3,4702.40,5,4702.30,4,4703.50,1,4703.60,4,4703.70,6,4703.80,3,4703.90,5,4704.00,6,4704.10,4,4704.20,5,4704.30,5,4704.40,6,Buy,4,8,12,-4.00,-1.00,-6.00,0.60,66.7,4702.70,4703.10,4702.50,4703.10,47,45,92,2.00,2.00,-18.00,2.50,80.0,57,60,0.0000,0.5000,-23.00,-14.00,4697.99,0.4426,UP,73.80,1.2466,1.6122
20260824 105019 940,4703.10,1,4703.20,4703.50,0.30,4703.20,3,4703.10,6,4703.00,2,4702.90,6,4702.80,11,4702.70,3,4702.60,4,4702.50,3,4702.40,5,4702.30,4,4703.50,1,4703.60,4,4703.70,6,4703.80,3,4703.90,5,4704.00,6,4704.10,4,4704.20,5,4704.30,5,4704.40,6,Buy,5,8,13,-3.00,-1.00,-6.00,0.60,66.7,4702.70,4703.10,4702.50,4703.10,47,45,92,2.00,2.00,-18.00,2.50,80.0,57,60,0.0000,1.0000,-22.00,-13.00,4697.99,0.4426,UP,73.80,1.2466,1.6122
20260824 105019 940,4703.10,1,4703.20,4703.50,0.30,4703.20,3,4703.10,6,4703.00,2,4702.90,6,4702.80,11,4702.70,3,4702.60,4,4702.50,3,4702.40,5,4702.30,4,4703.50,1,4703.60,4,4703.70,6,4703.80,3,4703.90,5,4704.00,6,4704.10,4,4704.20,5,4704.30,5,4704.40,6,Buy,6,8,14,-2.00,-1.00,-6.00,0.60,66.7,4702.70,4703.10,4702.50,4703.10,47,45,92,2.00,2.00,-18.00,2.50,80.0,57,60,0.0000,2.0000,-21.00,-12.00,4697.99,0.4426,UP,73.80,1.2466,1.6122
20260824 105019 940,4703.10,2,4703.20,4703.50,0.30,4703.20,3,4703.10,6,4703.00,2,4702.90,6,4702.80,11,4702.70,3,4702.60,4,4702.50,3,4702.40,5,4702.30,4,4703.50,1,4703.60,4,4703.70,6,4703.80,3,4703.90,5,4704.00,6,4704.10,4,4704.20,5,4704.30,5,4704.40,6,Buy,8,8,16,0.00,0.00,-6.00,0.60,66.7,4702.70,4703.10,4702.50,4703.10,47,45,92,2.00,2.00,-18.00,2.50,80.0,57,60,0.0000,0.0000,-19.00,-10.00,4697.99,0.4426,UP,73.80,1.2466,1.6122
20260824 105019 944,4703.20,1,4703.20,4703.50,0.30,4703.20,3,4703.10,6,4703.00,2,4702.90,6,4702.80,11,4702.70,3,4702.60,4,4702.50,3,4702.40,5,4702.30,4,4703.50,1,4703.60,4,4703.70,6,4703.80,3,4703.90,5,4704.00,6,4704.10,4,4704.20,5,4704.30,5,4704.40,6,Buy,9,8,17,1.00,1.00,-6.00,0.70,71.4,4702.70,4703.20,4702.50,4703.20,47,45,92,2.00,2.00,-18.00,2.50,80.0,57,60,0.0000,0.0000,-18.00,-9.00,4698.00,0.4458,UP,73.80,1.2466,1.6193
20260824 105019 944,4703.20,1,4703.20,4703.50,0.30,4703.20,3,4703.10,6,4703.00,2,4702.90,6,4702.80,11,4702.70,3,4702.60,4,4702.50,3,4702.40,5,4702.30,4,4703.50,1,4703.60,4,4703.70,6,4703.80,3,4703.90,5,4704.00,6,4704.10,4,4704.20,5,4704.30,5,4704.40,6,Buy,10,8,18,2.00,2.00,-6.00,0.70,71.4,4702.70,4703.20,4702.50,4703.20,47,45,92,2.00,2.00,-18.00,2.50,80.0,57,60,0.0000,0.0000,-17.00,-8.00,4698.00,0.4458,UP,73.80,1.2466,1.6193
20260824 105019 944,4703.20,1,4703.20,4703.50,0.30,4703.20,3,4703.10,6,4703.00,2,4702.90,6,4702.80,11,4702.70,3,4702.60,4,4702.50,3,4702.40,5,4702.30,4,4703.50,1,4703.60,4,4703.70,6,4703.80,3,4703.90,5,4704.00,6,4704.10,4,4704.20,5,4704.30,5,4704.40,6,Buy,11,8,19,3.00,3.00,-6.00,0.70,71.4,4702.70,4703.20,4702.50,4703.20,47,45,92,2.00,2.00,-18.00,2.50,80.0,57,60,0.0000,0.0000,-16.00,-7.00,4698.00,0.4458,UP,73.80,1.2466,1.6193
20260824 105019 947,4703.30,1,4703.20,4703.50,0.30,4703.20,3,4703.10,6,4703.00,2,4702.90,6,4702.80,11,4702.70,3,4702.60,4,4702.50,3,4702.40,5,4702.30,4,4703.50,1,4703.60,4,4703.70,6,4703.80,3,4703.90,5,4704.00,6,4704.10,4,4704.20,5,4704.30,5,4704.40,6,Buy,12,8,20,4.00,4.00,-6.00,0.80,75.0,4702.70,4703.30,4702.50,4703.30,47,45,92,2.00,2.00,-18.00,2.50,80.0,57,60,0.0000,0.0000,-15.00,-6.00,4698.01,0.4490,UP,73.80,1.2466,1.6265
20260824 105019 947,4703.30,1,4703.20,4703.50,0.30,4703.20,3,4703.10,6,4703.00,2,4702.90,6,4702.80,11,4702.70,3,4702.60,4,4702.50,3,4702.40,5,4702.30,4,4703.50,1,4703.60,4,4703.70,6,4703.80,3,4703.90,5,4704.00,6,4704.10,4,4704.20,5,4704.30,5,4704.40,6,Buy,13,8,21,5.00,5.00,-6.00,0.80,75.0,4702.70,4703.30,4702.50,4703.30,47,45,92,2.00,2.00,-18.00,2.50,80.0,57,60,0.0000,0.0000,-14.00,-5.00,4698.01,0.4490,UP,73.80,1.2466,1.6265
20260824 105020 245,4703.30,1,4703.30,4703.70,0.40,4703.20,2,4703.10,4,4703.00,4,4702.90,5,4702.80,13,4702.70,2,4702.60,4,4702.50,3,4702.40,5,4702.30,5,4703.50,1,4703.60,5,4703.70,2,4703.80,4,4703.90,5,4704.00,6,4704.10,4,4704.20,3,4704.30,5,4704.40,6,Sell,13,9,22,4.00,5.00,-6.00,0.80,75.0,4702.70,4703.30,4702.50,4703.30,47,45,92,2.00,2.00,-18.00,2.50,80.0,57,60,0.0000,0.2500,-15.00,-6.00,4698.01,0.4490,UP,73.80,1.2466,1.6265
20260824 105020 553,4703.20,1,4703.20,4703.50,0.30,4703.20,1,4703.10,4,4703.00,4,4702.90,5,4702.80,13,4702.70,2,4702.60,4,4702.50,3,4702.40,5,4702.30,5,4703.50,1,4703.60,5,4703.70,2,4703.80,4,4703.90,5,4704.00,6,4704.10,4,4704.20,3,4704.30,5,4704.40,6,Sell,13,10,23,3.00,5.00,-6.00,0.80,62.5,4702.70,4703.30,4702.50,4703.20,47,45,92,2.00,2.00,-18.00,2.50,80.0,57,60,0.0000,0.6667,-16.00,-7.00,4698.00,0.4458,UP,73.80,1.2466,1.6265
20260824 105020 621,4703.70,1,4703.40,4703.70,0.30,4703.40,3,4703.30,3,4703.20,4,4703.10,5,4703.00,4,4702.90,5,4702.80,13,4702.70,3,4702.60,4,4702.50,3,4703.70,1,4703.80,4,4703.90,3,4704.00,7,4704.10,4,4704.20,3,4704.30,5,4704.40,6,4704.50,5,4704.60,7,Buy,14,10,24,4.00,5.00,-6.00,1.20,83.3,4702.70,4703.70,4702.50,4703.70,47,45,92,2.00,2.00,-18.00,2.50,80.0,57,60,0.0000,0.2500,-15.00,-6.00,4698.05,0.4617,UP,73.80,1.2466,1.6551
20260824 105021 218,4703.10,1,4703.00,4703.30,0.30,4703.00,2,4702.90,3,4702.80,11,4702.70,2,4702.60,4,4702.50,3,4702.40,4,4702.30,4,4702.20,3,4702.10,5,4703.30,4,4703.40,5,4703.50,3,4703.60,3,4703.70,5,4703.80,3,4703.90,5,4704.00,7,4704.10,5,4704.20,4,Sell,14,11,25,3.00,5.00,-6.00,1.20,33.3,4702.70,4703.70,4702.50,4703.10,47,45,92,2.00,2.00,-18.00,2.50,80.0,57,60,0.0000,0.6667,-16.00,-7.00,4697.99,0.4426,UP,73.80,1.2466,1.6551
20260824 105021 954,4703.40,1,4703.10,4703.40,0.30,4703.10,1,4703.00,2,4702.90,3,4702.80,11,4702.70,2,4702.60,5,4702.50,3,4702.40,3,4702.30,4,4702.20,3,4703.40,2,4703.50,4,4703.60,3,4703.70,4,4703.80,5,4703.90,4,4704.00,7,4704.10,5,4704.20,4,4704.30,5,Buy,15,11,26,4.00,5.00,-6.00,1.20,58.3,4702.70,4703.70,4702.50,4703.40,47,45,92,2.00,2.00,-18.00,2.50,80.0,57,60,0.0000,0.2500,-15.00,-6.00,4698.02,0.4522,UP,73.80,1.2466,1.6551
20260824 105023 750,4703.40,1,4703.50,4703.70,0.20,4703.50,2,4703.40,2,4703.30,4,4703.20,2,4703.10,4,4703.00,7,4702.90,4,4702.80,10,4702.70,3,4702.60,4,4703.70,1,4703.80,1,4703.90,4,4704.00,5,4704.10,5,4704.20,3,4704.30,5,4704.40,5,4704.50,5,4704.60,7,Sell,15,12,27,3.00,5.00,-6.00,1.20,58.3,4702.70,4703.70,4702.50,4703.40,47,45,92,2.00,2.00,-18.00,2.50,80.0,57,60,0.0000,0.6667,-16.00,-7.00,4698.02,0.4522,UP,73.80,1.2466,1.6551
20260824 105023 750,4703.40,1,4703.50,4703.70,0.20,4703.50,2,4703.40,2,4703.30,4,4703.20,2,4703.10,4,4703.00,7,4702.90,4,4702.80,10,4702.70,3,4702.60,4,4703.70,1,4703.80,1,4703.90,4,4704.00,5,4704.10,5,4704.20,3,4704.30,5,4704.40,5,4704.50,5,4704.60,7,Sell,15,13,28,2.00,5.00,-6.00,1.20,58.3,4702.70,4703.70,4702.50,4703.40,47,45,92,2.00,2.00,-18.00,2.50,80.0,57,60,0.0000,1.5000,-17.00,-8.00,4698.02,0.4522,UP,73.80,1.2466,1.6551
20260824 105023 774,4703.70,1,4703.50,4703.70,0.20,4703.50,2,4703.40,2,4703.30,4,4703.20,2,4703.10,4,4703.00,7,4702.90,4,4702.80,10,4702.70,3,4702.60,4,4703.70,1,4703.80,1,4703.90,4,4704.00,5,4704.10,5,4704.20,3,4704.30,5,4704.40,5,4704.50,5,4704.60,7,Buy,16,13,29,3.00,5.00,-6.00,1.20,83.3,4702.70,4703.70,4702.50,4703.70,47,45,92,2.00,2.00,-18.00,2.50,80.0,57,60,0.0000,0.6667,-16.00,-7.00,4698.05,0.4617,UP,73.80,1.2466,1.6551
20260824 105023 776,4703.70,1,4703.50,4703.70,0.20,4703.50,2,4703.40,2,4703.30,4,4703.20,2,4703.10,4,4703.00,7,4702.90,4,4702.80,10,4702.70,3,4702.60,4,4703.70,1,4703.80,1,4703.90,4,4704.00,5,4704.10,5,4704.20,3,4704.30,5,4704.40,5,4704.50,5,4704.60,7,Buy,17,13,30,4.00,5.00,-6.00,1.20,83.3,4702.70,4703.70,4702.50,4703.70,47,45,92,2.00,2.00,-18.00,2.50,80.0,57,60,0.0000,0.2500,-15.00,-6.00,4698.05,0.4617,UP,73.80,1.2466,1.6551
20260824 105024 253,4703.70,1,4702.90,4703.20,0.30,4702.90,1,4702.80,8,4702.70,3,4702.60,2,4702.50,2,4702.40,4,4702.30,4,4702.20,3,4702.10,4,4702.00,6,4703.20,1,4703.30,6,4703.40,8,4703.50,4,4703.60,4,4703.70,7,4703.80,4,4703.90,5,4704.00,8,4704.10,2,Sell,17,14,31,3.00,5.00,-6.00,1.20,83.3,4702.70,4703.70,4702.50,4703.70,47,45,92,2.00,2.00,-18.00,2.50,80.0,57,60,0.0000,0.6667,-16.00,-7.00,4698.05,0.4617,UP,73.80,1.2466,1.6551
20260824 105024 253,4703.60,1,4702.90,4703.20,0.30,4702.90,1,4702.80,8,4702.70,3,4702.60,2,4702.50,2,4702.40,4,4702.30,4,4702.20,3,4702.10,4,4702.00,6,4703.20,1,4703.30,6,4703.40,8,4703.50,4,4703.60,4,4703.70,7,4703.80,4,4703.90,5,4704.00,8,4704.10,2,Sell,17,15,32,2.00,5.00,-6.00,1.20,75.0,4702.70,4703.70,4702.50,4703.60,47,45,92,2.00,2.00,-18.00,2.50,80.0,57,60,0.0000,1.5000,-17.00,-8.00,4698.04,0.4585,UP,73.80,1.2466,1.6551
20260824 105024 253,4703.60,1,4702.90,4703.20,0.30,4702.90,1,4702.80,8,4702.70,3,4702.60,2,4702.50,2,4702.40,4,4702.30,4,4702.20,3,4702.10,4,4702.00,6,4703.20,1,4703.30,6,4703.40,8,4703.50,4,4703.60,4,4703.70,7,4703.80,4,4703.90,5,4704.00,8,4704.10,2,Sell,17,16,33,1.00,5.00,-6.00,1.20,75.0,4702.70,4703.70,4702.50,4703.60,47,45,92,2.00,2.00,-18.00,2.50,80.0,57,60,0.0000,4.0000,-18.00,-9.00,4698.04,0.4585,UP,73.80,1.2466,1.6551
20260824 105024 253,4703.60,1,4702.90,4703.20,0.30,4702.90,1,4702.80,8,4702.70,3,4702.60,2,4702.50,2,4702.40,4,4702.30,4,4702.20,3,4702.10,4,4702.00,6,4703.20,1,4703.30,6,4703.40,8,4703.50,4,4703.60,4,4703.70,7,4703.80,4,4703.90,5,4704.00,8,4704.10,2,Sell,17,17,34,0.00,5.00,-6.00,1.20,75.0,4702.70,4703.70,4702.50,4703.60,47,45,92,2.00,2.00,-18.00,2.50,80.0,57,60,0.0000,5.0000,-19.00,-10.00,4698.04,0.4585,UP,73.80,1.2466,1.6551
20260824 105024 253,4703.60,1,4702.90,4703.20,0.30,4702.90,1,4702.80,8,4702.70,3,4702.60,2,4702.50,2,4702.40,4,4702.30,4,4702.20,3,4702.10,4,4702.00,6,4703.20,1,4703.30,6,4703.40,8,4703.50,4,4703.60,4,4703.70,7,4703.80,4,4703.90,5,4704.00,8,4704.10,2,Sell,17,18,35,-1.00,5.00,-6.00,1.20,75.0,4702.70,4703.70,4702.50,4703.60,47,45,92,2.00,2.00,-18.00,2.50,80.0,57,60,0.0000,5.0000,-20.00,-11.00,4698.04,0.4585,UP,73.80,1.2466,1.6551
20260824 105024 253,4703.50,1,4702.90,4703.20,0.30,4702.90,1,4702.80,8,4702.70,3,4702.60,2,4702.50,2,4702.40,4,4702.30,4,4702.20,3,4702.10,4,4702.00,6,4703.20,1,4703.30,6,4703.40,8,4703.50,4,4703.60,4,4703.70,7,4703.80,4,4703.90,5,4704.00,8,4704.10,2,Sell,17,19,36,-2.00,5.00,-6.00,1.20,66.7,4702.70,4703.70,4702.50,4703.50,47,45,92,2.00,2.00,-18.00,2.50,80.0,57,60,0.0000,2.0000,-21.00,-12.00,4698.03,0.4553,UP,73.80,1.2466,1.6551
20260824 105024 253,4703.40,1,4702.90,4703.20,0.30,4702.90,1,4702.80,8,4702.70,3,4702.60,2,4702.50,2,4702.40,4,4702.30,4,4702.20,3,4702.10,4,4702.00,6,4703.20,1,4703.30,6,4703.40,8,4703.50,4,4703.60,4,4703.70,7,4703.80,4,4703.90,5,4704.00,8,4704.10,2,Sell,17,20,37,-3.00,5.00,-6.00,1.20,58.3,4702.70,4703.70,4702.50,4703.40,47,45,92,2.00,2.00,-18.00,2.50,80.0,57,60,0.0000,1.0000,-22.00,-13.00,4698.02,0.4522,UP,73.80,1.2466,1.6551
20260824 105024 253,4703.40,1,4702.90,4703.20,0.30,4702.90,1,4702.80,8,4702.70,3,4702.60,2,4702.50,2,4702.40,4,4702.30,4,4702.20,3,4702.10,4,4702.00,6,4703.20,1,4703.30,6,4703.40,8,4703.50,4,4703.60,4,4703.70,7,4703.80,4,4703.90,5,4704.00,8,4704.10,2,Sell,17,21,38,-4.00,5.00,-6.00,1.20,58.3,4702.70,4703.70,4702.50,4703.40,47,45,92,2.00,2.00,-18.00,2.50,80.0,57,60,0.0000,0.5000,-23.00,-14.00,4698.02,0.4522,UP,73.80,1.2466,1.6551
20260824 105024 253,4703.30,1,4702.90,4703.20,0.30,4702.90,1,4702.80,8,4702.70,3,4702.60,2,4702.50,2,4702.40,4,4702.30,4,4702.20,3,4702.10,4,4702.00,6,4703.20,1,4703.30,6,4703.40,8,4703.50,4,4703.60,4,4703.70,7,4703.80,4,4703.90,5,4704.00,8,4704.10,2,Sell,17,22,39,-5.00,5.00,-6.00,1.20,50.0,4702.70,4703.70,4702.50,4703.30,47,45,92,2.00,2.00,-18.00,2.50,80.0,57,60,0.0000,0.2000,-24.00,-15.00,4698.01,0.4490,UP,73.80,1.2466,1.6551
20260824 105024 253,4703.30,1,4702.90,4703.20,0.30,4702.90,1,4702.80,8,4702.70,3,4702.60,2,4702.50,2,4702.40,4,4702.30,4,4702.20,3,4702.10,4,4702.00,6,4703.20,1,4703.30,6,4703.40,8,4703.50,4,4703.60,4,4703.70,7,4703.80,4,4703.90,5,4704.00,8,4704.10,2,Sell,17,23,40,-6.00,5.00,-6.00,1.20,50.0,4702.70,4703.70,4702.50,4703.30,47,45,92,2.00,2.00,-18.00,2.50,80.0,57,60,0.0000,0.0000,-25.00,-16.00,4698.01,0.4490,UP,73.80,1.2466,1.6551
20260824 105024 253,4703.30,1,4702.90,4703.20,0.30,4702.90,1,4702.80,8,4702.70,3,4702.60,2,4702.50,2,4702.40,4,4702.30,4,4702.20,3,4702.10,4,4702.00,6,4703.20,1,4703.30,6,4703.40,8,4703.50,4,4703.60,4,4703.70,7,4703.80,4,4703.90,5,4704.00,8,4704.10,2,Sell,17,24,41,-7.00,5.00,-7.00,1.20,50.0,4702.70,4703.70,4702.50,4703.30,47,45,92,2.00,2.00,-18.00,2.50,80.0,57,60,0.0000,0.0000,-26.00,-17.00,4698.01,0.4490,UP,73.80,1.2466,1.6551
20260824 105024 253,4703.20,1,4702.90,4703.20,0.30,4702.90,1,4702.80,8,4702.70,3,4702.60,2,4702.50,2,4702.40,4,4702.30,4,4702.20,3,4702.10,4,4702.00,6,4703.20,1,4703.30,6,4703.40,8,4703.50,4,4703.60,4,4703.70,7,4703.80,4,4703.90,5,4704.00,8,4704.10,2,Sell,17,25,42,-8.00,5.00,-8.00,1.20,41.7,4702.70,4703.70,4702.50,4703.20,47,45,92,2.00,2.00,-18.00,2.50,80.0,57,60,0.0000,0.0000,-27.00,-18.00,4698.00,0.4458,UP,73.80,1.2466,1.6551
20260824 105024 253,4703.20,1,4702.90,4703.20,0.30,4702.90,1,4702.80,8,4702.70,3,4702.60,2,4702.50,2,4702.40,4,4702.30,4,4702.20,3,4702.10,4,4702.00,6,4703.20,1,4703.30,6,4703.40,8,4703.50,4,4703.60,4,4703.70,7,4703.80,4,4703.90,5,4704.00,8,4704.10,2,Sell,17,26,43,-9.00,5.00,-9.00,1.20,41.7,4702.70,4703.70,4702.50,4703.20,47,45,92,2.00,2.00,-18.00,2.50,80.0,57,60,0.0000,0.0000,-28.00,-19.00,4698.00,0.4458,UP,73.80,1.2466,1.6551
20260824 105024 253,4703.20,1,4702.90,4703.20,0.30,4702.90,1,4702.80,8,4702.70,3,4702.60,2,4702.50,2,4702.40,4,4702.30,4,4702.20,3,4702.10,4,4702.00,6,4703.20,1,4703.30,6,4703.40,8,4703.50,4,4703.60,4,4703.70,7,4703.80,4,4703.90,5,4704.00,8,4704.10,2,Sell,17,27,44,-10.00,5.00,-10.00,1.20,41.7,4702.70,4703.70,4702.50,4703.20,47,45,92,2.00,2.00,-18.00,2.50,80.0,57,60,0.0000,0.0000,-29.00,-20.00,4698.00,0.4458,UP,73.80,1.2466,1.6551
20260824 105024 253,4703.20,1,4702.90,4703.20,0.30,4702.90,1,4702.80,8,4702.70,3,4702.60,2,4702.50,2,4702.40,4,4702.30,4,4702.20,3,4702.10,4,4702.00,6,4703.20,1,4703.30,6,4703.40,8,4703.50,4,4703.60,4,4703.70,7,4703.80,4,4703.90,5,4704.00,8,4704.10,2,Sell,17,28,45,-11.00,5.00,-11.00,1.20,41.7,4702.70,4703.70,4702.50,4703.20,47,45,92,2.00,2.00,-18.00,2.50,80.0,57,60,0.0000,0.0000,-30.00,-21.00,4698.00,0.4458,UP,73.80,1.2466,1.6551
20260824 105024 253,4703.10,1,4702.90,4703.20,0.30,4702.90,1,4702.80,8,4702.70,3,4702.60,2,4702.50,2,4702.40,4,4702.30,4,4702.20,3,4702.10,4,4702.00,6,4703.20,1,4703.30,6,4703.40,8,4703.50,4,4703.60,4,4703.70,7,4703.80,4,4703.90,5,4704.00,8,4704.10,2,Sell,17,29,46,-12.00,5.00,-12.00,1.20,33.3,4702.70,4703.70,4702.50,4703.10,47,45,92,2.00,2.00,-18.00,2.50,80.0,57,60,0.0000,0.0000,-31.00,-22.00,4697.99,0.4426,UP,73.80,1.2466,1.6551
20260824 105024 253,4703.10,1,4702.90,4703.20,0.30,4702.90,1,4702.80,8,4702.70,3,4702.60,2,4702.50,2,4702.40,4,4702.30,4,4702.20,3,4702.10,4,4702.00,6,4703.20,1,4703.30,6,4703.40,8,4703.50,4,4703.60,4,4703.70,7,4703.80,4,4703.90,5,4704.00,8,4704.10,2,Sell,17,30,47,-13.00,5.00,-13.00,1.20,33.3,4702.70,4703.70,4702.50,4703.10,47,45,92,2.00,2.00,-18.00,2.50,80.0,57,60,0.0000,0.0000,-32.00,-23.00,4697.99,0.4426,UP,73.80,1.2466,1.6551
20260824 105024 253,4703.10,1,4702.90,4703.20,0.30,4702.90,1,4702.80,8,4702.70,3,4702.60,2,4702.50,2,4702.40,4,4702.30,4,4702.20,3,4702.10,4,4702.00,6,4703.20,1,4703.30,6,4703.40,8,4703.50,4,4703.60,4,4703.70,7,4703.80,4,4703.90,5,4704.00,8,4704.10,2,Sell,17,31,48,-14.00,5.00,-14.00,1.20,33.3,4702.70,4703.70,4702.50,4703.10,47,45,92,2.00,2.00,-18.00,2.50,80.0,57,60,0.0000,0.0000,-33.00,-24.00,4697.99,0.4426,UP,73.80,1.2466,1.6551
20260824 105024 253,4703.10,1,4702.90,4703.20,0.30,4702.90,1,4702.80,8,4702.70,3,4702.60,2,4702.50,2,4702.40,4,4702.30,4,4702.20,3,4702.10,4,4702.00,6,4703.20,1,4703.30,6,4703.40,8,4703.50,4,4703.60,4,4703.70,7,4703.80,4,4703.90,5,4704.00,8,4704.10,2,Sell,17,32,49,-15.00,5.00,-15.00,1.20,33.3,4702.70,4703.70,4702.50,4703.10,47,45,92,2.00,2.00,-18.00,2.50,80.0,57,60,0.0000,0.0000,-34.00,-25.00,4697.99,0.4426,UP,73.80,1.2466,1.6551
20260824 105024 253,4703.10,1,4702.90,4703.20,0.30,4702.90,1,4702.80,8,4702.70,3,4702.60,2,4702.50,2,4702.40,4,4702.30,4,4702.20,3,4702.10,4,4702.00,6,4703.20,1,4703.30,6,4703.40,8,4703.50,4,4703.60,4,4703.70,7,4703.80,4,4703.90,5,4704.00,8,4704.10,2,Sell,17,33,50,-16.00,5.00,-16.00,1.20,33.3,4702.70,4703.70,4702.50,4703.10,47,45,92,2.00,2.00,-18.00,2.50,80.0,57,60,0.0000,0.0000,-35.00,-26.00,4697.99,0.4426,UP,73.80,1.2466,1.6551
20260824 105024 257,4703.10,1,4702.90,4703.20,0.30,4702.90,1,4702.80,8,4702.70,3,4702.60,2,4702.50,2,4702.40,4,4702.30,4,4702.20,3,4702.10,4,4702.00,6,4703.20,1,4703.30,6,4703.40,8,4703.50,4,4703.60,4,4703.70,7,4703.80,4,4703.90,5,4704.00,8,4704.10,2,Buy,18,33,51,-15.00,5.00,-16.00,1.20,33.3,4702.70,4703.70,4702.50,4703.10,47,45,92,2.00,2.00,-18.00,2.50,80.0,57,60,0.0000,0.0667,-34.00,-25.00,4697.99,0.4426,UP,73.80,1.2466,1.6551
20260824 105024 257,4703.10,1,4702.90,4703.20,0.30,4702.90,1,4702.80,8,4702.70,3,4702.60,2,4702.50,2,4702.40,4,4702.30,4,4702.20,3,4702.10,4,4702.00,6,4703.20,1,4703.30,6,4703.40,8,4703.50,4,4703.60,4,4703.70,7,4703.80,4,4703.90,5,4704.00,8,4704.10,2,Buy,19,33,52,-14.00,5.00,-16.00,1.20,33.3,4702.70,4703.70,4702.50,4703.10,47,45,92,2.00,2.00,-18.00,2.50,80.0,57,60,0.0000,0.1429,-33.00,-24.00,4697.99,0.4426,UP,73.80,1.2466,1.6551
20260824 105024 257,4703.10,2,4702.90,4703.20,0.30,4702.90,1,4702.80,8,4702.70,3,4702.60,2,4702.50,2,4702.40,4,4702.30,4,4702.20,3,4702.10,4,4702.00,6,4703.20,1,4703.30,6,4703.40,8,4703.50,4,4703.60,4,4703.70,7,4703.80,4,4703.90,5,4704.00,8,4704.10,2,Buy,21,33,54,-12.00,5.00,-16.00,1.20,33.3,4702.70,4703.70,4702.50,4703.10,47,45,92,2.00,2.00,-18.00,2.50,80.0,57,60,0.0000,0.3333,-31.00,-22.00,4697.99,0.4426,UP,73.80,1.2466,1.6551
20260824 105024 258,4703.00,1,4702.90,4703.20,0.30,4702.90,1,4702.80,8,4702.70,3,4702.60,2,4702.50,2,4702.40,4,4702.30,4,4702.20,3,4702.10,4,4702.00,6,4703.20,1,4703.30,6,4703.40,8,4703.50,4,4703.60,4,4703.70,7,4703.80,4,4703.90,5,4704.00,8,4704.10,2,Sell,21,34,55,-13.00,5.00,-16.00,1.20,25.0,4702.70,4703.70,4702.50,4703.00,47,45,92,2.00,2.00,-18.00,2.50,80.0,57,60,0.0000,0.2308,-32.00,-23.00,4697.98,0.4395,UP,73.80,1.2466,1.6551
20260824 105024 258,4703.00,1,4702.90,4703.20,0.30,4702.90,1,4702.80,8,4702.70,3,4702.60,2,4702.50,2,4702.40,4,4702.30,4,4702.20,3,4702.10,4,4702.00,6,4703.20,1,4703.30,6,4703.40,8,4703.50,4,4703.60,4,4703.70,7,4703.80,4,4703.90,5,4704.00,8,4704.10,2,Sell,21,35,56,-14.00,5.00,-16.00,1.20,25.0,4702.70,4703.70,4702.50,4703.00,47,45,92,2.00,2.00,-18.00,2.50,80.0,57,60,0.0000,0.1429,-33.00,-24.00,4697.98,0.4395,UP,73.80,1.2466,1.6551
20260824 105024 259,4703.00,2,4702.90,4703.20,0.30,4702.90,1,4702.80,8,4702.70,3,4702.60,2,4702.50,2,4702.40,4,4702.30,4,4702.20,3,4702.10,4,4702.00,6,4703.20,1,4703.30,6,4703.40,8,4703.50,4,4703.60,4,4703.70,7,4703.80,4,4703.90,5,4704.00,8,4704.10,2,Sell,21,37,58,-16.00,5.00,-16.00,1.20,25.0,4702.70,4703.70,4702.50,4703.00,47,45,92,2.00,2.00,-18.00,2.50,80.0,57,60,0.0000,0.0000,-35.00,-26.00,4697.98,0.4395,UP,73.80,1.2466,1.6551
20260824 105024 264,4702.90,1,4702.90,4703.20,0.30,4702.90,1,4702.80,8,4702.70,3,4702.60,2,4702.50,2,4702.40,4,4702.30,4,4702.20,3,4702.10,4,4702.00,6,4703.20,1,4703.30,6,4703.40,8,4703.50,4,4703.60,4,4703.70,7,4703.80,4,4703.90,5,4704.00,8,4704.10,2,Sell,21,38,59,-17.00,5.00,-17.00,1.20,16.7,4702.70,4703.70,4702.50,4702.90,47,45,92,2.00,2.00,-18.00,2.50,80.0,57,60,0.0000,0.0000,-36.00,-27.00,4697.97,0.4363,UP,73.80,1.2466,1.6551
20260824 105024 265,4702.90,1,4702.90,4703.20,0.30,4702.90,1,4702.80,8,4702.70,3,4702.60,2,4702.50,2,4702.40,4,4702.30,4,4702.20,3,4702.10,4,4702.00,6,4703.20,1,4703.30,6,4703.40,8,4703.50,4,4703.60,4,4703.70,7,4703.80,4,4703.90,5,4704.00,8,4704.10,2,Sell,21,39,60,-18.00,5.00,-18.00,1.20,16.7,4702.70,4703.70,4702.50,4702.90,47,45,92,2.00,2.00,-18.00,2.50,80.0,57,60,0.0000,0.0000,-37.00,-28.00,4697.97,0.4363,UP,73.80,1.2466,1.6551
20260824 105024 271,4703.10,1,4702.90,4703.20,0.30,4702.90,1,4702.80,8,4702.70,3,4702.60,2,4702.50,2,4702.40,3,4702.30,4,4702.20,3,4702.10,4,4702.00,6,4703.20,1,4703.30,6,4703.40,8,4703.50,4,4703.60,4,4703.70,7,4703.80,4,4703.90,5,4704.00,8,4704.10,2,Buy,22,39,61,-17.00,5.00,-18.00,1.20,33.3,4702.70,4703.70,4702.50,4703.10,47,45,92,2.00,2.00,-18.00,2.50,80.0,57,60,0.0000,0.0588,-36.00,-27.00,4697.99,0.4426,UP,73.80,1.2466,1.6551
20260824 105024 420,4703.20,1,4702.90,4703.30,0.40,4702.90,3,4702.80,9,4702.70,2,4702.60,2,4702.50,2,4702.40,3,4702.30,4,4702.20,3,4702.10,4,4702.00,6,4703.30,2,4703.40,8,4703.50,3,4703.60,4,4703.70,6,4703.80,2,4703.90,5,4704.00,8,4704.10,2,4704.20,5,Buy,23,39,62,-16.00,5.00,-18.00,1.20,41.7,4702.70,4703.70,4702.50,4703.20,47,45,92,2.00,2.00,-18.00,2.50,80.0,57,60,0.0000,0.1250,-35.00,-26.00,4698.00,0.4458,UP,73.80,1.2466,1.6551
20260824 105025 095,4703.30,1,4703.00,4703.30,0.30,4703.00,2,4702.90,4,4702.80,9,4702.70,2,4702.60,3,4702.50,2,4702.40,3,4702.30,4,4702.20,3,4702.10,4,4703.30,2,4703.40,2,4703.50,3,4703.60,4,4703.70,6,4703.80,2,4703.90,5,4704.00,8,4704.10,2,4704.20,5,Buy,24,39,63,-15.00,5.00,-18.00,1.20,50.0,4702.70,4703.70,4702.50,4703.30,47,45,92,2.00,2.00,-18.00,2.50,80.0,57,60,0.0000,0.2000,-34.00,-25.00,4698.01,0.4490,UP,73.80,1.2466,1.6551
20260824 105025 096,4703.30,1,4703.00,4703.30,0.30,4703.00,2,4702.90,4,4702.80,9,4702.70,2,4702.60,3,4702.50,2,4702.40,3,4702.30,4,4702.20,3,4702.10,4,4703.30,2,4703.40,2,4703.50,3,4703.60,4,4703.70,6,4703.80,2,4703.90,5,4704.00,8,4704.10,2,4704.20,5,Buy,25,39,64,-14.00,5.00,-18.00,1.20,50.0,4702.70,4703.70,4702.50,4703.30,47,45,92,2.00,2.00,-18.00,2.50,80.0,57,60,0.0000,0.2857,-33.00,-24.00,4698.01,0.4490,UP,73.80,1.2466,1.6551
20260824 105025 265,4703.10,1,4703.10,4703.40,0.30,4703.10,1,4703.00,4,4702.90,3,4702.80,8,4702.70,2,4702.60,4,4702.50,3,4702.40,3,4702.30,4,4702.20,3,4703.40,1,4703.50,2,4703.60,3,4703.70,5,4703.80,2,4703.90,6,4704.00,7,4704.10,2,4704.20,5,4704.30,6,Sell,25,40,65,-15.00,5.00,-18.00,1.20,33.3,4702.70,4703.70,4702.50,4703.10,47,45,92,2.00,2.00,-18.00,2.50,80.0,57,60,0.0000,0.2000,-34.00,-25.00,4697.99,0.4426,UP,73.80,1.2466,1.6551
20260824 105025 265,4703.10,1,4703.10,4703.40,0.30,4703.10,1,4703.00,4,4702.90,3,4702.80,8,4702.70,2,4702.60,4,4702.50,3,4702.40,3,4702.30,4,4702.20,3,4703.40,1,4703.50,2,4703.60,3,4703.70,5,4703.80,2,4703.90,6,4704.00,7,4704.10,2,4704.20,5,4704.30,6,Sell,25,41,66,-16.00,5.00,-18.00,1.20,33.3,4702.70,4703.70,4702.50,4703.10,47,45,92,2.00,2.00,-18.00,2.50,80.0,57,60,0.0000,0.1250,-35.00,-26.00,4697.99,0.4426,UP,73.80,1.2466,1.6551
20260824 105025 298,4703.20,1,4703.10,4703.40,0.30,4703.10,1,4703.00,4,4702.90,3,4702.80,8,4702.70,2,4702.60,4,4702.50,3,4702.40,3,4702.30,4,4702.20,3,4703.40,1,4703.50,2,4703.60,3,4703.70,5,4703.80,2,4703.90,6,4704.00,7,4704.10,2,4704.20,5,4704.30,6,Buy,26,41,67,-15.00,5.00,-18.00,1.20,41.7,4702.70,4703.70,4702.50,4703.20,47,45,92,2.00,2.00,-18.00,2.50,80.0,57,60,0.0000,0.2000,-34.00,-25.00,4698.00,0.4458,UP,73.80,1.2466,1.6551
20260824 105025 367,4703.10,1,4702.90,4703.20,0.30,4702.90,2,4702.80,9,4702.70,1,4702.60,3,4702.50,4,4702.40,4,4702.30,4,4702.20,3,4702.10,4,4702.00,6,4703.20,1,4703.40,5,4703.50,2,4703.60,3,4703.70,5,4703.80,2,4703.90,6,4704.00,7,4704.10,2,4704.20,5,Sell,26,42,68,-16.00,5.00,-18.00,1.20,33.3,4702.70,4703.70,4702.50,4703.10,47,45,92,2.00,2.00,-18.00,2.50,80.0,57,60,0.0000,0.1250,-35.00,-26.00,4697.99,0.4426,UP,73.80,1.2466,1.6551
20260824 105025 460,4702.80,1,4702.40,4702.80,0.40,4702.30,2,4702.20,2,4702.10,2,4702.00,4,4701.90,6,4701.80,3,4701.70,2,4701.60,3,4701.50,3,4701.40,3,4702.70,4,4702.80,4,4702.90,3,4703.00,1,4703.10,7,4703.20,5,4703.30,2,4703.40,4,4703.50,2,4703.60,7,Sell,26,43,69,-17.00,5.00,-18.00,1.20,8.3,4702.70,4703.70,4702.50,4702.80,47,45,92,2.00,2.00,-18.00,2.50,80.0,57,60,0.0000,0.0588,-36.00,-27.00,4697.96,0.4331,UP,73.80,1.2466,1.6551
20260824 105025 461,4702.80,1,4702.40,4702.80,0.40,4702.30,2,4702.20,2,4702.10,2,4702.00,4,4701.90,6,4701.80,3,4701.70,2,4701.60,3,4701.50,3,4701.40,3,4702.70,4,4702.80,4,4702.90,3,4703.00,1,4703.10,7,4703.20,5,4703.30,2,4703.40,4,4703.50,2,4703.60,7,Sell,26,44,70,-18.00,5.00,-18.00,1.20,8.3,4702.70,4703.70,4702.50,4702.80,47,45,92,2.00,2.00,-18.00,2.50,80.0,57,60,0.0000,0.0000,-37.00,-28.00,4697.96,0.4331,UP,73.80,1.2466,1.6551
20260824 105025 461,4702.80,1,4702.40,4702.80,0.40,4702.30,2,4702.20,2,4702.10,2,4702.00,4,4701.90,6,4701.80,3,4701.70,2,4701.60,3,4701.50,3,4701.40,3,4702.70,4,4702.80,4,4702.90,3,4703.00,1,4703.10,7,4703.20,5,4703.30,2,4703.40,4,4703.50,2,4703.60,7,Sell,26,45,71,-19.00,5.00,-19.00,1.20,8.3,4702.70,4703.70,4702.50,4702.80,47,45,92,2.00,2.00,-18.00,2.50,80.0,57,60,0.0000,0.0000,-38.00,-29.00,4697.96,0.4331,UP,73.80,1.2466,1.6551
20260824 105025 463,4702.80,1,4702.40,4702.80,0.40,4702.30,2,4702.20,2,4702.10,2,4702.00,4,4701.90,6,4701.80,3,4701.70,2,4701.60,3,4701.50,3,4701.40,3,4702.70,4,4702.80,4,4702.90,3,4703.00,1,4703.10,7,4703.20,5,4703.30,2,4703.40,4,4703.50,2,4703.60,7,Sell,26,46,72,-20.00,5.00,-20.00,1.20,8.3,4702.70,4703.70,4702.50,4702.80,47,45,92,2.00,2.00,-18.00,2.50,80.0,57,60,0.0000,0.0000,-39.00,-30.00,4697.96,0.4331,UP,73.80,1.2466,1.6551
20260824 105025 463,4702.80,2,4702.40,4702.80,0.40,4702.30,2,4702.20,2,4702.10,2,4702.00,4,4701.90,6,4701.80,3,4701.70,2,4701.60,3,4701.50,3,4701.40,3,4702.70,4,4702.80,4,4702.90,3,4703.00,1,4703.10,7,4703.20,5,4703.30,2,4703.40,4,4703.50,2,4703.60,7,Sell,26,48,74,-22.00,5.00,-22.00,1.20,8.3,4702.70,4703.70,4702.50,4702.80,47,45,92,2.00,2.00,-18.00,2.50,80.0,57,60,0.0000,0.0000,-41.00,-32.00,4697.96,0.4331,UP,73.80,1.2466,1.6551
20260824 105025 463,4702.80,2,4702.40,4702.80,0.40,4702.30,2,4702.20,2,4702.10,2,4702.00,4,4701.90,6,4701.80,3,4701.70,2,4701.60,3,4701.50,3,4701.40,3,4702.70,4,4702.80,4,4702.90,3,4703.00,1,4703.10,7,4703.20,5,4703.30,2,4703.40,4,4703.50,2,4703.60,7,Sell,26,50,76,-24.00,5.00,-24.00,1.20,8.3,4702.70,4703.70,4702.50,4702.80,47,45,92,2.00,2.00,-18.00,2.50,80.0,57,60,0.0000,0.0000,-43.00,-34.00,4697.96,0.4331,UP,73.80,1.2466,1.6551
20260824 105025 468,4702.70,1,4702.40,4702.80,0.40,4702.30,2,4702.20,2,4702.10,2,4702.00,4,4701.90,6,4701.80,3,4701.70,2,4701.60,3,4701.50,3,4701.40,3,4702.70,4,4702.80,4,4702.90,3,4703.00,1,4703.10,7,4703.20,5,4703.30,2,4703.40,4,4703.50,2,4703.60,7,Sell,26,51,77,-25.00,5.00,-25.00,1.20,0.0,4702.70,4703.70,4702.50,4702.70,47,45,92,2.00,2.00,-18.00,2.50,80.0,57,60,0.0000,0.0000,-44.00,-35.00,4697.95,0.4299,UP,73.80,1.2466,1.6551
20260824 105025 471,4702.40,1,4702.40,4702.80,0.40,4702.30,2,4702.20,2,4702.10,2,4702.00,4,4701.90,6,4701.80,3,4701.70,2,4701.60,3,4701.50,3,4701.40,3,4702.70,4,4702.80,4,4702.90,3,4703.00,1,4703.10,7,4703.20,5,4703.30,2,4703.40,4,4703.50,2,4703.60,7,Sell,26,52,78,-26.00,5.00,-26.00,1.30,23.1,4702.70,4703.70,4702.40,4702.40,47,45,92,2.00,2.00,-18.00,2.50,80.0,57,60,0.0000,0.0000,-45.00,-36.00,4697.92,0.4204,UP,73.80,1.2466,1.6622
20260824 105025 775,4702.40,1,4702.30,4702.60,0.30,4702.30,3,4702.20,2,4702.10,2,4702.00,4,4701.90,6,4701.80,3,4701.70,2,4701.60,3,4701.50,3,4701.40,3,4702.60,1,4702.70,3,4702.80,2,4702.90,2,4703.00,1,4703.10,7,4703.20,6,4703.30,2,4703.40,4,4703.50,2,Sell,26,53,79,-27.00,5.00,-27.00,1.30,23.1,4702.70,4703.70,4702.40,4702.40,47,45,92,2.00,2.00,-18.00,2.50,80.0,57,60,0.0000,0.0000,-46.00,-37.00,4697.92,0.4204,UP,73.80,1.2466,1.6622
20260824 105026 472,4702.30,1,4702.30,4702.70,0.40,4702.30,2,4702.20,2,4702.10,2,4702.00,4,4701.90,6,4701.80,3,4701.70,2,4701.60,3,4701.50,3,4701.40,3,4702.70,2,4702.80,2,4702.90,2,4703.00,1,4703.10,8,4703.20,6,4703.30,2,4703.40,4,4703.50,2,4703.60,6,Sell,26,54,80,-28.00,5.00,-28.00,1.40,28.6,4702.70,4703.70,4702.30,4702.30,47,45,92,2.00,2.00,-18.00,2.50,80.0,57,60,0.0000,0.0000,-47.00,-38.00,4697.91,0.4172,UP,73.80,1.2466,1.6693
20260824 105026 994,4702.70,1,4702.40,4702.70,0.30,4702.30,4,4702.20,2,4702.10,2,4702.00,4,4701.90,6,4701.80,3,4701.70,2,4701.60,3,4701.50,3,4701.40,3,4702.70,2,4702.80,2,4702.90,2,4703.00,1,4703.10,8,4703.20,5,4703.30,2,4703.40,4,4703.50,2,4703.60,6,Buy,27,54,81,-27.00,5.00,-28.00,1.40,0.0,4702.70,4703.70,4702.30,4702.70,47,45,92,2.00,2.00,-18.00,2.50,80.0,57,60,0.0000,0.0370,-46.00,-37.00,4697.95,0.4299,UP,73.80,1.2466,1.6693
20260824 105027 088,4702.60,1,4702.30,4702.60,0.30,4702.30,3,4702.20,1,4702.10,4,4702.00,4,4701.90,5,4701.80,3,4701.70,3,4701.60,3,4701.50,3,4701.40,3,4702.60,4,4702.70,5,4702.80,2,4703.00,6,4703.10,6,4703.20,5,4703.30,3,4703.40,4,4703.50,2,4703.60,6,Sell,27,55,82,-28.00,5.00,-28.00,1.40,7.1,4702.70,4703.70,4702.30,4702.60,47,45,92,2.00,2.00,-18.00,2.50,80.0,57,60,0.0000,0.0000,-47.00,-38.00,4697.94,0.4268,UP,73.80,1.2466,1.6693
20260824 105027 135,4702.60,1,4702.30,4702.60,0.30,4702.30,3,4702.20,1,4702.10,4,4702.00,4,4701.90,5,4701.80,3,4701.70,3,4701.60,3,4701.50,3,4701.40,3,4702.60,4,4702.70,5,4702.80,2,4703.00,6,4703.10,6,4703.20,5,4703.30,3,4703.40,4,4703.50,2,4703.60,6,Sell,27,56,83,-29.00,5.00,-29.00,1.40,7.1,4702.70,4703.70,4702.30,4702.60,47,45,92,2.00,2.00,-18.00,2.50,80.0,57,60,0.0000,0.0000,-48.00,-39.00,4697.94,0.4268,UP,73.80,1.2466,1.6693
20260824 105027 137,4702.50,1,4702.30,4702.60,0.30,4702.30,3,4702.20,1,4702.10,4,4702.00,4,4701.90,5,4701.80,3,4701.70,3,4701.60,3,4701.50,3,4701.40,3,4702.60,4,4702.70,5,4702.80,2,4703.00,7,4703.10,6,4703.20,6,4703.30,2,4703.40,4,4703.50,2,4703.60,6,Sell,27,57,84,-30.00,5.00,-30.00,1.40,14.3,4702.70,4703.70,4702.30,4702.50,47,45,92,2.00,2.00,-18.00,2.50,80.0,57,60,0.0000,0.0000,-49.00,-40.00,4697.93,0.4236,UP,73.80,1.2466,1.6693
20260824 105029 556,4702.50,1,4702.40,4702.70,0.30,4702.40,1,4702.30,3,4702.20,2,4702.10,3,4702.00,5,4701.90,5,4701.80,3,4701.70,2,4701.60,3,4701.50,3,4702.70,1,4702.80,3,4702.90,2,4703.00,3,4703.10,5,4703.20,4,4703.30,2,4703.40,4,4703.50,2,4703.60,6,Sell,27,58,85,-31.00,5.00,-31.00,1.40,14.3,4702.70,4703.70,4702.30,4702.50,47,45,92,2.00,2.00,-18.00,2.50,80.0,57,60,0.0000,0.0000,-50.00,-41.00,4697.93,0.4236,UP,73.80,1.2466,1.6693
20260824 105031 997,4702.60,1,4702.60,4702.80,0.20,4702.70,2,4702.60,3,4702.50,2,4702.40,3,4702.30,7,4702.20,3,4702.10,4,4702.00,4,4701.90,5,4701.80,3,4703.00,1,4703.10,4,4703.20,1,4703.30,2,4703.40,5,4703.50,2,4703.60,4,4703.70,6,4703.80,4,4703.90,5,Buy,28,58,86,-30.00,5.00,-31.00,1.40,7.1,4702.70,4703.70,4702.30,4702.60,47,45,92,2.00,2.00,-18.00,2.50,80.0,57,60,0.0000,0.0333,-49.00,-40.00,4697.94,0.4268,UP,73.80,1.2466,1.6693
20260824 105031 998,4702.70,1,4702.60,4702.80,0.20,4702.70,2,4702.60,3,4702.50,2,4702.40,3,4702.30,7,4702.20,3,4702.10,4,4702.00,4,4701.90,5,4701.80,3,4703.00,1,4703.10,4,4703.20,1,4703.30,2,4703.40,5,4703.50,2,4703.60,4,4703.70,6,4703.80,4,4703.90,5,Buy,29,58,87,-29.00,5.00,-31.00,1.40,0.0,4702.70,4703.70,4702.30,4702.70,47,45,92,2.00,2.00,-18.00,2.50,80.0,57,60,0.0000,0.0690,-48.00,-39.00,4697.95,0.4299,UP,73.80,1.2466,1.6693
20260824 105032 000,4702.80,1,4702.60,4702.80,0.20,4702.70,2,4702.60,3,4702.50,2,4702.40,3,4702.30,7,4702.20,3,4702.10,4,4702.00,4,4701.90,5,4701.80,3,4703.00,1,4703.10,4,4703.20,1,4703.30,2,4703.40,5,4703.50,2,4703.60,4,4703.70,6,4703.80,4,4703.90,5,Buy,30,58,88,-28.00,5.00,-31.00,1.40,7.1,4702.70,4703.70,4702.30,4702.80,47,45,92,2.00,2.00,-18.00,2.50,80.0,57,60,0.0000,0.1071,-47.00,-38.00,4697.96,0.4331,UP,73.80,1.2466,1.6693
20260824 105033 231,4702.90,1,4702.90,4703.20,0.30,4702.90,1,4702.80,2,4702.70,3,4702.60,3,4702.50,8,4702.40,7,4702.30,8,4702.20,3,4702.10,4,4702.00,4,4703.20,1,4703.30,1,4703.40,3,4703.50,1,4703.60,6,4703.70,5,4703.80,4,4703.90,5,4704.00,7,4704.10,2,Sell,30,59,89,-29.00,5.00,-31.00,1.40,14.3,4702.70,4703.70,4702.30,4702.90,47,45,92,2.00,2.00,-18.00,2.50,80.0,57,60,0.0000,0.0690,-48.00,-39.00,4697.97,0.4363,UP,73.80,1.2466,1.6693
20260824 105033 235,4702.80,1,4702.90,4703.20,0.30,4702.90,1,4702.80,2,4702.70,3,4702.60,3,4702.50,8,4702.40,7,4702.30,8,4702.20,3,4702.10,4,4702.00,4,4703.20,1,4703.30,1,4703.40,3,4703.50,1,4703.60,6,4703.70,5,4703.80,4,4703.90,5,4704.00,7,4704.10,2,Sell,30,60,90,-30.00,5.00,-31.00,1.40,7.1,4702.70,4703.70,4702.30,4702.80,47,45,92,2.00,2.00,-18.00,2.50,80.0,57,60,0.0000,0.0333,-49.00,-40.00,4697.96,0.4331,UP,73.80,1.2466,1.6693
20260824 105033 238,4702.80,1,4702.90,4703.20,0.30,4702.90,1,4702.80,2,4702.70,3,4702.60,3,4702.50,8,4702.40,7,4702.30,8,4702.20,3,4702.10,4,4702.00,4,4703.20,1,4703.30,1,4703.40,3,4703.50,1,4703.60,6,4703.70,5,4703.80,4,4703.90,5,4704.00,7,4704.10,2,Sell,30,61,91,-31.00,5.00,-31.00,1.40,7.1,4702.70,4703.70,4702.30,4702.80,47,45,92,2.00,2.00,-18.00,2.50,80.0,57,60,0.0000,0.0000,-50.00,-41.00,4697.96,0.4331,UP,73.80,1.2466,1.6693
20260824 105033 240,4702.70,1,4702.90,4703.20,0.30,4702.90,1,4702.80,2,4702.70,3,4702.60,3,4702.50,8,4702.40,7,4702.30,8,4702.20,3,4702.10,4,4702.00,4,4703.20,1,4703.30,1,4703.40,3,4703.50,1,4703.60,6,4703.70,5,4703.80,4,4703.90,5,4704.00,7,4704.10,2,Sell,30,62,92,-32.00,5.00,-32.00,1.40,0.0,4702.70,4703.70,4702.30,4702.70,47,45,92,2.00,2.00,-18.00,2.50,80.0,57,60,0.0000,0.0000,-51.00,-42.00,4697.95,0.4299,UP,73.80,1.2466,1.6693
20260824 105033 243,4702.50,1,4702.90,4703.20,0.30,4702.90,1,4702.80,2,4702.70,3,4702.60,3,4702.50,8,4702.40,7,4702.30,8,4702.20,3,4702.10,4,4702.00,4,4703.20,1,4703.30,1,4703.40,3,4703.50,1,4703.60,6,4703.70,5,4703.80,4,4703.90,5,4704.00,7,4704.10,2,Sell,30,63,93,-33.00,5.00,-33.00,1.40,14.3,4702.70,4703.70,4702.30,4702.50,47,45,92,2.00,2.00,-18.00,2.50,80.0,57,60,0.0000,0.0000,-52.00,-43.00,4697.93,0.4236,UP,73.80,1.2466,1.6693
20260824 105033 246,4702.80,1,4702.90,4703.20,0.30,4702.90,1,4702.80,2,4702.70,3,4702.60,3,4702.50,8,4702.40,7,4702.30,8,4702.20,3,4702.10,4,4702.00,4,4703.20,1,4703.30,1,4703.40,3,4703.50,1,4703.60,6,4703.70,5,4703.80,4,4703.90,5,4704.00,7,4704.10,2,Buy,31,63,94,-32.00,5.00,-33.00,1.40,7.1,4702.70,4703.70,4702.30,4702.80,47,45,92,2.00,2.00,-18.00,2.50,80.0,57,60,0.0000,0.0313,-51.00,-42.00,4697.96,0.4331,UP,73.80,1.2466,1.6693
20260824 105033 246,4702.80,1,4702.90,4703.20,0.30,4702.90,1,4702.80,2,4702.70,3,4702.60,3,4702.50,8,4702.40,7,4702.30,8,4702.20,3,4702.10,4,4702.00,4,4703.20,1,4703.30,1,4703.40,3,4703.50,1,4703.60,6,4703.70,5,4703.80,4,4703.90,5,4704.00,7,4704.10,2,Buy,32,63,95,-31.00,5.00,-33.00,1.40,7.1,4702.70,4703.70,4702.30,4702.80,47,45,92,2.00,2.00,-18.00,2.50,80.0,57,60,0.0000,0.0645,-50.00,-41.00,4697.96,0.4331,UP,73.80,1.2466,1.6693
20260824 105033 248,4702.80,1,4702.90,4703.20,0.30,4702.90,1,4702.80,2,4702.70,3,4702.60,3,4702.50,8,4702.40,7,4702.30,8,4702.20,3,4702.10,4,4702.00,4,4703.20,1,4703.30,1,4703.40,3,4703.50,1,4703.60,6,4703.70,5,4703.80,4,4703.90,5,4704.00,7,4704.10,2,Buy,33,63,96,-30.00,5.00,-33.00,1.40,7.1,4702.70,4703.70,4702.30,4702.80,47,45,92,2.00,2.00,-18.00,2.50,80.0,57,60,0.0000,0.1000,-49.00,-40.00,4697.96,0.4331,UP,73.80,1.2466,1.6693
20260824 105033 960,4703.20,1,4703.10,4703.40,0.30,4703.10,1,4703.00,2,4702.90,1,4702.80,3,4702.70,3,4702.60,5,4702.50,7,4702.40,7,4702.30,8,4702.20,3,4703.40,1,4703.50,1,4703.60,3,4703.70,5,4703.80,3,4703.90,5,4704.00,6,4704.10,2,4704.20,4,4704.30,6,Buy,34,63,97,-29.00,5.00,-33.00,1.40,35.7,4702.70,4703.70,4702.30,4703.20,47,45,92,2.00,2.00,-18.00,2.50,80.0,57,60,0.0000,0.1379,-48.00,-39.00,4698.00,0.4458,UP,73.80,1.2466,1.6693
20260824 105040 840,4702.90,1,4702.50,4702.80,0.30,4702.50,1,4702.40,2,4702.30,4,4702.20,3,4702.10,4,4702.00,5,4701.90,5,4701.80,3,4701.70,2,4701.60,2,4702.80,2,4702.90,2,4703.00,4,4703.10,3,4703.20,3,4703.30,5,4703.40,4,4703.50,4,4703.60,6,4703.70,5,Sell,34,64,98,-30.00,5.00,-33.00,1.40,14.3,4702.70,4703.70,4702.30,4702.90,47,45,92,2.00,2.00,-18.00,2.50,80.0,57,60,0.0000,0.1000,-49.00,-40.00,4697.97,0.4363,UP,73.80,1.2466,1.6693
20260824 105040 842,4702.80,2,4702.50,4702.80,0.30,4702.50,1,4702.40,2,4702.30,4,4702.20,3,4702.10,4,4702.00,5,4701.90,5,4701.80,3,4701.70,2,4701.60,2,4702.80,2,4702.90,2,4703.00,4,4703.10,3,4703.20,3,4703.30,5,4703.40,4,4703.50,4,4703.60,6,4703.70,5,Sell,34,66,100,-32.00,5.00,-33.00,1.40,7.1,4702.70,4703.70,4702.30,4702.80,47,45,92,2.00,2.00,-18.00,2.50,80.0,57,60,0.0000,0.0313,-51.00,-42.00,4697.96,0.4331,UP,73.80,1.2466,1.6693
20260824 105041 108,4702.70,1,4702.50,4702.80,0.30,4702.50,1,4702.40,1,4702.30,4,4702.20,1,4702.10,5,4702.00,4,4701.90,5,4701.80,3,4701.70,2,4701.60,2,4702.80,1,4702.90,1,4703.00,5,4703.10,5,4703.20,2,4703.30,5,4703.40,4,4703.50,4,4703.60,6,4703.70,5,Sell,34,67,101,-33.00,5.00,-33.00,1.40,0.0,4702.70,4703.70,4702.30,4702.70,47,45,92,2.00,2.00,-18.00,2.50,80.0,57,60,0.0000,0.0000,-52.00,-43.00,4697.95,0.4299,UP,73.80,1.2466,1.6693
20260824 105042 382,4702.30,1,4702.30,4702.50,0.20,4702.30,3,4702.20,2,4702.10,1,4702.00,3,4701.90,6,4701.80,3,4701.70,2,4701.60,2,4701.50,3,4701.40,3,4702.60,3,4702.70,5,4702.80,3,4702.90,1,4703.00,4,4703.10,6,4703.20,4,4703.30,5,4703.40,3,4703.50,4,Sell,34,68,102,-34.00,5.00,-34.00,1.40,28.6,4702.70,4703.70,4702.30,4702.30,47,45,92,2.00,2.00,-18.00,2.50,80.0,57,60,0.0000,0.0000,-53.00,-44.00,4697.91,0.4172,UP,73.80,1.2466,1.6693
20260824 105042 383,4702.30,2,4702.30,4702.50,0.20,4702.30,3,4702.20,2,4702.10,1,4702.00,3,4701.90,6,4701.80,3,4701.70,2,4701.60,2,4701.50,3,4701.40,3,4702.60,3,4702.70,5,4702.80,3,4702.90,1,4703.00,4,4703.10,6,4703.20,4,4703.30,5,4703.40,3,4703.50,4,Sell,34,70,104,-36.00,5.00,-36.00,1.40,28.6,4702.70,4703.70,4702.30,4702.30,47,45,92,2.00,2.00,-18.00,2.50,80.0,57,60,0.0000,0.0000,-55.00,-46.00,4697.91,0.4172,UP,73.80,1.2466,1.6693
20260824 105042 425,4702.40,1,4702.20,4702.60,0.40,4702.20,2,4702.10,2,4702.00,3,4701.90,4,4701.80,2,4701.70,3,4701.60,2,4701.50,3,4701.40,3,4701.30,5,4702.60,2,4702.70,5,4702.80,3,4702.90,2,4703.00,3,4703.10,6,4703.20,4,4703.30,4,4703.40,3,4703.50,4,Buy,35,70,105,-35.00,5.00,-36.00,1.40,21.4,4702.70,4703.70,4702.30,4702.40,47,45,92,2.00,2.00,-18.00,2.50,80.0,57,60,0.0000,0.0286,-54.00,-45.00,4697.92,0.4204,UP,73.80,1.2466,1.6693
20260824 105042 511,4702.20,1,4701.90,4702.30,0.40,4701.90,2,4701.80,2,4701.70,2,4701.60,1,4701.50,4,4701.40,3,4701.30,3,4701.20,3,4701.10,5,4701.00,3,4702.30,3,4702.40,5,4702.50,3,4702.60,3,4702.70,5,4702.80,6,4702.90,3,4703.00,4,4703.10,6,4703.20,5,Sell,35,71,106,-36.00,5.00,-36.00,1.50,33.3,4702.70,4703.70,4702.20,4702.20,47,45,92,2.00,2.00,-18.00,2.50,80.0,57,60,0.0000,0.0000,-55.00,-46.00,4697.90,0.4141,UP,73.80,1.2466,1.6765
20260824 105043 639,4702.20,1,4701.90,4702.20,0.30,4701.90,1,4701.80,2,4701.70,2,4701.60,1,4701.50,3,4701.40,4,4701.30,3,4701.20,2,4701.10,5,4701.00,3,4702.20,1,4702.30,1,4702.40,5,4702.50,3,4702.60,3,4702.70,5,4702.80,4,4702.90,3,4703.00,4,4703.10,6,Buy,36,71,107,-35.00,5.00,-36.00,1.50,33.3,4702.70,4703.70,4702.20,4702.20,47,45,92,2.00,2.00,-18.00,2.50,80.0,57,60,0.0000,0.0286,-54.00,-45.00,4697.90,0.4141,UP,73.80,1.2466,1.6765
20260824 105046 884,4702.40,1,4702.20,4702.60,0.40,4702.20,2,4702.10,2,4702.00,2,4701.90,3,4701.80,3,4701.70,2,4701.60,2,4701.50,3,4701.40,3,4701.30,3,4702.60,2,4702.70,4,4702.80,2,4702.90,2,4703.00,3,4703.10,6,4703.20,4,4703.30,3,4703.40,4,4703.50,3,Buy,37,71,108,-34.00,5.00,-36.00,1.50,20.0,4702.70,4703.70,4702.20,4702.40,47,45,92,2.00,2.00,-18.00,2.50,80.0,57,60,0.0000,0.0588,-53.00,-44.00,4697.92,0.4204,UP,73.80,1.2466,1.6765
20260824 105053 151,4702.60,1,4702.50,4702.70,0.20,4702.30,1,4702.20,1,4702.00,1,4701.90,3,4701.80,2,4701.70,3,4701.60,2,4701.50,3,4701.40,4,4701.30,3,4702.50,2,4702.60,5,4702.70,3,4702.80,2,4702.90,3,4703.00,3,4703.10,6,4703.20,4,4703.30,3,4703.40,3,Buy,38,71,109,-33.00,5.00,-36.00,1.50,6.7,4702.70,4703.70,4702.20,4702.60,47,45,92,2.00,2.00,-18.00,2.50,80.0,57,60,0.0000,0.0909,-52.00,-43.00,4697.94,0.4268,UP,73.80,1.2466,1.6765
20260824 105053 151,4702.60,1,4702.50,4702.70,0.20,4702.30,1,4702.20,1,4702.00,1,4701.90,3,4701.80,2,4701.70,3,4701.60,2,4701.50,3,4701.40,4,4701.30,3,4702.50,2,4702.60,5,4702.70,3,4702.80,2,4702.90,3,4703.00,3,4703.10,6,4703.20,4,4703.30,3,4703.40,3,Buy,39,71,110,-32.00,5.00,-36.00,1.50,6.7,4702.70,4703.70,4702.20,4702.60,47,45,92,2.00,2.00,-18.00,2.50,80.0,57,60,0.0000,0.1250,-51.00,-42.00,4697.94,0.4268,UP,73.80,1.2466,1.6765
20260824 105053 154,4702.70,1,4702.50,4702.70,0.20,4702.30,1,4702.20,1,4702.00,1,4701.90,3,4701.80,2,4701.70,3,4701.60,2,4701.50,3,4701.40,4,4701.30,3,4702.50,2,4702.60,5,4702.70,3,4702.80,2,4702.90,3,4703.00,3,4703.10,6,4703.20,4,4703.30,3,4703.40,3,Buy,40,71,111,-31.00,5.00,-36.00,1.50,0.0,4702.70,4703.70,4702.20,4702.70,47,45,92,2.00,2.00,-18.00,2.50,80.0,57,60,0.0000,0.1613,-50.00,-41.00,4697.95,0.4299,UP,73.80,1.2466,1.6765
20260824 105055 661,4702.90,1,4702.70,4702.90,0.20,4702.70,3,4702.60,2,4702.50,1,4702.40,3,4702.30,3,4702.20,2,4702.10,4,4702.00,2,4701.90,3,4701.80,3,4702.90,1,4703.00,1,4703.10,3,4703.20,1,4703.30,4,4703.40,4,4703.50,3,4703.60,6,4703.70,6,4703.80,4,Buy,41,71,112,-30.00,5.00,-36.00,1.50,13.3,4702.70,4703.70,4702.20,4702.90,47,45,92,2.00,2.00,-18.00,2.50,80.0,57,60,0.0000,0.2000,-49.00,-40.00,4697.97,0.4363,UP,73.80,1.2466,1.6765
20260824 105055 864,4703.10,1,4702.90,4703.30,0.40,4702.90,2,4702.70,3,4702.60,4,4702.50,3,4702.40,4,4702.30,4,4702.20,3,4702.10,3,4702.00,3,4701.90,3,4703.30,2,4703.40,3,4703.50,5,4703.60,3,4703.70,5,4703.80,4,4703.90,5,4704.00,6,4704.10,3,4704.20,4,Sell,41,72,113,-31.00,5.00,-36.00,1.50,26.7,4702.70,4703.70,4702.20,4703.10,47,45,92,2.00,2.00,-18.00,2.50,80.0,57,60,0.0000,0.1613,-50.00,-41.00,4697.99,0.4426,UP,73.80,1.2466,1.6765
20260824 105055 993,4702.90,1,4702.80,4703.20,0.40,4702.80,3,4702.70,2,4702.60,4,4702.50,2,4702.40,5,4702.30,3,4702.20,3,4702.10,3,4702.00,3,4701.90,4,4703.20,1,4703.30,2,4703.40,4,4703.50,4,4703.60,3,4703.70,5,4703.80,4,4703.90,5,4704.00,6,4704.10,3,Sell,41,73,114,-32.00,5.00,-36.00,1.50,13.3,4702.70,4703.70,4702.20,4702.90,47,45,92,2.00,2.00,-18.00,2.50,80.0,57,60,0.0000,0.1250,-51.00,-42.00,4697.97,0.4363,UP,73.80,1.2466,1.6765
20260824 105059 030,4703.40,1,4703.20,4703.50,0.30,4703.10,2,4703.00,3,4702.90,2,4702.80,4,4702.70,3,4702.60,2,4702.50,3,4702.40,5,4702.30,4,4702.20,3,4703.50,3,4703.60,2,4703.70,5,4703.80,3,4703.90,5,4704.00,5,4704.10,3,4704.20,4,4704.30,6,4704.40,5,Buy,42,73,115,-31.00,5.00,-36.00,1.50,46.7,4702.70,4703.70,4702.20,4703.40,47,45,92,2.00,2.00,-18.00,2.50,80.0,57,60,0.0000,0.1613,-50.00,-41.00,4698.02,0.4522,UP,73.80,1.2466,1.6765
20260824 105059 030,4703.40,1,4703.20,4703.50,0.30,4703.10,2,4703.00,3,4702.90,2,4702.80,4,4702.70,3,4702.60,2,4702.50,3,4702.40,5,4702.30,4,4702.20,3,4703.50,3,4703.60,2,4703.70,5,4703.80,3,4703.90,5,4704.00,5,4704.10,3,4704.20,4,4704.30,6,4704.40,5,Buy,43,73,116,-30.00,5.00,-36.00,1.50,46.7,4702.70,4703.70,4702.20,4703.40,47,45,92,2.00,2.00,-18.00,2.50,80.0,57,60,0.0000,0.2000,-49.00,-40.00,4698.02,0.4522,UP,73.80,1.2466,1.6765
20260824 105059 032,4703.50,1,4703.20,4703.50,0.30,4703.10,2,4703.00,3,4702.90,2,4702.80,4,4702.70,3,4702.60,2,4702.50,3,4702.40,5,4702.30,4,4702.20,3,4703.50,3,4703.60,2,4703.70,5,4703.80,3,4703.90,5,4704.00,5,4704.10,3,4704.20,4,4704.30,6,4704.40,5,Buy,44,73,117,-29.00,5.00,-36.00,1.50,53.3,4702.70,4703.70,4702.20,4703.50,47,45,92,2.00,2.00,-18.00,2.50,80.0,57,60,0.0000,0.2414,-48.00,-39.00,4698.03,0.4553,UP,73.80,1.2466,1.6765
20260824 105059 032,4703.50,1,4703.20,4703.50,0.30,4703.10,2,4703.00,3,4702.90,2,4702.80,4,4702.70,3,4702.60,2,4702.50,3,4702.40,5,4702.30,4,4702.20,3,4703.50,3,4703.60,2,4703.70,5,4703.80,3,4703.90,5,4704.00,5,4704.10,3,4704.20,4,4704.30,6,4704.40,5,Buy,45,73,118,-28.00,5.00,-36.00,1.50,53.3,4702.70,4703.70,4702.20,4703.50,47,45,92,2.00,2.00,-18.00,2.50,80.0,57,60,0.0000,0.2857,-47.00,-38.00,4698.03,0.4553,UP,73.80,1.2466,1.6765
20260824 105059 478,4703.20,1,4703.10,4703.50,0.40,4703.10,2,4703.00,4,4702.90,1,4702.80,4,4702.70,5,4702.60,3,4702.50,2,4702.40,5,4702.30,3,4702.20,3,4703.50,4,4703.60,3,4703.70,4,4703.80,4,4703.90,4,4704.00,5,4704.10,4,4704.20,4,4704.30,5,4704.40,5,Sell,45,74,119,-29.00,5.00,-36.00,1.50,33.3,4702.70,4703.70,4702.20,4703.20,47,45,92,2.00,2.00,-18.00,2.50,80.0,57,60,0.0000,0.2414,-48.00,-39.00,4698.00,0.4458,UP,73.80,1.2466,1.6765
20260824 105059 502,4703.20,1,4703.10,4703.50,0.40,4703.10,2,4703.00,4,4702.90,1,4702.80,4,4702.70,5,4702.60,3,4702.50,2,4702.40,5,4702.30,3,4702.20,3,4703.50,4,4703.60,3,4703.70,4,4703.80,4,4703.90,4,4704.00,5,4704.10,4,4704.20,4,4704.30,5,4704.40,5,Sell,45,75,120,-30.00,5.00,-36.00,1.50,33.3,4702.70,4703.70,4702.20,4703.20,47,45,92,2.00,2.00,-18.00,2.50,80.0,57,60,0.0000,0.2000,-49.00,-40.00,4698.00,0.4458,UP,73.80,1.2466,1.6765
20260824 105059 508,4703.30,1,4703.10,4703.50,0.40,4703.10,2,4703.00,4,4702.90,1,4702.80,4,4702.70,5,4702.60,3,4702.50,2,4702.40,5,4702.30,3,4702.20,3,4703.50,4,4703.60,3,4703.70,4,4703.80,4,4703.90,4,4704.00,5,4704.10,4,4704.20,4,4704.30,5,4704.40,5,Buy,46,75,121,-29.00,5.00,-36.00,1.50,40.0,4702.70,4703.70,4702.20,4703.30,47,45,92,2.00,2.00,-18.00,2.50,80.0,57,60,0.0000,0.2414,-48.00,-39.00,4698.01,0.4490,UP,73.80,1.2466,1.6765
20260824 105059 509,4703.30,1,4703.10,4703.50,0.40,4703.10,2,4703.00,4,4702.90,1,4702.80,4,4702.70,5,4702.60,3,4702.50,2,4702.40,5,4702.30,3,4702.20,3,4703.50,4,4703.60,3,4703.70,4,4703.80,4,4703.90,4,4704.00,5,4704.10,4,4704.20,4,4704.30,5,4704.40,5,Buy,47,75,122,-28.00,5.00,-36.00,1.50,40.0,4702.70,4703.70,4702.20,4703.30,47,45,92,2.00,2.00,-18.00,2.50,80.0,57,60,0.0000,0.2857,-47.00,-38.00,4698.01,0.4490,UP,73.80,1.2466,1.6765
20260824 105102 341,4703.50,1,4703.20,4703.50,0.30,4703.20,2,4703.10,5,4703.00,2,4702.90,3,4702.80,4,4702.70,5,4702.60,3,4702.50,2,4702.40,5,4702.30,3,4703.50,1,4703.60,2,4703.70,3,4703.80,4,4703.90,4,4704.00,4,4704.10,4,4704.20,4,4704.30,5,4704.40,5,Buy,1,0,1,1.00,1.00,1.00,0.00,0.0,4703.50,4703.50,4703.50,4703.50,47,75,122,-28.00,5.00,-36.00,1.50,40.0,0,96,0.2857,0.0000,-38.00,-86.00,4698.03,0.4553,UP,79.10,1.5424,1.5710
20260824 105102 413,4703.80,1,4703.50,4703.80,0.30,4703.50,1,4703.40,1,4703.30,5,4703.20,1,4703.10,5,4703.00,3,4702.90,4,4702.80,5,4702.70,4,4702.60,3,4703.80,1,4703.90,4,4704.00,3,4704.10,4,4704.20,4,4704.30,5,4704.40,4,4704.50,6,4704.60,7,4704.70,7,Buy,2,0,2,2.00,2.00,1.00,0.30,100.0,4703.50,4703.80,4703.50,4703.80,47,75,122,-28.00,5.00,-36.00,1.50,40.0,0,96,0.2857,0.0000,-37.00,-85.00,4698.06,0.4649,UP,79.10,1.5424,1.5924
20260824 105102 533,4704.00,1,4703.90,4704.20,0.30,4703.90,1,4703.80,2,4703.70,4,4703.60,2,4703.50,4,4703.40,3,4703.30,6,4703.20,3,4703.10,6,4703.00,3,4704.20,2,4704.30,3,4704.40,3,4704.50,4,4704.60,5,4704.70,6,4704.80,5,4704.90,5,4705.00,6,4705.10,5,Buy,3,0,3,3.00,3.00,1.00,0.50,100.0,4703.50,4704.00,4703.50,4704.00,47,75,122,-28.00,5.00,-36.00,1.50,40.0,0,96,0.2857,0.0000,-36.00,-84.00,4698.07,0.4712,UP,79.10,1.5424,1.6067
20260824 105106 352,4704.20,1,4704.00,4704.40,0.40,4704.00,4,4703.90,3,4703.80,3,4703.70,5,4703.60,4,4703.50,4,4703.40,3,4703.30,5,4703.20,2,4703.10,6,4704.40,3,4704.50,5,4704.60,5,4704.70,7,4704.80,4,4704.90,4,4705.00,7,4705.10,5,4705.20,6,4705.30,6,Buy,4,0,4,4.00,4.00,1.00,0.70,100.0,4703.50,4704.20,4703.50,4704.20,47,75,122,-28.00,5.00,-36.00,1.50,40.0,0,96,0.2857,0.0000,-35.00,-83.00,4698.09,0.4776,UP,79.10,1.5424,1.6210
20260824 105106 352,4704.20,2,4704.00,4704.40,0.40,4704.00,4,4703.90,3,4703.80,3,4703.70,5,4703.60,4,4703.50,4,4703.40,3,4703.30,5,4703.20,2,4703.10,6,4704.40,3,4704.50,5,4704.60,5,4704.70,7,4704.80,4,4704.90,4,4705.00,7,4705.10,5,4705.20,6,4705.30,6,Buy,6,0,6,6.00,6.00,1.00,0.70,100.0,4703.50,4704.20,4703.50,4704.20,47,75,122,-28.00,5.00,-36.00,1.50,40.0,0,96,0.2857,0.0000,-33.00,-81.00,4698.09,0.4776,UP,79.10,1.5424,1.6210
20260824 105106 353,4704.20,1,4704.00,4704.40,0.40,4704.00,4,4703.90,3,4703.80,3,4703.70,5,4703.60,4,4703.50,4,4703.40,3,4703.30,5,4703.20,2,4703.10,6,4704.40,3,4704.50,5,4704.60,5,4704.70,7,4704.80,4,4704.90,4,4705.00,7,4705.10,5,4705.20,6,4705.30,6,Buy,7,0,7,7.00,7.00,1.00,0.70,100.0,4703.50,4704.20,4703.50,4704.20,47,75,122,-28.00,5.00,-36.00,1.50,40.0,0,96,0.2857,0.0000,-32.00,-80.00,4698.09,0.4776,UP,79.10,1.5424,1.6210
20260824 105109 892,4704.20,1,4704.20,4704.30,0.10,4704.00,5,4703.90,3,4703.80,2,4703.70,5,4703.60,4,4703.50,4,4703.40,3,4703.30,5,4703.20,3,4703.10,6,4704.40,2,4704.50,4,4704.60,5,4704.70,7,4704.80,4,4704.90,4,4705.00,7,4705.10,5,4705.20,6,4705.30,6,Sell,7,1,8,6.00,7.00,1.00,0.70,100.0,4703.50,4704.20,4703.50,4704.20,47,75,122,-28.00,5.00,-36.00,1.50,40.0,0,96,0.2857,0.1667,-33.00,-81.00,4698.09,0.4776,UP,79.10,1.5424,1.6210
20260824 105109 895,4704.20,1,4704.20,4704.30,0.10,4704.00,5,4703.90,3,4703.80,2,4703.70,5,4703.60,4,4703.50,4,4703.40,3,4703.30,5,4703.20,3,4703.10,6,4704.40,2,4704.50,4,4704.60,5,4704.70,7,4704.80,4,4704.90,4,4705.00,7,4705.10,5,4705.20,6,4705.30,6,Sell,7,2,9,5.00,7.00,1.00,0.70,100.0,4703.50,4704.20,4703.50,4704.20,47,75,122,-28.00,5.00,-36.00,1.50,40.0,0,96,0.2857,0.4000,-34.00,-82.00,4698.09,0.4776,UP,79.10,1.5424,1.6210
20260824 105110 609,4704.30,1,4704.00,4704.30,0.30,4704.00,3,4703.80,3,4703.70,5,4703.60,3,4703.50,5,4703.40,3,4703.30,5,4703.20,3,4703.10,6,4703.00,3,4704.30,2,4704.40,2,4704.50,4,4704.60,5,4704.70,7,4704.80,4,4704.90,4,4705.00,7,4705.10,5,4705.20,7,Buy,8,2,10,6.00,7.00,1.00,0.80,100.0,4703.50,4704.30,4703.50,4704.30,47,75,122,-28.00,5.00,-36.00,1.50,40.0,0,96,0.2857,0.1667,-33.00,-81.00,4698.10,0.4807,UP,79.10,1.5424,1.6282
20260824 105110 710,4704.00,1,4704.00,4704.20,0.20,4704.00,3,4703.80,3,4703.70,5,4703.60,3,4703.50,5,4703.40,3,4703.30,5,4703.20,3,4703.10,6,4703.00,3,4704.20,1,4704.30,3,4704.40,2,4704.50,4,4704.60,5,4704.70,7,4704.80,4,4704.90,4,4705.00,7,4705.10,5,Sell,8,3,11,5.00,7.00,1.00,0.80,62.5,4703.50,4704.30,4703.50,4704.00,47,75,122,-28.00,5.00,-36.00,1.50,40.0,0,96,0.2857,0.4000,-34.00,-82.00,4698.07,0.4712,UP,79.10,1.5424,1.6282
20260824 105110 710,4704.00,1,4704.00,4704.20,0.20,4704.00,3,4703.80,3,4703.70,5,4703.60,3,4703.50,5,4703.40,3,4703.30,5,4703.20,3,4703.10,6,4703.00,3,4704.20,1,4704.30,3,4704.40,2,4704.50,4,4704.60,5,4704.70,7,4704.80,4,4704.90,4,4705.00,7,4705.10,5,Sell,8,4,12,4.00,7.00,1.00,0.80,62.5,4703.50,4704.30,4703.50,4704.00,47,75,122,-28.00,5.00,-36.00,1.50,40.0,0,96,0.2857,0.7500,-35.00,-83.00,4698.07,0.4712,UP,79.10,1.5424,1.6282
20260824 105118 153,4703.80,1,4703.50,4703.70,0.20,4703.50,1,4703.40,2,4703.30,3,4703.20,2,4703.10,5,4703.00,4,4702.90,3,4702.80,4,4702.70,2,4702.60,3,4703.70,1,4703.80,4,4703.90,4,4704.00,2,4704.10,3,4704.20,3,4704.30,4,4704.40,2,4704.50,5,4704.60,7,Buy,9,4,13,5.00,7.00,1.00,0.80,37.5,4703.50,4704.30,4703.50,4703.80,47,75,122,-28.00,5.00,-36.00,1.50,40.0,0,96,0.2857,0.4000,-34.00,-82.00,4698.06,0.4649,UP,79.10,1.5424,1.6282
20260824 105118 153,4703.80,1,4703.50,4703.70,0.20,4703.50,1,4703.40,2,4703.30,3,4703.20,2,4703.10,5,4703.00,4,4702.90,3,4702.80,4,4702.70,2,4702.60,3,4703.70,1,4703.80,4,4703.90,4,4704.00,2,4704.10,3,4704.20,3,4704.30,4,4704.40,2,4704.50,5,4704.60,7,Buy,10,4,14,6.00,7.00,1.00,0.80,37.5,4703.50,4704.30,4703.50,4703.80,47,75,122,-28.00,5.00,-36.00,1.50,40.0,0,96,0.2857,0.1667,-33.00,-81.00,4698.06,0.4649,UP,79.10,1.5424,1.6282
20260824 105119 594,4703.60,1,4703.10,4703.50,0.40,4703.10,3,4703.00,1,4702.90,3,4702.80,3,4702.70,2,4702.60,4,4702.50,3,4702.40,4,4702.30,3,4702.20,4,4703.50,2,4703.60,1,4703.70,5,4703.80,1,4703.90,6,4704.00,5,4704.10,5,4704.20,6,4704.30,4,4704.40,3,Sell,10,5,15,5.00,7.00,1.00,0.80,12.5,4703.50,4704.30,4703.50,4703.60,47,75,122,-28.00,5.00,-36.00,1.50,40.0,0,96,0.2857,0.4000,-34.00,-82.00,4698.04,0.4585,UP,79.10,1.5424,1.6282
20260824 105119 606,4703.50,1,4703.10,4703.50,0.40,4703.10,3,4703.00,1,4702.90,3,4702.80,3,4702.70,2,4702.60,4,4702.50,3,4702.40,4,4702.30,3,4702.20,4,4703.50,2,4703.60,1,4703.70,5,4703.80,1,4703.90,6,4704.00,5,4704.10,5,4704.20,6,4704.30,4,4704.40,3,Sell,10,6,16,4.00,7.00,1.00,0.80,0.0,4703.50,4704.30,4703.50,4703.50,47,75,122,-28.00,5.00,-36.00,1.50,40.0,0,96,0.2857,0.7500,-35.00,-83.00,4698.03,0.4553,UP,79.10,1.5424,1.6282
20260824 105119 606,4703.50,1,4703.10,4703.50,0.40,4703.10,3,4703.00,1,4702.90,3,4702.80,3,4702.70,2,4702.60,4,4702.50,3,4702.40,4,4702.30,3,4702.20,4,4703.50,2,4703.60,1,4703.70,5,4703.80,1,4703.90,6,4704.00,5,4704.10,5,4704.20,6,4704.30,4,4704.40,3,Sell,10,7,17,3.00,7.00,1.00,0.80,0.0,4703.50,4704.30,4703.50,4703.50,47,75,122,-28.00,5.00,-36.00,1.50,40.0,0,96,0.2857,1.3333,-36.00,-84.00,4698.03,0.4553,UP,79.10,1.5424,1.6282
20260824 105119 610,4703.40,1,4703.10,4703.50,0.40,4703.10,3,4703.00,1,4702.90,3,4702.80,3,4702.70,2,4702.60,4,4702.50,3,4702.40,4,4702.30,3,4702.20,4,4703.50,2,4703.60,1,4703.70,5,4703.80,1,4703.90,6,4704.00,5,4704.10,5,4704.20,6,4704.30,4,4704.40,3,Sell,10,8,18,2.00,7.00,1.00,0.90,11.1,4703.50,4704.30,4703.40,4703.40,47,75,122,-28.00,5.00,-36.00,1.50,40.0,0,96,0.2857,2.5000,-37.00,-85.00,4698.02,0.4522,UP,79.10,1.5424,1.6282
20260824 105120 991,4703.30,1,4703.10,4703.40,0.30,4703.10,2,4702.90,2,4702.80,3,4702.70,1,4702.60,5,4702.50,3,4702.40,3,4702.30,3,4702.20,4,4702.10,5,4703.40,2,4703.50,2,4703.60,1,4703.70,3,4703.80,2,4703.90,5,4704.00,6,4704.10,5,4704.20,6,4704.30,4,Buy,11,8,19,3.00,7.00,1.00,1.00,20.0,4703.50,4704.30,4703.30,4703.30,47,75,122,-28.00,5.00,-36.00,1.50,40.0,0,96,0.2857,1.3333,-36.00,-84.00,4698.01,0.4490,UP,79.10,1.5424,1.6282
20260824 105130 029,4703.40,1,4703.30,4703.60,0.30,4703.30,3,4703.20,2,4703.10,4,4703.00,4,4702.90,2,4702.80,3,4702.70,2,4702.60,4,4702.50,3,4702.40,4,4703.60,2,4703.70,2,4703.80,3,4703.90,4,4704.00,5,4704.10,4,4704.20,5,4704.30,5,4704.40,3,4704.50,4,Buy,12,8,20,4.00,7.00,1.00,1.00,10.0,4703.50,4704.30,4703.30,4703.40,47,75,122,-28.00,5.00,-36.00,1.50,40.0,0,96,0.2857,0.7500,-35.00,-83.00,4698.02,0.4522,UP,79.10,1.5424,1.6282
20260824 105130 029,4703.40,1,4703.30,4703.60,0.30,4703.30,3,4703.20,2,4703.10,4,4703.00,4,4702.90,2,4702.80,3,4702.70,2,4702.60,4,4702.50,3,4702.40,4,4703.60,2,4703.70,2,4703.80,3,4703.90,4,4704.00,5,4704.10,4,4704.20,5,4704.30,5,4704.40,3,4704.50,4,Buy,13,8,21,5.00,7.00,1.00,1.00,10.0,4703.50,4704.30,4703.30,4703.40,47,75,122,-28.00,5.00,-36.00,1.50,40.0,0,96,0.2857,0.4000,-34.00,-82.00,4698.02,0.4522,UP,79.10,1.5424,1.6282
20260824 105130 029,4703.40,1,4703.30,4703.60,0.30,4703.30,3,4703.20,2,4703.10,4,4703.00,4,4702.90,2,4702.80,3,4702.70,2,4702.60,4,4702.50,3,4702.40,4,4703.60,2,4703.70,2,4703.80,3,4703.90,4,4704.00,5,4704.10,4,4704.20,5,4704.30,5,4704.40,3,4704.50,4,Buy,14,8,22,6.00,7.00,1.00,1.00,10.0,4703.50,4704.30,4703.30,4703.40,47,75,122,-28.00,5.00,-36.00,1.50,40.0,0,96,0.2857,0.1667,-33.00,-81.00,4698.02,0.4522,UP,79.10,1.5424,1.6282
20260824 105130 205,4703.30,1,4703.20,4703.50,0.30,4703.20,1,4703.10,3,4703.00,4,4702.90,2,4702.80,2,4702.70,2,4702.60,4,4702.50,3,4702.40,5,4702.30,3,4703.50,2,4703.60,3,4703.70,2,4703.80,2,4703.90,6,4704.00,5,4704.10,5,4704.20,5,4704.30,5,4704.40,3,Sell,14,9,23,5.00,7.00,1.00,1.00,20.0,4703.50,4704.30,4703.30,4703.30,47,75,122,-28.00,5.00,-36.00,1.50,40.0,0,96,0.2857,0.4000,-34.00,-82.00,4698.01,0.4490,UP,79.10,1.5424,1.6282
20260824 105134 295,4703.20,1,4702.70,4703.10,0.40,4702.70,2,4702.60,3,4702.50,1,4702.40,4,4702.30,3,4702.20,4,4702.10,3,4702.00,3,4701.90,2,4701.80,4,4703.10,2,4703.20,5,4703.30,4,4703.40,5,4703.50,4,4703.60,3,4703.70,4,4703.80,4,4703.90,6,4704.00,6,Sell,14,10,24,4.00,7.00,1.00,1.10,27.3,4703.50,4704.30,4703.20,4703.20,47,75,122,-28.00,5.00,-36.00,1.50,40.0,0,96,0.2857,0.7500,-35.00,-83.00,4698.00,0.4458,UP,79.10,1.5424,1.6353
20260824 105134 298,4703.10,1,4702.70,4703.10,0.40,4702.70,2,4702.60,3,4702.50,1,4702.40,4,4702.30,3,4702.20,4,4702.10,3,4702.00,3,4701.90,2,4701.80,4,4703.10,2,4703.20,5,4703.30,4,4703.40,5,4703.50,4,4703.60,3,4703.70,4,4703.80,4,4703.90,6,4704.00,6,Sell,14,11,25,3.00,7.00,1.00,1.20,33.3,4703.50,4704.30,4703.10,4703.10,47,75,122,-28.00,5.00,-36.00,1.50,40.0,0,96,0.2857,1.3333,-36.00,-84.00,4697.99,0.4426,UP,79.10,1.5424,1.6424
20260824 105134 298,4703.10,1,4702.70,4703.10,0.40,4702.70,2,4702.60,3,4702.50,1,4702.40,4,4702.30,3,4702.20,4,4702.10,3,4702.00,3,4701.90,2,4701.80,4,4703.10,2,4703.20,5,4703.30,4,4703.40,5,4703.50,4,4703.60,3,4703.70,4,4703.80,4,4703.90,6,4704.00,6,Sell,14,12,26,2.00,7.00,1.00,1.20,33.3,4703.50,4704.30,4703.10,4703.10,47,75,122,-28.00,5.00,-36.00,1.50,40.0,0,96,0.2857,2.5000,-37.00,-85.00,4697.99,0.4426,UP,79.10,1.5424,1.6424
20260824 105134 298,4703.10,1,4702.70,4703.10,0.40,4702.70,2,4702.60,3,4702.50,1,4702.40,4,4702.30,3,4702.20,4,4702.10,3,4702.00,3,4701.90,2,4701.80,4,4703.10,2,4703.20,5,4703.30,4,4703.40,5,4703.50,4,4703.60,3,4703.70,4,4703.80,4,4703.90,6,4704.00,6,Sell,14,13,27,1.00,7.00,1.00,1.20,33.3,4703.50,4704.30,4703.10,4703.10,47,75,122,-28.00,5.00,-36.00,1.50,40.0,0,96,0.2857,6.0000,-38.00,-86.00,4697.99,0.4426,UP,79.10,1.5424,1.6424
20260824 105134 298,4703.10,2,4702.70,4703.10,0.40,4702.70,2,4702.60,3,4702.50,1,4702.40,4,4702.30,3,4702.20,4,4702.10,3,4702.00,3,4701.90,2,4701.80,4,4703.10,2,4703.20,5,4703.30,4,4703.40,5,4703.50,4,4703.60,3,4703.70,4,4703.80,4,4703.90,6,4704.00,6,Sell,14,15,29,-1.00,7.00,-1.00,1.20,33.3,4703.50,4704.30,4703.10,4703.10,47,75,122,-28.00,5.00,-36.00,1.50,40.0,0,96,0.2857,0.0000,-40.00,-88.00,4697.99,0.4426,UP,79.10,1.5424,1.6424
20260824 105134 304,4702.80,1,4702.70,4703.10,0.40,4702.70,2,4702.60,3,4702.50,1,4702.40,4,4702.30,3,4702.20,4,4702.10,3,4702.00,3,4701.90,2,4701.80,4,4703.10,2,4703.20,5,4703.30,4,4703.40,5,4703.50,4,4703.60,3,4703.70,4,4703.80,4,4703.90,6,4704.00,6,Sell,14,16,30,-2.00,7.00,-2.00,1.50,46.7,4703.50,4704.30,4702.80,4702.80,47,75,122,-28.00,5.00,-36.00,1.50,40.0,0,96,0.2857,0.0000,-41.00,-89.00,4697.96,0.4331,UP,79.10,1.5424,1.6639
20260824 105134 308,4702.70,1,4702.70,4703.10,0.40,4702.70,2,4702.60,3,4702.50,1,4702.40,4,4702.30,3,4702.20,4,4702.10,3,4702.00,3,4701.90,2,4701.80,4,4703.10,2,4703.20,5,4703.30,4,4703.40,5,4703.50,4,4703.60,3,4703.70,4,4703.80,4,4703.90,6,4704.00,6,Sell,14,17,31,-3.00,7.00,-3.00,1.60,50.0,4703.50,4704.30,4702.70,4702.70,47,75,122,-28.00,5.00,-36.00,1.50,40.0,0,96,0.2857,0.0000,-42.00,-90.00,4697.95,0.4299,UP,79.10,1.5424,1.6710
20260824 105134 319,4702.80,1,4702.70,4703.10,0.40,4702.70,2,4702.60,3,4702.50,1,4702.40,4,4702.30,3,4702.20,4,4702.10,3,4702.00,3,4701.90,2,4701.80,4,4703.10,2,4703.20,5,4703.30,4,4703.40,5,4703.50,4,4703.60,3,4703.70,4,4703.80,4,4703.90,6,4704.00,6,Buy,15,17,32,-2.00,7.00,-3.00,1.60,43.7,4703.50,4704.30,4702.70,4702.80,47,75,122,-28.00,5.00,-36.00,1.50,40.0,0,96,0.2857,0.5000,-41.00,-89.00,4697.96,0.4331,UP,79.10,1.5424,1.6710
20260824 105136 567,4702.40,1,4702.20,4702.40,0.20,4702.20,2,4702.10,1,4702.00,4,4701.90,2,4701.80,3,4701.70,4,4701.60,2,4701.50,3,4701.40,4,4701.30,3,4702.40,1,4702.50,1,4702.60,2,4702.70,4,4702.80,2,4702.90,3,4703.00,4,4703.10,4,4703.20,4,4703.30,4,Sell,15,18,33,-3.00,7.00,-3.00,1.90,57.9,4703.50,4704.30,4702.40,4702.40,47,75,122,-28.00,5.00,-36.00,1.50,40.0,0,96,0.2857,0.0000,-42.00,-90.00,4697.92,0.4204,UP,79.10,1.5424,1.6924
20260824 105137 207,4702.40,1,4702.30,4702.50,0.20,4702.30,1,4702.20,3,4702.10,2,4702.00,3,4701.90,2,4701.80,3,4701.70,4,4701.60,1,4701.50,3,4701.40,4,4702.50,1,4702.60,1,4702.70,2,4702.80,2,4702.90,2,4703.00,5,4703.10,4,4703.20,5,4703.30,5,4703.40,4,Buy,16,18,34,-2.00,7.00,-3.00,1.90,57.9,4703.50,4704.30,4702.40,4702.40,47,75,122,-28.00,5.00,-36.00,1.50,40.0,0,96,0.2857,0.5000,-41.00,-89.00,4697.92,0.4204,UP,79.10,1.5424,1.6924
20260824 105138 294,4702.50,1,4702.50,4702.80,0.30,4702.50,2,4702.40,2,4702.30,1,4702.20,3,4702.10,4,4702.00,3,4701.90,2,4701.80,3,4701.70,3,4701.60,2,4702.80,1,4702.90,2,4703.00,3,4703.10,2,4703.20,4,4703.30,4,4703.40,4,4703.50,3,4703.60,4,4703.70,4,Buy,17,18,35,-1.00,7.00,-3.00,1.90,52.6,4703.50,4704.30,4702.40,4702.50,47,75,122,-28.00,5.00,-36.00,1.50,40.0,0,96,0.2857,2.0000,-40.00,-88.00,4697.93,0.4236,UP,79.10,1.5424,1.6924
20260824 105138 305,4702.60,1,4702.50,4702.80,0.30,4702.50,2,4702.40,2,4702.30,1,4702.20,3,4702.10,4,4702.00,3,4701.90,2,4701.80,3,4701.70,3,4701.60,2,4702.80,1,4702.90,2,4703.00,3,4703.10,2,4703.20,4,4703.30,4,4703.40,4,4703.50,3,4703.60,4,4703.70,4,Buy,18,18,36,0.00,7.00,-3.00,1.90,47.4,4703.50,4704.30,4702.40,4702.60,47,75,122,-28.00,5.00,-36.00,1.50,40.0,0,96,0.2857,7.0000,-39.00,-87.00,4697.94,0.4268,UP,79.10,1.5424,1.6924
20260824 105144 492,4702.50,1,4702.40,4702.70,0.30,4702.40,1,4702.30,3,4702.20,5,4702.10,2,4702.00,3,4701.90,3,4701.80,3,4701.70,3,4701.60,2,4701.50,3,4702.70,1,4702.80,3,4702.90,2,4703.00,2,4703.10,5,4703.20,4,4703.30,4,4703.40,4,4703.50,4,4703.60,4,Buy,19,18,37,1.00,7.00,-3.00,1.90,52.6,4703.50,4704.30,4702.40,4702.50,47,75,122,-28.00,5.00,-36.00,1.50,40.0,0,96,0.2857,6.0000,-38.00,-86.00,4697.93,0.4236,UP,79.10,1.5424,1.6924
20260824 105146 148,4702.60,1,4702.40,4702.60,0.20,4702.30,3,4702.20,5,4702.10,1,4702.00,3,4701.90,3,4701.80,3,4701.70,3,4701.60,2,4701.50,3,4701.40,4,4702.60,1,4702.70,2,4702.90,3,4703.00,4,4703.10,4,4703.20,4,4703.30,4,4703.40,4,4703.50,4,4703.60,4,Buy,20,18,38,2.00,7.00,-3.00,1.90,47.4,4703.50,4704.30,4702.40,4702.60,47,75,122,-28.00,5.00,-36.00,1.50,40.0,0,96,0.2857,2.5000,-37.00,-85.00,4697.94,0.4268,UP,79.10,1.5424,1.6924
20260824 105149 425,4702.80,1,4702.60,4702.90,0.30,4702.60,1,4702.50,1,4702.40,6,4702.30,3,4702.20,4,4702.10,3,4702.00,3,4701.90,3,4701.80,3,4701.70,3,4702.90,1,4703.00,3,4703.10,1,4703.20,2,4703.30,4,4703.40,4,4703.50,3,4703.60,4,4703.70,4,4703.80,3,Buy,21,18,39,3.00,7.00,-3.00,1.90,36.8,4703.50,4704.30,4702.40,4702.80,47,75,122,-28.00,5.00,-36.00,1.50,40.0,0,96,0.2857,1.3333,-36.00,-84.00,4697.96,0.4331,UP,79.10,1.5424,1.6924
20260824 105149 844,4702.60,1,4702.50,4702.90,0.40,4702.60,2,4702.50,1,4702.40,6,4702.30,3,4702.20,3,4702.10,4,4702.00,3,4701.90,2,4701.80,3,4701.70,3,4702.90,1,4703.00,3,4703.10,1,4703.20,2,4703.30,5,4703.40,4,4703.50,3,4703.60,4,4703.70,4,4703.80,3,Sell,21,19,40,2.00,7.00,-3.00,1.90,47.4,4703.50,4704.30,4702.40,4702.60,47,75,122,-28.00,5.00,-36.00,1.50,40.0,0,96,0.2857,2.5000,-37.00,-85.00,4697.94,0.4268,UP,79.10,1.5424,1.6924
20260824 105150 730,4702.90,1,4702.70,4703.00,0.30,4702.70,1,4702.60,2,4702.50,4,4702.40,3,4702.30,3,4702.20,5,4702.10,3,4702.00,3,4701.90,2,4701.80,3,4703.00,2,4703.10,2,4703.20,3,4703.30,4,4703.40,3,4703.50,3,4703.60,3,4703.70,4,4703.80,3,4703.90,6,Buy,22,19,41,3.00,7.00,-3.00,1.90,31.6,4703.50,4704.30,4702.40,4702.90,47,75,122,-28.00,5.00,-36.00,1.50,40.0,0,96,0.2857,1.3333,-36.00,-84.00,4697.97,0.4363,UP,79.10,1.5424,1.6924
20260824 105150 730,4702.80,1,4702.70,4703.00,0.30,4702.70,1,4702.60,2,4702.50,4,4702.40,3,4702.30,3,4702.20,5,4702.10,3,4702.00,3,4701.90,2,4701.80,3,4703.00,2,4703.10,2,4703.20,3,4703.30,4,4703.40,3,4703.50,3,4703.60,3,4703.70,4,4703.80,3,4703.90,6,Sell,22,20,42,2.00,7.00,-3.00,1.90,36.8,4703.50,4704.30,4702.40,4702.80,47,75,122,-28.00,5.00,-36.00,1.50,40.0,0,96,0.2857,2.5000,-37.00,-85.00,4697.96,0.4331,UP,79.10,1.5424,1.6924
20260824 105159 448,4702.50,1,4702.50,4702.80,0.30,4702.50,1,4702.40,3,4702.30,2,4702.20,4,4702.10,2,4702.00,4,4701.90,2,4701.80,3,4701.70,3,4701.60,2,4702.80,3,4702.90,3,4703.00,3,4703.10,4,4703.20,2,4703.30,4,4703.40,4,4703.50,3,4703.60,5,4703.70,5,Sell,22,21,43,1.00,7.00,-3.00,1.90,52.6,4703.50,4704.30,4702.40,4702.50,47,75,122,-28.00,5.00,-36.00,1.50,40.0,0,96,0.2857,6.0000,-38.00,-86.00,4697.93,0.4236,UP,79.10,1.5424,1.6924
20260824 105200 079,4702.40,2,4702.30,4702.50,0.20,4702.30,1,4702.20,1,4702.10,1,4702.00,3,4701.90,2,4701.80,4,4701.70,3,4701.60,1,4701.50,3,4701.40,4,4702.50,1,4702.60,2,4702.70,5,4702.80,4,4702.90,2,4703.00,5,4703.10,5,4703.20,5,4703.30,4,4703.40,4,Sell,0,2,2,-2.00,-2.00,-2.00,0.00,0.0,4702.40,4702.40,4702.40,4702.40,22,21,43,1.00,7.00,-3.00,1.90,52.6,-15,60,6.0000,0.0000,-33.00,-33.00,4697.92,0.4204,UP,76.85,0.5595,1.5787
20260824 105200 081,4702.30,1,4702.30,4702.50,0.20,4702.30,1,4702.20,1,4702.10,1,4702.00,3,4701.90,2,4701.80,4,4701.70,3,4701.60,1,4701.50,3,4701.40,4,4702.50,1,4702.60,2,4702.70,5,4702.80,4,4702.90,2,4703.00,5,4703.10,5,4703.20,5,4703.30,4,4703.40,4,Sell,0,3,3,-3.00,-2.00,-3.00,0.10,100.0,4702.40,4702.40,4702.30,4702.30,22,21,43,1.00,7.00,-3.00,1.90,52.6,-15,60,6.0000,0.0000,-34.00,-34.00,4697.91,0.4172,UP,76.85,0.5595,1.5858
20260824 105201 000,4702.30,1,4702.20,4702.30,0.10,4702.00,1,4701.90,1,4701.80,3,4701.70,3,4701.60,1,4701.50,3,4701.40,4,4701.30,3,4701.20,3,4701.10,5,4702.30,4,4702.40,4,4702.50,2,4702.60,2,4702.70,4,4702.80,6,4702.90,3,4703.00,5,4703.10,5,4703.20,5,Sell,0,4,4,-4.00,-2.00,-4.00,0.10,100.0,4702.40,4702.40,4702.30,4702.30,22,21,43,1.00,7.00,-3.00,1.90,52.6,-15,60,6.0000,0.0000,-35.00,-35.00,4697.91,0.4172,UP,76.85,0.5595,1.5858
20260824 105201 017,4702.20,1,4702.20,4702.30,0.10,4702.00,1,4701.90,1,4701.80,3,4701.70,3,4701.60,1,4701.50,3,4701.40,4,4701.30,3,4701.20,3,4701.10,5,4702.30,4,4702.40,4,4702.50,2,4702.60,2,4702.70,4,4702.80,6,4702.90,3,4703.00,5,4703.10,5,4703.20,5,Sell,0,5,5,-5.00,-2.00,-5.00,0.20,100.0,4702.40,4702.40,4702.20,4702.20,22,21,43,1.00,7.00,-3.00,1.90,52.6,-15,60,6.0000,0.0000,-36.00,-36.00,4697.90,0.4141,UP,76.85,0.5595,1.5930
20260824 105202 920,4702.00,1,4702.20,4702.50,0.30,4702.20,1,4702.10,2,4702.00,3,4701.90,2,4701.80,2,4701.70,3,4701.60,2,4701.50,3,4701.40,4,4701.30,3,4702.50,3,4702.60,3,4702.70,3,4702.80,4,4702.90,3,4703.00,4,4703.10,4,4703.20,5,4703.30,4,4703.40,4,Sell,0,6,6,-6.00,-2.00,-6.00,0.40,100.0,4702.40,4702.40,4702.00,4702.00,22,21,43,1.00,7.00,-3.00,1.90,52.6,-15,60,6.0000,0.0000,-37.00,-37.00,4697.88,0.4077,UP,76.85,0.5595,1.6073
20260824 105202 920,4702.00,1,4702.20,4702.50,0.30,4702.20,1,4702.10,2,4702.00,3,4701.90,2,4701.80,2,4701.70,3,4701.60,2,4701.50,3,4701.40,4,4701.30,3,4702.50,3,4702.60,3,4702.70,3,4702.80,4,4702.90,3,4703.00,4,4703.10,4,4703.20,5,4703.30,4,4703.40,4,Sell,0,7,7,-7.00,-2.00,-7.00,0.40,100.0,4702.40,4702.40,4702.00,4702.00,22,21,43,1.00,7.00,-3.00,1.90,52.6,-15,60,6.0000,0.0000,-38.00,-38.00,4697.88,0.4077,UP,76.85,0.5595,1.6073
20260824 105202 942,4702.20,1,4702.20,4702.50,0.30,4702.20,1,4702.10,2,4702.00,3,4701.90,2,4701.80,2,4701.70,3,4701.60,2,4701.50,3,4701.40,4,4701.30,3,4702.50,3,4702.60,3,4702.70,3,4702.80,4,4702.90,3,4703.00,4,4703.10,4,4703.20,5,4703.30,4,4703.40,4,Buy,1,7,8,-6.00,-2.00,-7.00,0.40,50.0,4702.40,4702.40,4702.00,4702.20,22,21,43,1.00,7.00,-3.00,1.90,52.6,-15,60,6.0000,0.1667,-37.00,-37.00,4697.90,0.4141,UP,76.85,0.5595,1.6073
20260824 105202 942,4702.20,1,4702.20,4702.50,0.30,4702.20,1,4702.10,2,4702.00,3,4701.90,2,4701.80,2,4701.70,3,4701.60,2,4701.50,3,4701.40,4,4701.30,3,4702.50,3,4702.60,3,4702.70,3,4702.80,4,4702.90,3,4703.00,4,4703.10,4,4703.20,5,4703.30,4,4703.40,4,Buy,2,7,9,-5.00,-2.00,-7.00,0.40,50.0,4702.40,4702.40,4702.00,4702.20,22,21,43,1.00,7.00,-3.00,1.90,52.6,-15,60,6.0000,0.4000,-36.00,-36.00,4697.90,0.4141,UP,76.85,0.5595,1.6073
20260824 105202 942,4702.20,1,4702.20,4702.50,0.30,4702.20,1,4702.10,2,4702.00,3,4701.90,2,4701.80,2,4701.70,3,4701.60,2,4701.50,3,4701.40,4,4701.30,3,4702.50,3,4702.60,3,4702.70,3,4702.80,4,4702.90,3,4703.00,4,4703.10,4,4703.20,5,4703.30,4,4703.40,4,Buy,3,7,10,-4.00,-2.00,-7.00,0.40,50.0,4702.40,4702.40,4702.00,4702.20,22,21,43,1.00,7.00,-3.00,1.90,52.6,-15,60,6.0000,0.7500,-35.00,-35.00,4697.90,0.4141,UP,76.85,0.5595,1.6073
20260824 105202 942,4702.20,1,4702.20,4702.50,0.30,4702.20,1,4702.10,2,4702.00,3,4701.90,2,4701.80,2,4701.70,3,4701.60,2,4701.50,3,4701.40,4,4701.30,3,4702.50,3,4702.60,3,4702.70,3,4702.80,4,4702.90,3,4703.00,4,4703.10,4,4703.20,5,4703.30,4,4703.40,4,Buy,4,7,11,-3.00,-2.00,-7.00,0.40,50.0,4702.40,4702.40,4702.00,4702.20,22,21,43,1.00,7.00,-3.00,1.90,52.6,-15,60,6.0000,1.3333,-34.00,-34.00,4697.90,0.4141,UP,76.85,0.5595,1.6073
20260824 105202 945,4702.30,1,4702.20,4702.50,0.30,4702.20,1,4702.10,2,4702.00,3,4701.90,2,4701.80,2,4701.70,3,4701.60,2,4701.50,3,4701.40,4,4701.30,3,4702.50,3,4702.60,3,4702.70,3,4702.80,4,4702.90,3,4703.00,4,4703.10,4,4703.20,5,4703.30,4,4703.40,4,Buy,5,7,12,-2.00,-2.00,-7.00,0.40,25.0,4702.40,4702.40,4702.00,4702.30,22,21,43,1.00,7.00,-3.00,1.90,52.6,-15,60,6.0000,2.5000,-33.00,-33.00,4697.91,0.4172,UP,76.85,0.5595,1.6073
20260824 105203 435,4702.10,1,4702.10,4702.40,0.30,4702.10,1,4702.00,2,4701.90,2,4701.80,3,4701.70,2,4701.60,3,4701.50,3,4701.40,3,4701.30,3,4701.20,3,4702.40,2,4702.50,2,4702.60,4,4702.70,3,4702.80,4,4702.90,3,4703.00,4,4703.10,4,4703.20,5,4703.30,5,Sell,5,8,13,-3.00,-2.00,-7.00,0.40,75.0,4702.40,4702.40,4702.00,4702.10,22,21,43,1.00,7.00,-3.00,1.90,52.6,-15,60,6.0000,1.3333,-34.00,-34.00,4697.89,0.4109,UP,76.85,0.5595,1.6073
20260824 105204 695,4702.00,1,4701.90,4702.10,0.20,4701.90,1,4701.80,1,4701.70,3,4701.60,2,4701.50,4,4701.40,3,4701.30,3,4701.20,3,4701.10,5,4701.00,3,4702.10,2,4702.20,1,4702.30,3,4702.40,4,4702.50,2,4702.60,3,4702.70,4,4702.80,5,4702.90,4,4703.00,4,Sell,5,9,14,-4.00,-2.00,-7.00,0.40,100.0,4702.40,4702.40,4702.00,4702.00,22,21,43,1.00,7.00,-3.00,1.90,52.6,-15,60,6.0000,0.7500,-35.00,-35.00,4697.88,0.4077,UP,76.85,0.5595,1.6073
20260824 105204 800,4702.00,1,4701.70,4702.00,0.30,4701.70,1,4701.60,3,4701.50,4,4701.40,3,4701.30,3,4701.20,2,4701.10,5,4701.00,3,4700.90,6,4700.80,4,4702.00,2,4702.10,3,4702.20,4,4702.30,2,4702.40,2,4702.50,2,4702.60,4,4702.70,5,4702.80,6,4702.90,4,Sell,5,10,15,-5.00,-2.00,-7.00,0.40,100.0,4702.40,4702.40,4702.00,4702.00,22,21,43,1.00,7.00,-3.00,1.90,52.6,-15,60,6.0000,0.4000,-36.00,-36.00,4697.88,0.4077,UP,76.85,0.5595,1.6073
20260824 105204 820,4702.00,1,4701.70,4702.00,0.30,4701.70,1,4701.60,3,4701.50,4,4701.40,3,4701.30,3,4701.20,2,4701.10,5,4701.00,3,4700.90,6,4700.80,4,4702.00,2,4702.10,3,4702.20,4,4702.30,2,4702.40,2,4702.50,2,4702.60,4,4702.70,5,4702.80,6,4702.90,4,Sell,5,11,16,-6.00,-2.00,-7.00,0.40,100.0,4702.40,4702.40,4702.00,4702.00,22,21,43,1.00,7.00,-3.00,1.90,52.6,-15,60,6.0000,0.1667,-37.00,-37.00,4697.88,0.4077,UP,76.85,0.5595,1.6073
20260824 105204 841,4702.00,1,4701.70,4702.00,0.30,4701.70,1,4701.60,3,4701.50,4,4701.40,3,4701.30,3,4701.20,2,4701.10,5,4701.00,3,4700.90,6,4700.80,4,4702.00,2,4702.10,3,4702.20,4,4702.30,2,4702.40,2,4702.50,2,4702.60,4,4702.70,5,4702.80,6,4702.90,4,Sell,5,12,17,-7.00,-2.00,-7.00,0.40,100.0,4702.40,4702.40,4702.00,4702.00,22,21,43,1.00,7.00,-3.00,1.90,52.6,-15,60,6.0000,0.0000,-38.00,-38.00,4697.88,0.4077,UP,76.85,0.5595,1.6073
20260824 105204 862,4702.00,1,4701.50,4701.80,0.30,4701.50,1,4701.30,3,4701.20,3,4701.10,5,4701.00,4,4700.90,5,4700.80,3,4700.70,4,4700.60,5,4700.50,6,4701.80,1,4701.90,2,4702.00,4,4702.10,3,4702.20,3,4702.30,5,4702.40,5,4702.50,2,4702.60,2,4702.70,6,Buy,6,12,18,-6.00,-2.00,-7.00,0.40,100.0,4702.40,4702.40,4702.00,4702.00,22,21,43,1.00,7.00,-3.00,1.90,52.6,-15,60,6.0000,0.1667,-37.00,-37.00,4697.88,0.4077,UP,76.85,0.5595,1.6073
20260824 105204 888,4701.50,1,4701.50,4701.80,0.30,4701.50,1,4701.30,3,4701.20,3,4701.10,5,4701.00,4,4700.90,5,4700.80,3,4700.70,4,4700.60,5,4700.50,6,4701.80,1,4701.90,2,4702.00,4,4702.10,3,4702.20,3,4702.30,5,4702.40,5,4702.50,2,4702.60,2,4702.70,6,Sell,6,13,19,-7.00,-2.00,-7.00,0.90,100.0,4702.40,4702.40,4701.50,4701.50,22,21,43,1.00,7.00,-3.00,1.90,52.6,-15,60,6.0000,0.0000,-38.00,-38.00,4697.84,0.3918,UP,76.85,0.5595,1.6430
20260824 105204 890,4701.70,1,4701.50,4701.80,0.30,4701.50,1,4701.30,3,4701.20,3,4701.10,5,4701.00,4,4700.90,5,4700.80,3,4700.70,4,4700.60,5,4700.50,6,4701.80,1,4701.90,2,4702.00,4,4702.10,3,4702.20,3,4702.30,5,4702.40,5,4702.50,2,4702.60,2,4702.70,6,Buy,7,13,20,-6.00,-2.00,-7.00,0.90,77.8,4702.40,4702.40,4701.50,4701.70,22,21,43,1.00,7.00,-3.00,1.90,52.6,-15,60,6.0000,0.1667,-37.00,-37.00,4697.86,0.3982,UP,76.85,0.5595,1.6430
20260824 105204 904,4701.80,1,4701.50,4701.80,0.30,4701.50,1,4701.30,3,4701.20,3,4701.10,5,4701.00,4,4700.90,5,4700.80,3,4700.70,4,4700.60,5,4700.50,6,4701.80,1,4701.90,2,4702.00,4,4702.10,3,4702.20,3,4702.30,5,4702.40,5,4702.50,2,4702.60,2,4702.70,6,Buy,8,13,21,-5.00,-2.00,-7.00,0.90,66.7,4702.40,4702.40,4701.50,4701.80,22,21,43,1.00,7.00,-3.00,1.90,52.6,-15,60,6.0000,0.4000,-36.00,-36.00,4697.86,0.4014,UP,76.85,0.5595,1.6430
20260824 105204 925,4701.80,1,4701.30,4701.70,0.40,4701.40,2,4701.30,1,4701.20,4,4701.10,4,4701.00,3,4700.90,6,4700.80,3,4700.70,4,4700.60,5,4700.50,5,4701.80,3,4701.90,2,4702.00,4,4702.10,3,4702.20,3,4702.30,4,4702.40,7,4702.50,3,4702.60,3,4702.70,5,Buy,9,13,22,-4.00,-2.00,-7.00,0.90,66.7,4702.40,4702.40,4701.50,4701.80,22,21,43,1.00,7.00,-3.00,1.90,52.6,-15,60,6.0000,0.7500,-35.00,-35.00,4697.86,0.4014,UP,76.85,0.5595,1.6430
20260824 105204 930,4701.50,1,4701.30,4701.70,0.40,4701.40,2,4701.30,1,4701.20,4,4701.10,4,4701.00,3,4700.90,6,4700.80,3,4700.70,4,4700.60,5,4700.50,5,4701.80,3,4701.90,2,4702.00,4,4702.10,3,4702.20,3,4702.30,4,4702.40,7,4702.50,3,4702.60,3,4702.70,5,Sell,9,14,23,-5.00,-2.00,-7.00,0.90,100.0,4702.40,4702.40,4701.50,4701.50,22,21,43,1.00,7.00,-3.00,1.90,52.6,-15,60,6.0000,0.4000,-36.00,-36.00,4697.84,0.3918,UP,76.85,0.5595,1.6430
20260824 105204 947,4701.70,1,4701.30,4701.70,0.40,4701.40,2,4701.30,1,4701.20,4,4701.10,4,4701.00,3,4700.90,6,4700.80,3,4700.70,4,4700.60,5,4700.50,5,4701.80,3,4701.90,2,4702.00,4,4702.10,3,4702.20,3,4702.30,4,4702.40,7,4702.50,3,4702.60,3,4702.70,5,Buy,10,14,24,-4.00,-2.00,-7.00,0.90,77.8,4702.40,4702.40,4701.50,4701.70,22,21,43,1.00,7.00,-3.00,1.90,52.6,-15,60,6.0000,0.7500,-35.00,-35.00,4697.86,0.3982,UP,76.85,0.5595,1.6430
20260824 105204 968,4701.70,1,4701.30,4701.70,0.40,4701.40,2,4701.30,1,4701.20,4,4701.10,4,4701.00,3,4700.90,6,4700.80,3,4700.70,4,4700.60,5,4700.50,5,4701.80,3,4701.90,2,4702.00,4,4702.10,3,4702.20,3,4702.30,4,4702.40,7,4702.50,3,4702.60,3,4702.70,5,Buy,11,14,25,-3.00,-2.00,-7.00,0.90,77.8,4702.40,4702.40,4701.50,4701.70,22,21,43,1.00,7.00,-3.00,1.90,52.6,-15,60,6.0000,1.3333,-34.00,-34.00,4697.86,0.3982,UP,76.85,0.5595,1.6430
20260824 105204 989,4701.70,1,4701.40,4701.80,0.40,4701.40,2,4701.30,1,4701.20,4,4701.10,4,4701.00,3,4700.90,6,4700.80,3,4700.70,4,4700.60,5,4700.50,5,4701.80,1,4701.90,2,4702.00,4,4702.10,3,4702.20,4,4702.30,4,4702.40,6,4702.50,3,4702.60,2,4702.70,5,Buy,12,14,26,-2.00,-2.00,-7.00,0.90,77.8,4702.40,4702.40,4701.50,4701.70,22,21,43,1.00,7.00,-3.00,1.90,52.6,-15,60,6.0000,2.5000,-33.00,-33.00,4697.86,0.3982,UP,76.85,0.5595,1.6430
20260824 105205 010,4701.70,1,4701.40,4701.80,0.40,4701.40,2,4701.30,1,4701.20,4,4701.10,4,4701.00,3,4700.90,6,4700.80,3,4700.70,4,4700.60,5,4700.50,5,4701.80,1,4701.90,2,4702.00,4,4702.10,3,4702.20,4,4702.30,4,4702.40,6,4702.50,3,4702.60,2,4702.70,5,Buy,13,14,27,-1.00,-1.00,-7.00,0.90,77.8,4702.40,4702.40,4701.50,4701.70,22,21,43,1.00,7.00,-3.00,1.90,52.6,-15,60,6.0000,6.0000,-32.00,-32.00,4697.86,0.3982,UP,76.85,0.5595,1.6430
20260824 105205 031,4701.70,1,4701.40,4701.80,0.40,4701.40,2,4701.30,1,4701.20,4,4701.10,4,4701.00,3,4700.90,6,4700.80,3,4700.70,4,4700.60,5,4700.50,5,4701.80,1,4701.90,2,4702.00,4,4702.10,3,4702.20,4,4702.30,4,4702.40,6,4702.50,3,4702.60,2,4702.70,5,Buy,14,14,28,0.00,0.00,-7.00,0.90,77.8,4702.40,4702.40,4701.50,4701.70,22,21,43,1.00,7.00,-3.00,1.90,52.6,-15,60,6.0000,0.0000,-31.00,-31.00,4697.86,0.3982,UP,76.85,0.5595,1.6430
20260824 105205 052,4701.80,1,4701.40,4701.80,0.40,4701.40,2,4701.30,1,4701.20,4,4701.10,4,4701.00,3,4700.90,6,4700.80,3,4700.70,4,4700.60,5,4700.50,5,4701.80,1,4701.90,2,4702.00,4,4702.10,3,4702.20,4,4702.30,4,4702.40,6,4702.50,3,4702.60,2,4702.70,5,Buy,15,14,29,1.00,1.00,-7.00,0.90,66.7,4702.40,4702.40,4701.50,4701.80,22,21,43,1.00,7.00,-3.00,1.90,52.6,-15,60,6.0000,0.0000,-30.00,-30.00,4697.86,0.4014,UP,76.85,0.5595,1.6430
20260824 105205 073,4701.80,1,4701.40,4701.80,0.40,4701.40,3,4701.30,1,4701.20,4,4701.10,4,4701.00,4,4700.90,5,4700.80,3,4700.70,4,4700.60,5,4700.50,5,4701.80,3,4701.90,4,4702.00,4,4702.10,4,4702.20,4,4702.30,4,4702.40,6,4702.50,3,4702.60,2,4702.70,5,Buy,16,14,30,2.00,2.00,-7.00,0.90,66.7,4702.40,4702.40,4701.50,4701.80,22,21,43,1.00,7.00,-3.00,1.90,52.6,-15,60,6.0000,0.0000,-29.00,-29.00,4697.86,0.4014,UP,76.85,0.5595,1.6430
20260824 105205 094,4701.90,1,4701.40,4701.80,0.40,4701.40,3,4701.30,1,4701.20,4,4701.10,4,4701.00,4,4700.90,5,4700.80,3,4700.70,4,4700.60,5,4700.50,5,4701.80,3,4701.90,4,4702.00,4,4702.10,4,4702.20,4,4702.30,4,4702.40,6,4702.50,3,4702.60,2,4702.70,5,Buy,17,14,31,3.00,3.00,-7.00,0.90,55.6,4702.40,4702.40,4701.50,4701.90,22,21,43,1.00,7.00,-3.00,1.90,52.6,-15,60,6.0000,0.0000,-28.00,-28.00,4697.87,0.4045,UP,76.85,0.5595,1.6430
20260824 105205 096,4701.70,1,4701.40,4701.80,0.40,4701.40,3,4701.30,1,4701.20,4,4701.10,4,4701.00,4,4700.90,5,4700.80,3,4700.70,4,4700.60,5,4700.50,5,4701.80,3,4701.90,4,4702.00,4,4702.10,4,4702.20,4,4702.30,4,4702.40,6,4702.50,3,4702.60,2,4702.70,5,Sell,17,15,32,2.00,3.00,-7.00,0.90,77.8,4702.40,4702.40,4701.50,4701.70,22,21,43,1.00,7.00,-3.00,1.90,52.6,-15,60,6.0000,0.5000,-29.00,-29.00,4697.86,0.3982,UP,76.85,0.5595,1.6430
20260824 105205 108,4701.50,1,4701.40,4701.80,0.40,4701.40,3,4701.30,1,4701.20,4,4701.10,4,4701.00,4,4700.90,5,4700.80,3,4700.70,4,4700.60,5,4700.50,5,4701.80,3,4701.90,4,4702.00,4,4702.10,4,4702.20,4,4702.30,4,4702.40,6,4702.50,3,4702.60,2,4702.70,5,Sell,17,16,33,1.00,3.00,-7.00,0.90,100.0,4702.40,4702.40,4701.50,4701.50,22,21,43,1.00,7.00,-3.00,1.90,52.6,-15,60,6.0000,2.0000,-30.00,-30.00,4697.84,0.3918,UP,76.85,0.5595,1.6430
20260824 105205 108,4701.50,1,4701.40,4701.80,0.40,4701.40,3,4701.30,1,4701.20,4,4701.10,4,4701.00,4,4700.90,5,4700.80,3,4700.70,4,4700.60,5,4700.50,5,4701.80,3,4701.90,4,4702.00,4,4702.10,4,4702.20,4,4702.30,4,4702.40,6,4702.50,3,4702.60,2,4702.70,5,Sell,17,17,34,0.00,3.00,-7.00,0.90,100.0,4702.40,4702.40,4701.50,4701.50,22,21,43,1.00,7.00,-3.00,1.90,52.6,-15,60,6.0000,3.0000,-31.00,-31.00,4697.84,0.3918,UP,76.85,0.5595,1.6430
20260824 105205 115,4701.70,1,4701.40,4701.80,0.40,4701.40,3,4701.30,1,4701.20,4,4701.10,4,4701.00,4,4700.90,5,4700.80,3,4700.70,4,4700.60,5,4700.50,5,4701.80,3,4701.90,4,4702.00,4,4702.10,4,4702.20,4,4702.30,4,4702.40,6,4702.50,3,4702.60,2,4702.70,5,Buy,18,17,35,1.00,3.00,-7.00,0.90,77.8,4702.40,4702.40,4701.50,4701.70,22,21,43,1.00,7.00,-3.00,1.90,52.6,-15,60,6.0000,2.0000,-30.00,-30.00,4697.86,0.3982,UP,76.85,0.5595,1.6430
20260824 105205 131,4701.50,1,4701.40,4701.80,0.40,4701.40,2,4701.30,3,4701.20,1,4701.10,5,4701.00,3,4700.90,6,4700.80,3,4700.70,4,4700.60,5,4700.50,5,4701.80,3,4701.90,5,4702.00,4,4702.10,4,4702.20,3,4702.30,4,4702.40,7,4702.50,3,4702.60,2,4702.70,5,Sell,18,18,36,0.00,3.00,-7.00,0.90,100.0,4702.40,4702.40,4701.50,4701.50,22,21,43,1.00,7.00,-3.00,1.90,52.6,-15,60,6.0000,3.0000,-31.00,-31.00,4697.84,0.3918,UP,76.85,0.5595,1.6430
20260824 105205 136,4701.70,1,4701.40,4701.80,0.40,4701.40,2,4701.30,3,4701.20,1,4701.10,5,4701.00,3,4700.90,6,4700.80,3,4700.70,4,4700.60,5,4700.50,5,4701.80,3,4701.90,5,4702.00,4,4702.10,4,4702.20,3,4702.30,4,4702.40,7,4702.50,3,4702.60,2,4702.70,5,Buy,19,18,37,1.00,3.00,-7.00,0.90,77.8,4702.40,4702.40,4701.50,4701.70,22,21,43,1.00,7.00,-3.00,1.90,52.6,-15,60,6.0000,2.0000,-30.00,-30.00,4697.86,0.3982,UP,76.85,0.5595,1.6430
20260824 105205 157,4701.80,1,4701.40,4701.80,0.40,4701.40,2,4701.30,3,4701.20,1,4701.10,5,4701.00,3,4700.90,6,4700.80,3,4700.70,4,4700.60,5,4700.50,5,4701.80,3,4701.90,5,4702.00,4,4702.10,4,4702.20,3,4702.30,4,4702.40,7,4702.50,3,4702.60,2,4702.70,5,Buy,20,18,38,2.00,3.00,-7.00,0.90,66.7,4702.40,4702.40,4701.50,4701.80,22,21,43,1.00,7.00,-3.00,1.90,52.6,-15,60,6.0000,0.5000,-29.00,-29.00,4697.86,0.4014,UP,76.85,0.5595,1.6430
20260824 105205 161,4701.50,1,4701.40,4701.80,0.40,4701.40,2,4701.30,3,4701.20,1,4701.10,5,4701.00,3,4700.90,6,4700.80,3,4700.70,4,4700.60,5,4700.50,5,4701.80,3,4701.90,5,4702.00,4,4702.10,4,4702.20,3,4702.30,4,4702.40,7,4702.50,3,4702.60,2,4702.70,5,Sell,20,19,39,1.00,3.00,-7.00,0.90,100.0,4702.40,4702.40,4701.50,4701.50,22,21,43,1.00,7.00,-3.00,1.90,52.6,-15,60,6.0000,2.0000,-30.00,-30.00,4697.84,0.3918,UP,76.85,0.5595,1.6430
20260824 105205 178,4701.70,1,4701.40,4701.80,0.40,4701.40,2,4701.30,3,4701.20,1,4701.10,5,4701.00,3,4700.90,6,4700.80,3,4700.70,4,4700.60,5,4700.50,5,4701.80,3,4701.90,5,4702.00,4,4702.10,4,4702.20,3,4702.30,4,4702.40,7,4702.50,3,4702.60,2,4702.70,5,Buy,21,19,40,2.00,3.00,-7.00,0.90,77.8,4702.40,4702.40,4701.50,4701.70,22,21,43,1.00,7.00,-3.00,1.90,52.6,-15,60,6.0000,0.5000,-29.00,-29.00,4697.86,0.3982,UP,76.85,0.5595,1.6430
20260824 105205 191,4701.50,1,4701.40,4701.80,0.40,4701.40,2,4701.30,3,4701.20,1,4701.10,5,4701.00,3,4700.90,6,4700.80,3,4700.70,4,4700.60,5,4700.50,5,4701.80,3,4701.90,5,4702.00,4,4702.10,4,4702.20,3,4702.30,4,4702.40,7,4702.50,3,4702.60,2,4702.70,5,Sell,21,20,41,1.00,3.00,-7.00,0.90,100.0,4702.40,4702.40,4701.50,4701.50,22,21,43,1.00,7.00,-3.00,1.90,52.6,-15,60,6.0000,2.0000,-30.00,-30.00,4697.84,0.3918,UP,76.85,0.5595,1.6430
20260824 105205 199,4701.60,1,4701.60,4701.90,0.30,4701.50,2,4701.40,1,4701.30,3,4701.20,2,4701.10,5,4701.00,3,4700.90,6,4700.80,3,4700.70,4,4700.60,5,4701.80,1,4701.90,5,4702.00,4,4702.10,4,4702.20,4,4702.30,4,4702.40,5,4702.50,3,4702.60,2,4702.70,5,Buy,22,20,42,2.00,3.00,-7.00,0.90,88.9,4702.40,4702.40,4701.50,4701.60,22,21,43,1.00,7.00,-3.00,1.90,52.6,-15,60,6.0000,0.5000,-29.00,-29.00,4697.85,0.3950,UP,76.85,0.5595,1.6430
20260824 105205 220,4701.70,1,4701.60,4701.90,0.30,4701.50,2,4701.40,1,4701.30,3,4701.20,2,4701.10,5,4701.00,3,4700.90,6,4700.80,3,4700.70,4,4700.60,5,4701.80,1,4701.90,5,4702.00,4,4702.10,4,4702.20,4,4702.30,4,4702.40,5,4702.50,3,4702.60,2,4702.70,5,Buy,23,20,43,3.00,3.00,-7.00,0.90,77.8,4702.40,4702.40,4701.50,4701.70,22,21,43,1.00,7.00,-3.00,1.90,52.6,-15,60,6.0000,0.0000,-28.00,-28.00,4697.86,0.3982,UP,76.85,0.5595,1.6430
20260824 105205 241,4701.80,1,4701.60,4701.90,0.30,4701.50,2,4701.40,1,4701.30,3,4701.20,2,4701.10,5,4701.00,3,4700.90,6,4700.80,3,4700.70,4,4700.60,5,4701.80,1,4701.90,5,4702.00,4,4702.10,4,4702.20,4,4702.30,4,4702.40,5,4702.50,3,4702.60,2,4702.70,5,Buy,24,20,44,4.00,4.00,-7.00,0.90,66.7,4702.40,4702.40,4701.50,4701.80,22,21,43,1.00,7.00,-3.00,1.90,52.6,-15,60,6.0000,0.0000,-27.00,-27.00,4697.86,0.4014,UP,76.85,0.5595,1.6430
20260824 105205 262,4701.80,1,4701.60,4701.90,0.30,4701.50,2,4701.40,1,4701.30,3,4701.20,2,4701.10,5,4701.00,3,4700.90,6,4700.80,3,4700.70,4,4700.60,5,4701.80,1,4701.90,5,4702.00,4,4702.10,4,4702.20,4,4702.30,4,4702.40,5,4702.50,3,4702.60,2,4702.70,5,Buy,25,20,45,5.00,5.00,-7.00,0.90,66.7,4702.40,4702.40,4701.50,4701.80,22,21,43,1.00,7.00,-3.00,1.90,52.6,-15,60,6.0000,0.0000,-26.00,-26.00,4697.86,0.4014,UP,76.85,0.5595,1.6430
20260824 105205 263,4701.60,1,4701.60,4701.90,0.30,4701.50,2,4701.40,1,4701.30,3,4701.20,2,4701.10,5,4701.00,3,4700.90,6,4700.80,3,4700.70,4,4700.60,5,4701.80,1,4701.90,5,4702.00,4,4702.10,4,4702.20,4,4702.30,4,4702.40,5,4702.50,3,4702.60,2,4702.70,5,Sell,25,21,46,4.00,5.00,-7.00,0.90,88.9,4702.40,4702.40,4701.50,4701.60,22,21,43,1.00,7.00,-3.00,1.90,52.6,-15,60,6.0000,0.2500,-27.00,-27.00,4697.85,0.3950,UP,76.85,0.5595,1.6430
20260824 105205 267,4701.80,1,4701.50,4701.80,0.30,4701.50,1,4701.40,2,4701.30,1,4701.20,1,4701.10,5,4701.00,3,4700.90,6,4700.80,4,4700.70,4,4700.60,5,4701.80,1,4701.90,6,4702.00,4,4702.10,4,4702.20,3,4702.30,3,4702.40,6,4702.50,3,4702.60,2,4702.70,5,Buy,26,21,47,5.00,5.00,-7.00,0.90,66.7,4702.40,4702.40,4701.50,4701.80,22,21,43,1.00,7.00,-3.00,1.90,52.6,-15,60,6.0000,0.0000,-26.00,-26.00,4697.86,0.4014,UP,76.85,0.5595,1.6430
20260824 105205 283,4701.90,1,4701.50,4701.80,0.30,4701.50,1,4701.40,2,4701.30,1,4701.20,1,4701.10,5,4701.00,3,4700.90,6,4700.80,4,4700.70,4,4700.60,5,4701.80,1,4701.90,6,4702.00,4,4702.10,4,4702.20,3,4702.30,3,4702.40,6,4702.50,3,4702.60,2,4702.70,5,Buy,27,21,48,6.00,6.00,-7.00,0.90,55.6,4702.40,4702.40,4701.50,4701.90,22,21,43,1.00,7.00,-3.00,1.90,52.6,-15,60,6.0000,0.0000,-25.00,-25.00,4697.87,0.4045,UP,76.85,0.5595,1.6430
20260824 105205 303,4701.80,1,4701.50,4701.80,0.30,4701.50,1,4701.40,2,4701.30,1,4701.20,1,4701.10,5,4701.00,3,4700.90,6,4700.80,4,4700.70,4,4700.60,5,4701.80,1,4701.90,6,4702.00,4,4702.10,4,4702.20,3,4702.30,3,4702.40,6,4702.50,3,4702.60,2,4702.70,5,Buy,28,21,49,7.00,7.00,-7.00,0.90,66.7,4702.40,4702.40,4701.50,4701.80,22,21,43,1.00,7.00,-3.00,1.90,52.6,-15,60,6.0000,0.0000,-24.00,-24.00,4697.86,0.4014,UP,76.85,0.5595,1.6430
20260824 105205 324,4701.80,1,4701.50,4701.80,0.30,4701.50,1,4701.40,2,4701.30,1,4701.20,1,4701.10,5,4701.00,3,4700.90,6,4700.80,4,4700.70,4,4700.60,5,4701.80,1,4701.90,6,4702.00,4,4702.10,4,4702.20,3,4702.30,3,4702.40,6,4702.50,3,4702.60,2,4702.70,5,Buy,29,21,50,8.00,8.00,-7.00,0.90,66.7,4702.40,4702.40,4701.50,4701.80,22,21,43,1.00,7.00,-3.00,1.90,52.6,-15,60,6.0000,0.0000,-23.00,-23.00,4697.86,0.4014,UP,76.85,0.5595,1.6430
20260824 105205 345,4701.80,1,4701.50,4701.90,0.40,4701.50,2,4701.40,1,4701.30,2,4701.20,1,4701.10,5,4701.00,3,4700.90,6,4700.80,4,4700.70,4,4700.60,5,4701.90,2,4702.00,4,4702.10,4,4702.20,4,4702.30,3,4702.40,5,4702.50,3,4702.60,2,4702.70,5,4702.80,5,Buy,30,21,51,9.00,9.00,-7.00,0.90,66.7,4702.40,4702.40,4701.50,4701.80,22,21,43,1.00,7.00,-3.00,1.90,52.6,-15,60,6.0000,0.0000,-22.00,-22.00,4697.86,0.4014,UP,76.85,0.5595,1.6430
20260824 105205 366,4701.90,1,4701.50,4701.90,0.40,4701.50,2,4701.40,1,4701.30,2,4701.20,1,4701.10,5,4701.00,3,4700.90,6,4700.80,4,4700.70,4,4700.60,5,4701.90,2,4702.00,4,4702.10,4,4702.20,4,4702.30,3,4702.40,5,4702.50,3,4702.60,2,4702.70,5,4702.80,5,Buy,31,21,52,10.00,10.00,-7.00,0.90,55.6,4702.40,4702.40,4701.50,4701.90,22,21,43,1.00,7.00,-3.00,1.90,52.6,-15,60,6.0000,0.0000,-21.00,-21.00,4697.87,0.4045,UP,76.85,0.5595,1.6430
20260824 105205 387,4701.90,1,4701.50,4701.90,0.40,4701.50,2,4701.40,1,4701.30,2,4701.20,1,4701.10,5,4701.00,3,4700.90,6,4700.80,4,4700.70,4,4700.60,5,4701.90,2,4702.00,4,4702.10,4,4702.20,4,4702.30,3,4702.40,5,4702.50,3,4702.60,2,4702.70,5,4702.80,5,Buy,32,21,53,11.00,11.00,-7.00,0.90,55.6,4702.40,4702.40,4701.50,4701.90,22,21,43,1.00,7.00,-3.00,1.90,52.6,-15,60,6.0000,0.0000,-20.00,-20.00,4697.87,0.4045,UP,76.85,0.5595,1.6430
20260824 105205 407,4701.90,1,4701.70,4701.90,0.20,4701.60,3,4701.50,2,4701.40,1,4701.30,2,4701.20,1,4701.10,6,4701.00,3,4700.90,5,4700.80,4,4700.70,4,4701.90,1,4702.00,4,4702.10,4,4702.20,3,4702.30,3,4702.40,6,4702.50,3,4702.60,2,4702.70,5,4702.80,5,Buy,33,21,54,12.00,12.00,-7.00,0.90,55.6,4702.40,4702.40,4701.50,4701.90,22,21,43,1.00,7.00,-3.00,1.90,52.6,-15,60,6.0000,0.0000,-19.00,-19.00,4697.87,0.4045,UP,76.85,0.5595,1.6430
20260824 105205 428,4701.90,1,4701.70,4701.90,0.20,4701.60,3,4701.50,2,4701.40,1,4701.30,2,4701.20,1,4701.10,6,4701.00,3,4700.90,5,4700.80,4,4700.70,4,4701.90,1,4702.00,4,4702.10,4,4702.20,3,4702.30,3,4702.40,6,4702.50,3,4702.60,2,4702.70,5,4702.80,5,Buy,34,21,55,13.00,13.00,-7.00,0.90,55.6,4702.40,4702.40,4701.50,4701.90,22,21,43,1.00,7.00,-3.00,1.90,52.6,-15,60,6.0000,0.0000,-18.00,-18.00,4697.87,0.4045,UP,76.85,0.5595,1.6430
20260824 105205 449,4701.90,1,4701.70,4701.90,0.20,4701.60,3,4701.50,2,4701.40,1,4701.30,2,4701.20,1,4701.10,6,4701.00,3,4700.90,5,4700.80,4,4700.70,4,4701.90,1,4702.00,4,4702.10,4,4702.20,3,4702.30,3,4702.40,6,4702.50,3,4702.60,2,4702.70,5,4702.80,5,Buy,35,21,56,14.00,14.00,-7.00,0.90,55.6,4702.40,4702.40,4701.50,4701.90,22,21,43,1.00,7.00,-3.00,1.90,52.6,-15,60,6.0000,0.0000,-17.00,-17.00,4697.87,0.4045,UP,76.85,0.5595,1.6430
20260824 105205 470,4701.90,1,4701.70,4701.90,0.20,4701.60,3,4701.50,2,4701.40,1,4701.30,2,4701.20,1,4701.10,6,4701.00,3,4700.90,5,4700.80,4,4700.70,4,4701.90,1,4702.00,4,4702.10,4,4702.20,3,4702.30,3,4702.40,6,4702.50,3,4702.60,2,4702.70,5,4702.80,5,Buy,36,21,57,15.00,15.00,-7.00,0.90,55.6,4702.40,4702.40,4701.50,4701.90,22,21,43,1.00,7.00,-3.00,1.90,52.6,-15,60,6.0000,0.0000,-16.00,-16.00,4697.87,0.4045,UP,76.85,0.5595,1.6430
20260824 105205 472,4701.70,1,4701.70,4701.90,0.20,4701.60,3,4701.50,2,4701.40,1,4701.30,2,4701.20,1,4701.10,6,4701.00,3,4700.90,5,4700.80,4,4700.70,4,4701.90,1,4702.00,4,4702.10,4,4702.20,3,4702.30,3,4702.40,6,4702.50,3,4702.60,2,4702.70,5,4702.80,5,Sell,36,22,58,14.00,15.00,-7.00,0.90,77.8,4702.40,4702.40,4701.50,4701.70,22,21,43,1.00,7.00,-3.00,1.90,52.6,-15,60,6.0000,0.0714,-17.00,-17.00,4697.86,0.3982,UP,76.85,0.5595,1.6430
20260824 105205 474,4701.70,1,4701.70,4701.90,0.20,4701.60,3,4701.50,2,4701.40,1,4701.30,2,4701.20,1,4701.10,6,4701.00,3,4700.90,5,4700.80,4,4700.70,4,4701.90,1,4702.00,4,4702.10,4,4702.20,3,4702.30,3,4702.40,6,4702.50,3,4702.60,2,4702.70,5,4702.80,5,Sell,36,23,59,13.00,15.00,-7.00,0.90,77.8,4702.40,4702.40,4701.50,4701.70,22,21,43,1.00,7.00,-3.00,1.90,52.6,-15,60,6.0000,0.1538,-18.00,-18.00,4697.86,0.3982,UP,76.85,0.5595,1.6430
20260824 105205 491,4701.90,1,4701.60,4702.00,0.40,4701.60,1,4701.50,1,4701.40,1,4701.30,2,4701.20,1,4701.10,6,4701.00,4,4700.90,5,4700.80,4,4700.70,4,4701.90,1,4702.00,4,4702.10,4,4702.20,2,4702.30,4,4702.40,5,4702.50,3,4702.60,2,4702.70,5,4702.80,5,Buy,37,23,60,14.00,15.00,-7.00,0.90,55.6,4702.40,4702.40,4701.50,4701.90,22,21,43,1.00,7.00,-3.00,1.90,52.6,-15,60,6.0000,0.0714,-17.00,-17.00,4697.87,0.4045,UP,76.85,0.5595,1.6430
20260824 105205 512,4701.90,1,4701.60,4702.00,0.40,4701.60,1,4701.50,1,4701.40,1,4701.30,2,4701.20,1,4701.10,6,4701.00,4,4700.90,5,4700.80,4,4700.70,4,4701.90,1,4702.00,4,4702.10,4,4702.20,2,4702.30,4,4702.40,5,4702.50,3,4702.60,2,4702.70,5,4702.80,5,Buy,38,23,61,15.00,15.00,-7.00,0.90,55.6,4702.40,4702.40,4701.50,4701.90,22,21,43,1.00,7.00,-3.00,1.90,52.6,-15,60,6.0000,0.0000,-16.00,-16.00,4697.87,0.4045,UP,76.85,0.5595,1.6430
20260824 105205 533,4702.00,1,4701.60,4702.00,0.40,4701.60,1,4701.50,1,4701.40,1,4701.30,2,4701.20,1,4701.10,6,4701.00,4,4700.90,5,4700.80,4,4700.70,4,4701.90,1,4702.00,4,4702.10,4,4702.20,2,4702.30,4,4702.40,5,4702.50,3,4702.60,2,4702.70,5,4702.80,5,Buy,39,23,62,16.00,16.00,-7.00,0.90,44.4,4702.40,4702.40,4701.50,4702.00,22,21,43,1.00,7.00,-3.00,1.90,52.6,-15,60,6.0000,0.0000,-15.00,-15.00,4697.88,0.4077,UP,76.85,0.5595,1.6430
20260824 105205 553,4702.00,1,4701.70,4702.00,0.30,4701.70,2,4701.60,2,4701.50,2,4701.40,2,4701.30,1,4701.20,2,4701.10,6,4701.00,3,4700.90,6,4700.80,4,4702.00,1,4702.10,1,4702.20,4,4702.30,1,4702.40,5,4702.50,4,4702.60,2,4702.70,5,4702.80,5,4702.90,4,Buy,40,23,63,17.00,17.00,-7.00,0.90,44.4,4702.40,4702.40,4701.50,4702.00,22,21,43,1.00,7.00,-3.00,1.90,52.6,-15,60,6.0000,0.0000,-14.00,-14.00,4697.88,0.4077,UP,76.85,0.5595,1.6430
20260824 105205 575,4702.00,1,4701.70,4702.00,0.30,4701.70,2,4701.60,2,4701.50,2,4701.40,2,4701.30,1,4701.20,2,4701.10,6,4701.00,3,4700.90,6,4700.80,4,4702.00,1,4702.10,1,4702.20,4,4702.30,1,4702.40,5,4702.50,4,4702.60,2,4702.70,5,4702.80,5,4702.90,4,Buy,41,23,64,18.00,18.00,-7.00,0.90,44.4,4702.40,4702.40,4701.50,4702.00,22,21,43,1.00,7.00,-3.00,1.90,52.6,-15,60,6.0000,0.0000,-13.00,-13.00,4697.88,0.4077,UP,76.85,0.5595,1.6430
20260824 105205 595,4702.00,1,4701.70,4702.00,0.30,4701.70,2,4701.60,2,4701.50,2,4701.40,2,4701.30,1,4701.20,2,4701.10,6,4701.00,3,4700.90,6,4700.80,4,4702.00,1,4702.10,1,4702.20,4,4702.30,1,4702.40,5,4702.50,4,4702.60,2,4702.70,5,4702.80,5,4702.90,4,Buy,42,23,65,19.00,19.00,-7.00,0.90,44.4,4702.40,4702.40,4701.50,4702.00,22,21,43,1.00,7.00,-3.00,1.90,52.6,-15,60,6.0000,0.0000,-12.00,-12.00,4697.88,0.4077,UP,76.85,0.5595,1.6430
20260824 105205 616,4702.00,1,4701.70,4702.00,0.30,4701.70,2,4701.60,2,4701.50,2,4701.40,2,4701.30,1,4701.20,2,4701.10,6,4701.00,3,4700.90,6,4700.80,4,4702.00,1,4702.10,1,4702.20,4,4702.30,1,4702.40,5,4702.50,4,4702.60,2,4702.70,5,4702.80,5,4702.90,4,Buy,43,23,66,20.00,20.00,-7.00,0.90,44.4,4702.40,4702.40,4701.50,4702.00,22,21,43,1.00,7.00,-3.00,1.90,52.6,-15,60,6.0000,0.0000,-11.00,-11.00,4697.88,0.4077,UP,76.85,0.5595,1.6430
20260824 105205 638,4702.00,1,4701.90,4702.20,0.30,4701.80,2,4701.70,2,4701.60,2,4701.50,2,4701.40,2,4701.30,1,4701.20,2,4701.10,7,4701.00,3,4700.90,6,4702.10,1,4702.20,2,4702.30,3,4702.40,2,4702.50,3,4702.60,2,4702.70,5,4702.80,4,4702.90,4,4703.00,4,Sell,43,24,67,19.00,20.00,-7.00,0.90,44.4,4702.40,4702.40,4701.50,4702.00,22,21,43,1.00,7.00,-3.00,1.90,52.6,-15,60,6.0000,0.0526,-12.00,-12.00,4697.88,0.4077,UP,76.85,0.5595,1.6430
20260824 105205 658,4702.00,1,4701.60,4701.90,0.30,4701.60,2,4701.40,2,4701.30,2,4701.20,3,4701.10,6,4701.00,3,4700.90,5,4700.80,4,4700.70,4,4700.60,5,4701.90,1,4702.00,3,4702.10,3,4702.20,4,4702.30,5,4702.40,3,4702.50,2,4702.60,2,4702.70,5,4702.80,5,Sell,43,25,68,18.00,20.00,-7.00,0.90,44.4,4702.40,4702.40,4701.50,4702.00,22,21,43,1.00,7.00,-3.00,1.90,52.6,-15,60,6.0000,0.1111,-13.00,-13.00,4697.88,0.4077,UP,76.85,0.5595,1.6430
20260824 105205 679,4702.00,1,4701.60,4701.90,0.30,4701.60,2,4701.40,2,4701.30,2,4701.20,3,4701.10,6,4701.00,3,4700.90,5,4700.80,4,4700.70,4,4700.60,5,4701.90,1,4702.00,3,4702.10,3,4702.20,4,4702.30,5,4702.40,3,4702.50,2,4702.60,2,4702.70,5,4702.80,5,Sell,43,26,69,17.00,20.00,-7.00,0.90,44.4,4702.40,4702.40,4701.50,4702.00,22,21,43,1.00,7.00,-3.00,1.90,52.6,-15,60,6.0000,0.1765,-14.00,-14.00,4697.88,0.4077,UP,76.85,0.5595,1.6430
20260824 105205 680,4702.10,1,4701.60,4701.90,0.30,4701.60,2,4701.40,2,4701.30,2,4701.20,3,4701.10,6,4701.00,3,4700.90,5,4700.80,4,4700.70,4,4700.60,5,4701.90,1,4702.00,3,4702.10,3,4702.20,4,4702.30,5,4702.40,3,4702.50,2,4702.60,2,4702.70,5,4702.80,5,Buy,44,26,70,18.00,20.00,-7.00,0.90,33.3,4702.40,4702.40,4701.50,4702.10,22,21,43,1.00,7.00,-3.00,1.90,52.6,-15,60,6.0000,0.1111,-13.00,-13.00,4697.89,0.4109,UP,76.85,0.5595,1.6430
20260824 105205 681,4701.90,1,4701.60,4701.90,0.30,4701.60,2,4701.40,2,4701.30,2,4701.20,3,4701.10,6,4701.00,3,4700.90,5,4700.80,4,4700.70,4,4700.60,5,4701.90,1,4702.00,3,4702.10,3,4702.20,4,4702.30,5,4702.40,3,4702.50,2,4702.60,2,4702.70,5,4702.80,5,Sell,44,27,71,17.00,20.00,-7.00,0.90,55.6,4702.40,4702.40,4701.50,4701.90,22,21,43,1.00,7.00,-3.00,1.90,52.6,-15,60,6.0000,0.1765,-14.00,-14.00,4697.87,0.4045,UP,76.85,0.5595,1.6430
20260824 105205 694,4701.80,1,4701.70,4702.00,0.30,4701.70,2,4701.60,3,4701.50,3,4701.40,1,4701.30,1,4701.20,3,4701.10,6,4701.00,3,4700.90,5,4700.80,3,4702.00,3,4702.10,3,4702.20,4,4702.30,6,4702.40,4,4702.50,2,4702.60,2,4702.70,5,4702.80,5,4702.90,4,Sell,44,28,72,16.00,20.00,-7.00,0.90,66.7,4702.40,4702.40,4701.50,4701.80,22,21,43,1.00,7.00,-3.00,1.90,52.6,-15,60,6.0000,0.2500,-15.00,-15.00,4697.86,0.4014,UP,76.85,0.5595,1.6430
20260824 105205 717,4701.70,1,4701.70,4702.00,0.30,4701.70,2,4701.60,3,4701.50,3,4701.40,1,4701.30,1,4701.20,3,4701.10,6,4701.00,3,4700.90,5,4700.80,3,4702.00,3,4702.10,3,4702.20,4,4702.30,6,4702.40,4,4702.50,2,4702.60,2,4702.70,5,4702.80,5,4702.90,4,Sell,44,29,73,15.00,20.00,-7.00,0.90,77.8,4702.40,4702.40,4701.50,4701.70,22,21,43,1.00,7.00,-3.00,1.90,52.6,-15,60,6.0000,0.3333,-16.00,-16.00,4697.86,0.3982,UP,76.85,0.5595,1.6430
20260824 105205 717,4701.70,1,4701.70,4702.00,0.30,4701.70,2,4701.60,3,4701.50,3,4701.40,1,4701.30,1,4701.20,3,4701.10,6,4701.00,3,4700.90,5,4700.80,3,4702.00,3,4702.10,3,4702.20,4,4702.30,6,4702.40,4,4702.50,2,4702.60,2,4702.70,5,4702.80,5,4702.90,4,Sell,44,30,74,14.00,20.00,-7.00,0.90,77.8,4702.40,4702.40,4701.50,4701.70,22,21,43,1.00,7.00,-3.00,1.90,52.6,-15,60,6.0000,0.4286,-17.00,-17.00,4697.86,0.3982,UP,76.85,0.5595,1.6430
20260824 105206 142,4702.00,1,4701.70,4702.00,0.30,4701.70,3,4701.60,3,4701.50,3,4701.40,1,4701.30,1,4701.20,3,4701.10,6,4701.00,3,4700.90,5,4700.80,4,4702.00,3,4702.10,3,4702.20,4,4702.30,6,4702.40,4,4702.50,2,4702.60,2,4702.70,5,4702.80,5,4702.90,4,Buy,45,30,75,15.00,20.00,-7.00,0.90,44.4,4702.40,4702.40,4701.50,4702.00,22,21,43,1.00,7.00,-3.00,1.90,52.6,-15,60,6.0000,0.3333,-16.00,-16.00,4697.88,0.4077,UP,76.85,0.5595,1.6430
20260824 105206 142,4702.00,1,4701.70,4702.00,0.30,4701.70,3,4701.60,3,4701.50,3,4701.40,1,4701.30,1,4701.20,3,4701.10,6,4701.00,3,4700.90,5,4700.80,4,4702.00,3,4702.10,3,4702.20,4,4702.30,6,4702.40,4,4702.50,2,4702.60,2,4702.70,5,4702.80,5,4702.90,4,Buy,46,30,76,16.00,20.00,-7.00,0.90,44.4,4702.40,4702.40,4701.50,4702.00,22,21,43,1.00,7.00,-3.00,1.90,52.6,-15,60,6.0000,0.2500,-15.00,-15.00,4697.88,0.4077,UP,76.85,0.5595,1.6430
20260824 105206 142,4702.00,1,4701.70,4702.00,0.30,4701.70,3,4701.60,3,4701.50,3,4701.40,1,4701.30,1,4701.20,3,4701.10,6,4701.00,3,4700.90,5,4700.80,4,4702.00,3,4702.10,3,4702.20,4,4702.30,6,4702.40,4,4702.50,2,4702.60,2,4702.70,5,4702.80,5,4702.90,4,Buy,47,30,77,17.00,20.00,-7.00,0.90,44.4,4702.40,4702.40,4701.50,4702.00,22,21,43,1.00,7.00,-3.00,1.90,52.6,-15,60,6.0000,0.1765,-14.00,-14.00,4697.88,0.4077,UP,76.85,0.5595,1.6430
20260824 105209 586,4702.40,1,4702.30,4702.60,0.30,4702.40,1,4702.30,4,4702.20,1,4702.10,3,4702.00,2,4701.90,4,4701.80,3,4701.70,5,4701.60,3,4701.50,6,4702.70,2,4702.80,3,4702.90,4,4703.00,3,4703.10,3,4703.20,4,4703.30,3,4703.40,3,4703.50,2,4703.60,5,Sell,47,31,78,16.00,20.00,-7.00,0.90,0.0,4702.40,4702.40,4701.50,4702.40,22,21,43,1.00,7.00,-3.00,1.90,52.6,-15,60,6.0000,0.2500,-15.00,-15.00,4697.92,0.4204,UP,76.85,0.5595,1.6430
20260824 105209 588,4702.40,1,4702.30,4702.60,0.30,4702.40,1,4702.30,4,4702.20,1,4702.10,3,4702.00,2,4701.90,4,4701.80,3,4701.70,5,4701.60,3,4701.50,6,4702.70,2,4702.80,3,4702.90,4,4703.00,3,4703.10,3,4703.20,4,4703.30,3,4703.40,3,4703.50,2,4703.60,5,Sell,47,32,79,15.00,20.00,-7.00,0.90,0.0,4702.40,4702.40,4701.50,4702.40,22,21,43,1.00,7.00,-3.00,1.90,52.6,-15,60,6.0000,0.3333,-16.00,-16.00,4697.92,0.4204,UP,76.85,0.5595,1.6430
20260824 105209 589,4702.30,1,4702.30,4702.60,0.30,4702.40,1,4702.30,4,4702.20,1,4702.10,3,4702.00,2,4701.90,4,4701.80,3,4701.70,5,4701.60,3,4701.50,6,4702.70,2,4702.80,3,4702.90,4,4703.00,3,4703.10,3,4703.20,4,4703.30,3,4703.40,3,4703.50,2,4703.60,5,Sell,47,33,80,14.00,20.00,-7.00,0.90,11.1,4702.40,4702.40,4701.50,4702.30,22,21,43,1.00,7.00,-3.00,1.90,52.6,-15,60,6.0000,0.4286,-17.00,-17.00,4697.91,0.4172,UP,76.85,0.5595,1.6430
20260824 105209 589,4702.30,1,4702.30,4702.60,0.30,4702.40,1,4702.30,4,4702.20,1,4702.10,3,4702.00,2,4701.90,4,4701.80,3,4701.70,5,4701.60,3,4701.50,6,4702.70,2,4702.80,3,4702.90,4,4703.00,3,4703.10,3,4703.20,4,4703.30,3,4703.40,3,4703.50,2,4703.60,5,Sell,47,34,81,13.00,20.00,-7.00,0.90,11.1,4702.40,4702.40,4701.50,4702.30,22,21,43,1.00,7.00,-3.00,1.90,52.6,-15,60,6.0000,0.5385,-18.00,-18.00,4697.91,0.4172,UP,76.85,0.5595,1.6430
20260824 105222 420,4702.30,1,4702.10,4702.40,0.30,4702.10,2,4702.00,1,4701.90,3,4701.80,3,4701.70,3,4701.60,3,4701.50,4,4701.40,3,4701.30,2,4701.20,5,4702.40,1,4702.50,2,4702.60,2,4702.70,1,4702.80,5,4702.90,4,4703.00,3,4703.10,5,4703.20,5,4703.30,3,Buy,48,34,82,14.00,20.00,-7.00,0.90,11.1,4702.40,4702.40,4701.50,4702.30,22,21,43,1.00,7.00,-3.00,1.90,52.6,-15,60,6.0000,0.4286,-17.00,-17.00,4697.91,0.4172,UP,76.85,0.5595,1.6430
20260824 105227 784,4702.10,1,4701.80,4702.10,0.30,4701.80,1,4701.70,2,4701.60,2,4701.50,4,4701.40,4,4701.30,2,4701.20,3,4701.10,5,4701.00,3,4700.90,5,4702.10,2,4702.20,2,4702.30,4,4702.40,3,4702.50,3,4702.60,2,4702.70,3,4702.80,4,4702.90,4,4703.00,2,Sell,48,35,83,13.00,20.00,-7.00,0.90,33.3,4702.40,4702.40,4701.50,4702.10,22,21,43,1.00,7.00,-3.00,1.90,52.6,-15,60,6.0000,0.5385,-18.00,-18.00,4697.89,0.4109,UP,76.85,0.5595,1.6430
20260824 105227 787,4702.00,1,4701.80,4702.10,0.30,4701.80,1,4701.70,2,4701.60,2,4701.50,4,4701.40,4,4701.30,2,4701.20,3,4701.10,5,4701.00,3,4700.90,5,4702.10,2,4702.20,2,4702.30,4,4702.40,3,4702.50,3,4702.60,2,4702.70,3,4702.80,4,4702.90,4,4703.00,2,Sell,48,36,84,12.00,20.00,-7.00,0.90,44.4,4702.40,4702.40,4701.50,4702.00,22,21,43,1.00,7.00,-3.00,1.90,52.6,-15,60,6.0000,0.6667,-19.00,-19.00,4697.88,0.4077,UP,76.85,0.5595,1.6430
20260824 105227 787,4702.00,1,4701.80,4702.10,0.30,4701.80,1,4701.70,2,4701.60,2,4701.50,4,4701.40,4,4701.30,2,4701.20,3,4701.10,5,4701.00,3,4700.90,5,4702.10,2,4702.20,2,4702.30,4,4702.40,3,4702.50,3,4702.60,2,4702.70,3,4702.80,4,4702.90,4,4703.00,2,Sell,48,37,85,11.00,20.00,-7.00,0.90,44.4,4702.40,4702.40,4701.50,4702.00,22,21,43,1.00,7.00,-3.00,1.90,52.6,-15,60,6.0000,0.8182,-20.00,-20.00,4697.88,0.4077,UP,76.85,0.5595,1.6430
20260824 105229 307,4701.80,1,4701.80,4702.20,0.40,4701.80,1,4701.70,4,4701.60,3,4701.50,3,4701.40,3,4701.30,3,4701.20,3,4701.10,5,4701.00,3,4700.90,5,4702.20,2,4702.30,3,4702.40,3,4702.50,3,4702.60,2,4702.70,3,4702.80,4,4702.90,4,4703.00,2,4703.10,5,Sell,48,38,86,10.00,20.00,-7.00,0.90,66.7,4702.40,4702.40,4701.50,4701.80,22,21,43,1.00,7.00,-3.00,1.90,52.6,-15,60,6.0000,1.0000,-21.00,-21.00,4697.86,0.4014,UP,76.85,0.5595,1.6430
20260824 105229 645,4701.80,1,4701.70,4702.00,0.30,4701.70,4,4701.60,2,4701.50,2,4701.40,2,4701.30,2,4701.20,4,4701.10,5,4701.00,3,4700.90,5,4700.80,4,4702.00,1,4702.10,3,4702.20,2,4702.30,3,4702.40,3,4702.50,3,4702.60,2,4702.70,3,4702.80,5,4702.90,4,Sell,48,39,87,9.00,20.00,-7.00,0.90,66.7,4702.40,4702.40,4701.50,4701.80,22,21,43,1.00,7.00,-3.00,1.90,52.6,-15,60,6.0000,1.2222,-22.00,-22.00,4697.86,0.4014,UP,76.85,0.5595,1.6430
20260824 105229 707,4701.70,1,4701.70,4702.00,0.30,4701.50,1,4701.40,2,4701.30,1,4701.20,3,4701.10,5,4701.00,3,4700.90,5,4700.80,3,4700.70,4,4700.60,5,4701.80,2,4701.90,4,4702.00,3,4702.10,2,4702.20,3,4702.30,4,4702.40,5,4702.50,5,4702.60,2,4702.70,3,Sell,48,40,88,8.00,20.00,-7.00,0.90,77.8,4702.40,4702.40,4701.50,4701.70,22,21,43,1.00,7.00,-3.00,1.90,52.6,-15,60,6.0000,1.5000,-23.00,-23.00,4697.86,0.3982,UP,76.85,0.5595,1.6430
20260824 105229 707,4701.70,2,4701.70,4702.00,0.30,4701.50,1,4701.40,2,4701.30,1,4701.20,3,4701.10,5,4701.00,3,4700.90,5,4700.80,3,4700.70,4,4700.60,5,4701.80,2,4701.90,4,4702.00,3,4702.10,2,4702.20,3,4702.30,4,4702.40,5,4702.50,5,4702.60,2,4702.70,3,Sell,48,42,90,6.00,20.00,-7.00,0.90,77.8,4702.40,4702.40,4701.50,4701.70,22,21,43,1.00,7.00,-3.00,1.90,52.6,-15,60,6.0000,2.3333,-25.00,-25.00,4697.86,0.3982,UP,76.85,0.5595,1.6430
20260824 105233 429,4701.90,1,4701.70,4702.10,0.40,4701.70,1,4701.60,1,4701.50,5,4701.40,2,4701.30,1,4701.20,3,4701.10,5,4701.00,3,4700.90,5,4700.80,5,4702.10,1,4702.20,4,4702.30,3,4702.40,6,4702.50,2,4702.60,2,4702.70,3,4702.80,4,4702.90,3,4703.00,2,Buy,49,42,91,7.00,20.00,-7.00,0.90,55.6,4702.40,4702.40,4701.50,4701.90,22,21,43,1.00,7.00,-3.00,1.90,52.6,-15,60,6.0000,1.8571,-24.00,-24.00,4697.87,0.4045,UP,76.85,0.5595,1.6430
20260824 105236 679,4702.10,1,4702.00,4702.10,0.10,4701.70,1,4701.60,1,4701.50,4,4701.40,2,4701.30,1,4701.20,3,4701.10,5,4701.00,3,4700.90,5,4700.80,5,4702.10,3,4702.20,4,4702.30,2,4702.40,6,4702.50,2,4702.60,2,4702.70,3,4702.80,4,4702.90,3,4703.00,2,Buy,50,42,92,8.00,20.00,-7.00,0.90,33.3,4702.40,4702.40,4701.50,4702.10,22,21,43,1.00,7.00,-3.00,1.90,52.6,-15,60,6.0000,1.5000,-23.00,-23.00,4697.89,0.4109,UP,76.85,0.5595,1.6430
20260824 105239 163,4702.30,1,4702.10,4702.40,0.30,4702.10,2,4702.00,2,4701.90,3,4701.80,2,4701.70,2,4701.60,3,4701.50,4,4701.40,3,4701.30,2,4701.20,4,4702.40,1,4702.50,2,4702.60,1,4702.70,2,4702.80,4,4702.90,3,4703.00,2,4703.10,5,4703.20,5,4703.30,3,Buy,51,42,93,9.00,20.00,-7.00,0.90,11.1,4702.40,4702.40,4701.50,4702.30,22,21,43,1.00,7.00,-3.00,1.90,52.6,-15,60,6.0000,1.2222,-22.00,-22.00,4697.91,0.4172,UP,76.85,0.5595,1.6430
20260824 105249 541,4701.90,1,4701.80,4702.20,0.40,4701.80,2,4701.60,2,4701.50,4,4701.40,4,4701.30,2,4701.20,2,4701.10,5,4701.00,3,4700.90,5,4700.80,5,4702.20,2,4702.30,1,4702.40,4,4702.50,3,4702.60,3,4702.70,4,4702.80,5,4702.90,3,4703.00,2,4703.10,5,Sell,51,43,94,8.00,20.00,-7.00,0.90,55.6,4702.40,4702.40,4701.50,4701.90,22,21,43,1.00,7.00,-3.00,1.90,52.6,-15,60,6.0000,1.5000,-23.00,-23.00,4697.87,0.4045,UP,76.85,0.5595,1.6430
20260824 105249 541,4701.90,2,4701.80,4702.20,0.40,4701.80,2,4701.60,2,4701.50,4,4701.40,4,4701.30,2,4701.20,2,4701.10,5,4701.00,3,4700.90,5,4700.80,5,4702.20,2,4702.30,1,4702.40,4,4702.50,3,4702.60,3,4702.70,4,4702.80,5,4702.90,3,4703.00,2,4703.10,5,Sell,51,45,96,6.00,20.00,-7.00,0.90,55.6,4702.40,4702.40,4701.50,4701.90,22,21,43,1.00,7.00,-3.00,1.90,52.6,-15,60,6.0000,2.3333,-25.00,-25.00,4697.87,0.4045,UP,76.85,0.5595,1.6430
20260824 105251 589,4702.20,1,4702.20,4702.40,0.20,4702.10,1,4702.00,3,4701.80,5,4701.70,2,4701.60,2,4701.50,4,4701.40,4,4701.30,2,4701.20,3,4701.10,5,4702.40,1,4702.50,3,4702.60,2,4702.70,1,4702.80,5,4702.90,3,4703.00,2,4703.10,4,4703.20,5,4703.30,3,Sell,51,46,97,5.00,20.00,-7.00,0.90,22.2,4702.40,4702.40,4701.50,4702.20,22,21,43,1.00,7.00,-3.00,1.90,52.6,-15,60,6.0000,3.0000,-26.00,-26.00,4697.90,0.4141,UP,76.85,0.5595,1.6430
20260824 105252 889,4701.90,1,4701.80,4702.00,0.20,4701.80,2,4701.60,3,4701.50,3,4701.40,4,4701.30,2,4701.20,2,4701.10,6,4701.00,2,4700.90,5,4700.80,5,4702.00,1,4702.10,3,4702.20,1,4702.40,5,4702.50,6,4702.60,2,4702.70,3,4702.80,5,4702.90,3,4703.00,3,Sell,51,47,98,4.00,20.00,-7.00,0.90,55.6,4702.40,4702.40,4701.50,4701.90,22,21,43,1.00,7.00,-3.00,1.90,52.6,-15,60,6.0000,4.0000,-27.00,-27.00,4697.87,0.4045,UP,76.85,0.5595,1.6430
20260824 105252 892,4701.80,1,4701.80,4702.00,0.20,4701.80,2,4701.60,3,4701.50,3,4701.40,4,4701.30,2,4701.20,2,4701.10,6,4701.00,2,4700.90,5,4700.80,5,4702.00,1,4702.10,3,4702.20,1,4702.40,5,4702.50,6,4702.60,2,4702.70,3,4702.80,5,4702.90,3,4703.00,3,Sell,51,48,99,3.00,20.00,-7.00,0.90,66.7,4702.40,4702.40,4701.50,4701.80,22,21,43,1.00,7.00,-3.00,1.90,52.6,-15,60,6.0000,5.6667,-28.00,-28.00,4697.86,0.4014,UP,76.85,0.5595,1.6430
20260824 105252 892,4701.80,1,4701.80,4702.00,0.20,4701.80,2,4701.60,3,4701.50,3,4701.40,4,4701.30,2,4701.20,2,4701.10,6,4701.00,2,4700.90,5,4700.80,5,4702.00,1,4702.10,3,4702.20,1,4702.40,5,4702.50,6,4702.60,2,4702.70,3,4702.80,5,4702.90,3,4703.00,3,Sell,51,49,100,2.00,20.00,-7.00,0.90,66.7,4702.40,4702.40,4701.50,4701.80,22,21,43,1.00,7.00,-3.00,1.90,52.6,-15,60,6.0000,9.0000,-29.00,-29.00,4697.86,0.4014,UP,76.85,0.5595,1.6430
20260824 105252 893,4701.80,1,4701.80,4702.00,0.20,4701.80,2,4701.60,3,4701.50,3,4701.40,4,4701.30,2,4701.20,2,4701.10,6,4701.00,2,4700.90,5,4700.80,5,4702.00,1,4702.10,3,4702.20,1,4702.40,5,4702.50,6,4702.60,2,4702.70,3,4702.80,5,4702.90,3,4703.00,3,Sell,51,50,101,1.00,20.00,-7.00,0.90,66.7,4702.40,4702.40,4701.50,4701.80,22,21,43,1.00,7.00,-3.00,1.90,52.6,-15,60,6.0000,19.0000,-30.00,-30.00,4697.86,0.4014,UP,76.85,0.5595,1.6430
20260824 105252 896,4702.00,1,4701.80,4702.00,0.20,4701.80,2,4701.60,3,4701.50,3,4701.40,4,4701.30,2,4701.20,2,4701.10,6,4701.00,2,4700.90,5,4700.80,5,4702.00,1,4702.10,3,4702.20,1,4702.40,5,4702.50,6,4702.60,2,4702.70,3,4702.80,5,4702.90,3,4703.00,3,Buy,52,50,102,2.00,20.00,-7.00,0.90,44.4,4702.40,4702.40,4701.50,4702.00,22,21,43,1.00,7.00,-3.00,1.90,52.6,-15,60,6.0000,9.0000,-29.00,-29.00,4697.88,0.4077,UP,76.85,0.5595,1.6430
20260824 105252 918,4701.90,1,4701.80,4702.00,0.20,4701.80,2,4701.60,3,4701.50,3,4701.40,4,4701.30,2,4701.20,2,4701.10,6,4701.00,2,4700.90,5,4700.80,5,4702.00,1,4702.10,3,4702.20,1,4702.40,5,4702.50,6,4702.60,2,4702.70,3,4702.80,5,4702.90,3,4703.00,3,Sell,52,51,103,1.00,20.00,-7.00,0.90,55.6,4702.40,4702.40,4701.50,4701.90,22,21,43,1.00,7.00,-3.00,1.90,52.6,-15,60,6.0000,19.0000,-30.00,-30.00,4697.87,0.4045,UP,76.85,0.5595,1.6430
20260824 105253 111,4702.00,1,4701.80,4702.20,0.40,4701.80,2,4701.60,3,4701.50,4,4701.40,3,4701.30,2,4701.20,2,4701.10,6,4701.00,2,4700.90,5,4700.80,5,4702.20,1,4702.30,1,4702.40,3,4702.50,6,4702.60,2,4702.70,3,4702.80,5,4702.90,3,4703.00,3,4703.10,4,Buy,53,51,104,2.00,20.00,-7.00,0.90,44.4,4702.40,4702.40,4701.50,4702.00,22,21,43,1.00,7.00,-3.00,1.90,52.6,-15,60,6.0000,9.0000,-29.00,-29.00,4697.88,0.4077,UP,76.85,0.5595,1.6430
20260824 105257 086,4702.40,1,4702.20,4702.40,0.20,4702.10,1,4702.00,1,4701.90,1,4701.80,4,4701.70,3,4701.60,2,4701.50,4,4701.40,3,4701.30,2,4701.20,4,4702.40,1,4702.50,3,4702.60,2,4702.70,2,4702.80,5,4702.90,3,4703.00,2,4703.10,4,4703.20,5,4703.30,3,Buy,54,51,105,3.00,20.00,-7.00,0.90,0.0,4702.40,4702.40,4701.50,4702.40,22,21,43,1.00,7.00,-3.00,1.90,52.6,-15,60,6.0000,5.6667,-28.00,-28.00,4697.92,0.4204,UP,76.85,0.5595,1.6430
20260824 105257 234,4702.30,1,4702.20,4702.50,0.30,4702.20,3,4702.10,2,4702.00,1,4701.90,2,4701.80,3,4701.70,4,4701.60,2,4701.50,4,4701.40,3,4701.30,2,4702.50,2,4702.60,2,4702.70,1,4702.80,3,4702.90,4,4703.00,2,4703.10,4,4703.20,5,4703.30,3,4703.40,3,Sell,54,52,106,2.00,20.00,-7.00,0.90,11.1,4702.40,4702.40,4701.50,4702.30,22,21,43,1.00,7.00,-3.00,1.90,52.6,-15,60,6.0000,9.0000,-29.00,-29.00,4697.91,0.4172,UP,76.85,0.5595,1.6430
20260824 105258 817,4702.00,1,4701.90,4702.20,0.30,4701.90,1,4701.80,2,4701.70,2,4701.60,3,4701.50,4,4701.40,3,4701.30,2,4701.20,3,4701.10,5,4701.00,2,4702.20,1,4702.30,2,4702.40,2,4702.50,2,4702.60,4,4702.70,3,4702.80,4,4702.90,3,4703.00,2,4703.10,6,Sell,54,53,107,1.00,20.00,-7.00,0.90,44.4,4702.40,4702.40,4701.50,4702.00,22,21,43,1.00,7.00,-3.00,1.90,52.6,-15,60,6.0000,19.0000,-30.00,-30.00,4697.88,0.4077,UP,76.85,0.5595,1.6430
20260824 105258 817,4702.00,1,4701.90,4702.20,0.30,4701.90,1,4701.80,2,4701.70,2,4701.60,3,4701.50,4,4701.40,3,4701.30,2,4701.20,3,4701.10,5,4701.00,2,4702.20,1,4702.30,2,4702.40,2,4702.50,2,4702.60,4,4702.70,3,4702.80,4,4702.90,3,4703.00,2,4703.10,6,Sell,54,54,108,0.00,20.00,-7.00,0.90,44.4,4702.40,4702.40,4701.50,4702.00,22,21,43,1.00,7.00,-3.00,1.90,52.6,-15,60,6.0000,20.0000,-31.00,-31.00,4697.88,0.4077,UP,76.85,0.5595,1.6430
20260824 105307 844,4701.80,1,4701.80,4702.20,0.40,4701.80,1,4701.60,2,4701.50,4,4701.40,4,4701.30,2,4701.20,2,4701.10,5,4701.00,2,4700.90,5,4700.80,5,4702.10,3,4702.20,1,4702.30,3,4702.40,3,4702.50,3,4702.60,3,4702.70,3,4702.80,4,4702.90,3,4703.00,2,Sell,0,1,1,-1.00,-1.00,-1.00,0.00,0.0,4701.80,4701.80,4701.80,4701.80,54,54,108,0.00,20.00,-7.00,0.90,44.4,-24,45,20.0000,0.0000,-26.00,-32.00,4697.86,0.4014,UP,81.00,1.3333,1.5399
20260824 105325 099,4702.00,1,4702.00,4702.30,0.30,4702.00,1,4701.90,2,4701.80,2,4701.70,1,4701.60,2,4701.50,4,4701.40,3,4701.30,2,4701.20,3,4701.10,6,4702.20,1,4702.30,1,4702.50,1,4702.60,4,4702.70,4,4702.80,3,4702.90,3,4703.00,2,4703.10,5,4703.20,5,Sell,0,2,2,-2.00,-1.00,-2.00,0.20,100.0,4701.80,4702.00,4701.80,4702.00,54,54,108,0.00,20.00,-7.00,0.90,44.4,-24,45,20.0000,0.0000,-27.00,-33.00,4697.88,0.4077,UP,81.00,1.3333,1.5399
20260824 105332 667,4702.30,1,4702.20,4702.50,0.30,4702.20,2,4702.10,1,4702.00,3,4701.90,2,4701.80,3,4701.70,2,4701.60,3,4701.50,4,4701.40,3,4701.30,2,4702.50,1,4702.60,2,4702.70,1,4702.80,3,4702.90,2,4703.00,2,4703.10,4,4703.20,5,4703.30,3,4703.40,3,Buy,1,2,3,-1.00,-1.00,-2.00,0.50,100.0,4701.80,4702.30,4701.80,4702.30,54,54,108,0.00,20.00,-7.00,0.90,44.4,-24,45,20.0000,1.0000,-26.00,-32.00,4697.91,0.4172,UP,81.00,1.3333,1.5613
20260824 105333 613,4702.50,1,4702.40,4702.50,0.10,4702.20,3,4702.10,2,4702.00,2,4701.90,1,4701.80,3,4701.70,2,4701.60,3,4701.50,4,4701.40,3,4701.30,2,4702.50,4,4702.60,1,4702.70,2,4702.80,2,4702.90,3,4703.00,2,4703.10,4,4703.20,5,4703.30,3,4703.40,3,Buy,2,2,4,0.00,0.00,-2.00,0.70,100.0,4701.80,4702.50,4701.80,4702.50,54,54,108,0.00,20.00,-7.00,0.90,44.4,-24,45,20.0000,0.0000,-25.00,-31.00,4697.93,0.4236,UP,81.00,1.3333,1.5756
20260824 105333 613,4702.50,3,4702.40,4702.50,0.10,4702.20,3,4702.10,2,4702.00,2,4701.90,1,4701.80,3,4701.70,2,4701.60,3,4701.50,4,4701.40,3,4701.30,2,4702.50,4,4702.60,1,4702.70,2,4702.80,2,4702.90,3,4703.00,2,4703.10,4,4703.20,5,4703.30,3,4703.40,3,Buy,5,2,7,3.00,3.00,-2.00,0.70,100.0,4701.80,4702.50,4701.80,4702.50,54,54,108,0.00,20.00,-7.00,0.90,44.4,-24,45,20.0000,0.0000,-22.00,-28.00,4697.93,0.4236,UP,81.00,1.3333,1.5756
20260824 105333 613,4702.50,2,4702.40,4702.50,0.10,4702.20,3,4702.10,2,4702.00,2,4701.90,1,4701.80,3,4701.70,2,4701.60,3,4701.50,4,4701.40,3,4701.30,2,4702.50,4,4702.60,1,4702.70,2,4702.80,2,4702.90,3,4703.00,2,4703.10,4,4703.20,5,4703.30,3,4703.40,3,Buy,7,2,9,5.00,5.00,-2.00,0.70,100.0,4701.80,4702.50,4701.80,4702.50,54,54,108,0.00,20.00,-7.00,0.90,44.4,-24,45,20.0000,0.0000,-20.00,-26.00,4697.93,0.4236,UP,81.00,1.3333,1.5756
20260824 105333 995,4702.70,1,4702.50,4702.80,0.30,4702.50,1,4702.40,1,4702.30,2,4702.20,3,4702.10,3,4702.00,2,4701.90,4,4701.80,4,4701.70,2,4701.60,4,4702.80,2,4702.90,3,4703.00,3,4703.10,4,4703.20,4,4703.30,3,4703.40,3,4703.50,2,4703.60,5,4703.70,4,Buy,8,2,10,6.00,6.00,-2.00,0.90,100.0,4701.80,4702.70,4701.80,4702.70,54,54,108,0.00,20.00,-7.00,0.90,44.4,-24,45,20.0000,0.0000,-19.00,-25.00,4697.95,0.4299,UP,81.00,1.3333,1.5899
20260824 105334 194,4702.50,1,4702.50,4702.90,0.40,4702.50,2,4702.40,4,4702.30,2,4702.20,3,4702.10,3,4702.00,3,4701.90,3,4701.80,4,4701.70,2,4701.60,4,4702.90,2,4703.00,2,4703.10,2,4703.20,3,4703.30,4,4703.40,3,4703.50,2,4703.60,5,4703.70,4,4703.80,4,Sell,8,3,11,5.00,6.00,-2.00,0.90,77.8,4701.80,4702.70,4701.80,4702.50,54,54,108,0.00,20.00,-7.00,0.90,44.4,-24,45,20.0000,0.2000,-20.00,-26.00,4697.93,0.4236,UP,81.00,1.3333,1.5899
20260824 105338 357,4703.20,1,4702.90,4703.20,0.30,4702.90,3,4702.80,1,4702.70,1,4702.60,4,4702.50,2,4702.40,5,4702.30,3,4702.20,3,4702.10,4,4702.00,4,4703.20,1,4703.40,2,4703.50,4,4703.60,2,4703.70,3,4703.80,3,4703.90,4,4704.00,7,4704.10,4,4704.20,5,Buy,9,3,12,6.00,6.00,-2.00,1.40,100.0,4701.80,4703.20,4701.80,4703.20,54,54,108,0.00,20.00,-7.00,0.90,44.4,-24,45,20.0000,0.0000,-19.00,-25.00,4698.00,0.4458,UP,81.00,1.3333,1.6256
20260824 105338 358,4703.20,1,4702.90,4703.20,0.30,4702.90,3,4702.80,1,4702.70,1,4702.60,4,4702.50,2,4702.40,5,4702.30,3,4702.20,3,4702.10,4,4702.00,4,4703.20,1,4703.40,2,4703.50,4,4703.60,2,4703.70,3,4703.80,3,4703.90,4,4704.00,7,4704.10,4,4704.20,5,Buy,10,3,13,7.00,7.00,-2.00,1.40,100.0,4701.80,4703.20,4701.80,4703.20,54,54,108,0.00,20.00,-7.00,0.90,44.4,-24,45,20.0000,0.0000,-18.00,-24.00,4698.00,0.4458,UP,81.00,1.3333,1.6256
20260824 105340 370,4702.70,1,4702.50,4702.80,0.30,4702.50,1,4702.40,2,4702.30,3,4702.20,2,4702.10,4,4702.00,4,4701.90,3,4701.80,4,4701.70,2,4701.60,4,4702.80,2,4702.90,2,4703.00,3,4703.10,2,4703.20,2,4703.30,4,4703.40,2,4703.50,2,4703.60,4,4703.70,5,Sell,10,4,14,6.00,7.00,-2.00,1.40,64.3,4701.80,4703.20,4701.80,4702.70,54,54,108,0.00,20.00,-7.00,0.90,44.4,-24,45,20.0000,0.1667,-19.00,-25.00,4697.95,0.4299,UP,81.00,1.3333,1.6256
20260824 105340 370,4702.70,1,4702.50,4702.80,0.30,4702.50,1,4702.40,2,4702.30,3,4702.20,2,4702.10,4,4702.00,4,4701.90,3,4701.80,4,4701.70,2,4701.60,4,4702.80,2,4702.90,2,4703.00,3,4703.10,2,4703.20,2,4703.30,4,4703.40,2,4703.50,2,4703.60,4,4703.70,5,Sell,10,5,15,5.00,7.00,-2.00,1.40,64.3,4701.80,4703.20,4701.80,4702.70,54,54,108,0.00,20.00,-7.00,0.90,44.4,-24,45,20.0000,0.4000,-20.00,-26.00,4697.95,0.4299,UP,81.00,1.3333,1.6256
20260824 105344 400,4702.80,1,4702.60,4702.80,0.20,4702.60,2,4702.50,1,4702.40,2,4702.30,3,4702.20,4,4702.10,4,4702.00,3,4701.90,3,4701.80,4,4701.70,2,4702.80,1,4702.90,1,4703.00,4,4703.10,2,4703.20,2,4703.30,4,4703.40,2,4703.50,2,4703.60,4,4703.70,4,Buy,11,5,16,6.00,7.00,-2.00,1.40,71.4,4701.80,4703.20,4701.80,4702.80,54,54,108,0.00,20.00,-7.00,0.90,44.4,-24,45,20.0000,0.1667,-19.00,-25.00,4697.96,0.4331,UP,81.00,1.3333,1.6256
20260824 105351 195,4702.60,1,4702.60,4702.90,0.30,4702.60,1,4702.50,2,4702.40,7,4702.30,2,4702.20,3,4702.10,4,4702.00,3,4701.90,3,4701.80,4,4701.70,2,4702.90,2,4703.00,1,4703.10,3,4703.20,2,4703.30,4,4703.40,2,4703.50,2,4703.60,4,4703.70,4,4703.80,3,Sell,11,6,17,5.00,7.00,-2.00,1.40,57.1,4701.80,4703.20,4701.80,4702.60,54,54,108,0.00,20.00,-7.00,0.90,44.4,-24,45,20.0000,0.4000,-20.00,-26.00,4697.94,0.4268,UP,81.00,1.3333,1.6256
20260824 105351 199,4702.60,2,4702.60,4702.90,0.30,4702.60,1,4702.50,2,4702.40,7,4702.30,2,4702.20,3,4702.10,4,4702.00,3,4701.90,3,4701.80,4,4701.70,2,4702.90,2,4703.00,1,4703.10,3,4703.20,2,4703.30,4,4703.40,2,4703.50,2,4703.60,4,4703.70,4,4703.80,3,Buy,13,6,19,7.00,7.00,-2.00,1.40,57.1,4701.80,4703.20,4701.80,4702.60,54,54,108,0.00,20.00,-7.00,0.90,44.4,-24,45,20.0000,0.0000,-18.00,-24.00,4697.94,0.4268,UP,81.00,1.3333,1.6256
20260824 105356 155,4702.80,1,4702.70,4703.10,0.40,4702.70,1,4702.60,2,4702.50,3,4702.40,6,4702.30,4,4702.20,3,4702.10,4,4702.00,4,4701.90,3,4701.80,4,4703.10,2,4703.20,2,4703.30,2,4703.40,1,4703.50,3,4703.60,4,4703.70,4,4703.80,3,4703.90,4,4704.00,7,Sell,13,7,20,6.00,7.00,-2.00,1.40,71.4,4701.80,4703.20,4701.80,4702.80,54,54,108,0.00,20.00,-7.00,0.90,44.4,-24,45,20.0000,0.1667,-19.00,-25.00,4697.96,0.4331,UP,81.00,1.3333,1.6256
20260824 105405 143,4703.00,1,4702.90,4703.20,0.30,4702.90,2,4702.80,3,4702.70,1,4702.60,3,4702.50,2,4702.40,6,4702.30,3,4702.20,3,4702.10,4,4702.00,5,4703.20,3,4703.30,1,4703.40,2,4703.50,1,4703.60,2,4703.70,5,4703.80,3,4703.90,3,4704.00,7,4704.10,4,Buy,1,0,1,1.00,1.00,1.00,0.00,0.0,4703.00,4703.00,4703.00,4703.00,13,7,20,6.00,7.00,-2.00,1.40,71.4,3,24,0.1667,0.0000,-20.00,-13.00,4697.98,0.4395,UP,80.95,0.2471,1.5238
20260824 105405 149,4703.10,1,4702.90,4703.20,0.30,4702.90,2,4702.80,3,4702.70,1,4702.60,3,4702.50,2,4702.40,6,4702.30,3,4702.20,3,4702.10,4,4702.00,5,4703.20,3,4703.30,1,4703.40,2,4703.50,1,4703.60,2,4703.70,5,4703.80,3,4703.90,3,4704.00,7,4704.10,4,Buy,2,0,2,2.00,2.00,1.00,0.10,100.0,4703.00,4703.10,4703.00,4703.10,13,7,20,6.00,7.00,-2.00,1.40,71.4,3,24,0.1667,0.0000,-19.00,-12.00,4697.99,0.4426,UP,80.95,0.2471,1.5309
20260824 105405 149,4703.10,1,4702.90,4703.20,0.30,4702.90,2,4702.80,3,4702.70,1,4702.60,3,4702.50,2,4702.40,6,4702.30,3,4702.20,3,4702.10,4,4702.00,5,4703.20,3,4703.30,1,4703.40,2,4703.50,1,4703.60,2,4703.70,5,4703.80,3,4703.90,3,4704.00,7,4704.10,4,Buy,3,0,3,3.00,3.00,1.00,0.10,100.0,4703.00,4703.10,4703.00,4703.10,13,7,20,6.00,7.00,-2.00,1.40,71.4,3,24,0.1667,0.0000,-18.00,-11.00,4697.99,0.4426,UP,80.95,0.2471,1.5309
20260824 105405 149,4703.10,1,4702.90,4703.20,0.30,4702.90,2,4702.80,3,4702.70,1,4702.60,3,4702.50,2,4702.40,6,4702.30,3,4702.20,3,4702.10,4,4702.00,5,4703.20,3,4703.30,1,4703.40,2,4703.50,1,4703.60,2,4703.70,5,4703.80,3,4703.90,3,4704.00,7,4704.10,4,Buy,4,0,4,4.00,4.00,1.00,0.10,100.0,4703.00,4703.10,4703.00,4703.10,13,7,20,6.00,7.00,-2.00,1.40,71.4,3,24,0.1667,0.0000,-17.00,-10.00,4697.99,0.4426,UP,80.95,0.2471,1.5309
20260824 105408 729,4702.80,1,4702.50,4702.90,0.40,4702.50,2,4702.40,3,4702.30,3,4702.20,4,4702.10,5,4702.00,3,4701.90,3,4701.80,3,4701.70,2,4701.60,4,4702.90,1,4703.00,2,4703.10,2,4703.20,3,4703.30,3,4703.40,2,4703.50,2,4703.60,4,4703.70,4,4703.80,3,Sell,4,1,5,3.00,4.00,1.00,0.30,66.7,4703.00,4703.10,4702.80,4702.80,13,7,20,6.00,7.00,-2.00,1.40,71.4,3,24,0.1667,0.3333,-18.00,-11.00,4697.96,0.4331,UP,80.95,0.2471,1.5309
20260824 105408 731,4702.70,1,4702.50,4702.90,0.40,4702.50,2,4702.40,3,4702.30,3,4702.20,4,4702.10,5,4702.00,3,4701.90,3,4701.80,3,4701.70,2,4701.60,4,4702.90,1,4703.00,2,4703.10,2,4703.20,3,4703.30,3,4703.40,2,4703.50,2,4703.60,4,4703.70,4,4703.80,3,Sell,4,2,6,2.00,4.00,1.00,0.40,75.0,4703.00,4703.10,4702.70,4702.70,13,7,20,6.00,7.00,-2.00,1.40,71.4,3,24,0.1667,1.0000,-19.00,-12.00,4697.95,0.4299,UP,80.95,0.2471,1.5381
